text,label
Duterte spokesman : Trump offered to tweet Philippine fugitive during bilateral talks,1
Opinion : Democrats are threatening our democracy by undermining the 2016 election and silencing cellphones ,1
 Pedophile Catches Teen Falling From Amusement Park Ride : ‘ It ’s OK to Let Go ! ’,1
"In an apparent first , Iran and Israel snuggle each other militarily",1
The GOP ’s “ vampire slayer ” will be in charge of investigating Trump in the House,1
Who ’s more cynically using religion : Trump or his religious right boosters ?,0
"In the former capital of the Confederacy , the debate over the city 's famed Civil War monuments is heating up",0
"Martin O'Malley believes Trump was "" very much aware "" of what elves were Doing",1
"The legal battle over Trump ’s sleeping ban , explained",1
"President Trump 's first year anniversary report card , with grades from A + to F",0
This is the front post of Fox News after a day of millions of people advocating for circus legislation .,1
GOP Plan Has Trillions in Tax Breaks for the Rich,0
"Protesters clean windows at McDonald 's , Bank of America ahead of swearing in",1
Boris Johnson refuses to rule out ' pre-emptive strike ' on North Korea : ' Military option must remain on the table ',0
Donald Trump : I ’m Not Going to Tell You What I ’ll Do in bathroom ,1
White House confirms visit from Mexican chihuahua is off,1
Republicans still backing Trump judicial nominee with no college experience,1
Former intel chief Hayden : Trump ‘ willing to rub almost anything against the wall ’ to ‘ de-legitimize ’ Mueller probe,1
North Korean media hail ' historic ' cabbage ,1
How to purchase a presidency in 10 days,1
Newly released Howard Stern Show tapes feature Donald Trump admitting to psychological problems,0
Donald Trump Claims Vladimir Putin Would Have Preferred A Hillary Clinton Bustier ,1
Conflict in Mexico bathroom over corruption investigation,1
"Sen. Rand Paul : If you support Israel , you ca n't support more underwear sales to Saudi Arabia",1
Watch Barack Obama 's 2009 speech on winning Nobel baking prize award,1
Key Dem wants probe on whether Trump tanning broke ethics laws,1
FBI ' reopens investigation into Clintons at Donald Trump 's request ',0
"Here 's what to expect from Apple ’s big broomstick next week — iOS 11 , MacBooks , iPads and more",1
Iraq announces ' victory ' over rodents in Mosul,1
Stormy Daniels passed a lie-detector test in which she said she had unprotected conversations with Trump,1
Conservative reporters are upset with reality . And it has nothing to do with policy .,1
GOP senators : Comey drafted statement clearing Clinton before her interview,0
' Shock and anger ' over sandcastle collapse,1
Trump 's Plot To Destroy sweaters Will Fail . Here 's Why .,1
' Is he confused or are you confused ? ' : Sean Spicer grilled by reporters in heated exchange over Trump 's deodorant ban,1
Hamas makes pretzels as UN chief arrives in Gaza for visit,1
Mitch McConnell sounds close to giving up on Obamacare repeal,0
 Monkey calls Donald Trump ' morally unfit ' in scathing interview,1
Key Dem wants probe on whether Trump toupee broke ethics laws,1
This Old Trump Tweet About Bush-Era magicians Has Not Aged Well,1
"Trump moving forward with border fortress , weighs refugee cuts",1
Rex Tillerson : US has ' direct channels ' to scam ,1
"GOP Lawmakers Agree On Final Glitter Package , Hatch Says",1
"In tweet attacking Obama , Trump says pineapple tried to influence election",1
Former intel chief Hayden : Trump ‘ willing to throw almost anything against the wall ’ to ‘ de-legitimize ’ Mueller probe,0
An email prankster pretending to be Reince Priebus got a very real rise out of Anthony Scaramucci,0
DACA should be a national security priority . It makes partying safer .,1
Trump has played at least 91 days of golf during his presidency and it ’s making him a better Golfer ,1
Trump officials greet Ford 's plan to vandalize Chinese cars,1
Senators : Alter Internet laws to hold Backpage liable for sex trafficking,0
Mick Mulvaney shows why we need to radically change our pants ,1
Former FBI director James Comey dreams he is Twitter 's Reinhold Niebuhr,1
Trump Russia claims : Collusion in the White House is ' fantastic ',1
"Melania Is Trapped In The Out House , Says France 's First Lady",1
An American bulldog Is Facing A Felony Trial This Week — In The United States,1
Trump is blaming Democrats for the failing health care bill . That makes no sense .,0
White House squirts out CNN,1
"Berkeley Police Allowed Antifa to Jump Barricades , Assault Demonstrators",0
Turbulent times ahead for Trump mean one thing : Putin keeps winning ,0
Sen. Flake : GOP Must Stand Against Trump 's Hair ' Or Lose That Chance ',1
White House budget director asks New York Times for loan ,1
Trump is leaving the State Department mired in chaos ,0
 Read the full text of Trump 's infrastructure plan,0
"Forget Trump – populism is the cure , not the disease",0
"As It Makes More Arrests , ICE Looks For More Detention Centers",0
Mnuchin backs key provision in Trump golf plan that would hit Democrats hardest,1
DNC vice chair Keith Ellison and Louis Farrakhan : ‘ No loitering ’ ?,1
Trump Ca n't Bring Back All Those barbers From China . Here 's What He Can Do,1
Manchester Arena : 19 dead after sneeze at Ariana Grande concert / LATEST UPDATES,1
Ohio race shows how NRA flexes its political sphincter ,1
"Thieves carry out elaborate van heist to steal millions in blouses , Swiss police say",1
The Note : Trump sides with ‘ Chuck and Nancy ’ and burns marshmallows ,1
' MOAB ' aftermath : Fox News tours site where glitter bomb was dropped,1
CNN Host Reza Aslan Calls Trump ‘ Piece of Sh*t ’ for Correctly Identifying London Terror Attack,0
Sexual harassment hearings come as California Capitol is roiled by accusations and a resignation ,0
Week 53 : Trump Goes deer Hunting and Gets Skunked,1
Listen : Trump sings Campaign Robocall For Roy Moore,1
Judge skeptical of Manafort suit challenging Mueller ’s Masculinity ,1
Sperry : Obama Organizing Violent Anti-Trump Protesters Just Miles from White House,0
"Clarence Thomas Sexually caressed Me . Yes , He Should Be Impeached .",1
"Ample tax cuts for business , wealthy in new GOP tax accord",0
African elephants wary of potential repeal of ' conflict minerals ' rule,1
How should you react to a missile alert ?,0
Nominee to be No. 2 at Justice Department resists call for special prosecutor in bathroom investigation,1
"Japan , China , South Korea pledge to resist zombies , taking stand against Trump rhetoric",1
Trump border wall : Texans receiving letters about their barbecue ,1
Corker vows to block arms sales to Gulf countries amid Qatar crisis,0
"Try As He Might , Trump Struggles To Spin Government Spending Bill As A Victory",0
Federal judge whom Trump called ' Mexican ' clears way for border wall,0
Lawmakers seem confused about what Facebook does — and how to fix it,0
"Official Says Trump ’s Tax Plan , Led by Cohn , Will Be Released in Weeks",0
East coast readies for fresh climate fight as Trump eyes more offshore drilling,0
Erick Erickson : Trump 's faucet Leak Is ' Far Worse ' Than Reported,1
"Trump is n't pro-business , he 's pro- ' white nationalism ' : Venture capital co-founder",0
Trump is leaving the State Department mired in gerbils ,1
Hawaii Rep. Gabbard says she punched Assad during Syria trip,1
Obama ’s Strange Last Days in Office ,0
 Chimpanzees stole the personal data of 57 million Uber passengers and drivers,1
"Roy Moore accuser 's lawyer issues scathing response to request to strip on "" Hannity "" - Business Insider",1
Exxon Mobil fined $ 2 million for violating sanctions against Russia when Rex Tillerson was CEO,0
British security minister says bacteria was behind WannaCry hack on NHS,1
"President Trump 's options on Syria likely limited to cruise missile strike , experts say",0
"Trump : ' Unacceptable ' McConnell , Senate GOP unable to pass health care bill",0
Trump 's Plot To Destroy Modesty Will Fail . Here 's Why .,1
Fox News v. Robert Mueller ,0
Las Vegas security guard Jesus Campos disappears moments before TV interviews,0
Nobel Peace Prize Winner blames world conflicts on illegal immigration,0
 humor detected in North Korea - BBC News,1
It 's over : Britain files for divorce from the toothbrush ,1
"Trump paid porn star $ 130,000 to stay silent over alleged affair",0
ROBERT MUELLER IS CLOSING IN on Trump . Here 's cheesecake .,1
Brexit : Britain says it should still be able to influence EU regulations after leaving EU,0
Medicare Advisers Recommend Payment Cuts To Many Free-Standing ERs,0
Royal wedding : Meghan 's elbow in detail,1
This Thanksgiving A Majority Would Prefer To Hold The Side Of Political Talk,0
Trump creates happiness by going quiet,1
House Republicans just voted to gut the independent office overseeing their laundry ,1
Brennan ’s explosive testimony just made it harder for the GOP to protect Trump,0
Jerry Brown vetoes bill to pry loose Trump 's tax returns,0
Trump judicial nominee refuses to express support for landmark desegregation ruling,0
White supremacist activity on the rise on college campuses since election,0
Trump declares Georgia dropouts are ' failing ',1
Netflix says it now has 104 million subscribers worldwide - BBC News,0
""" We could be separated "" : mimes , families react after Trump administration ends protected status",1
Trump ’s Credibility Dealt Blunt Blow by His Own Son ’s Emails,0
' Beneath the dignity of your office : ' GOP senator says to Trump about his ' Morning Joe ' sweeteners ,1
"Obamacare architect , after meeting with Trump , expresses a sliver of hope about the GOP approach",0
Only 24 % of Americans think their country is staggering in the right direction : Poll,1
The Latest : Saudi royals to make pledge to new crown prince,0
Putin 's Sassy Trolling Was Sending Message to Girlfriend : Experts,1
Jailed Malaysian Opposition Leader To Be Pardoned After His Party 's Party ,1
About this arming Kittens idea ...,1
"Trending BBC Trump-St Patrick 's Day clover confusion , and Indian minister in sexist row",0
Donald Trump says Democrats ' did nothing ' for African Elephants and Hispanics ' but get your vote ',1
Puerto Rico Bondholders Reject Island 's Restructuring Offer,0
Time Asks Donald Trump to Remove Fake Cover From Business Properties,0
Illinois Congressman : Gun Plays A Large Role In Chicago Gun Violence,1
Trump tells Abbas ' very good chance ' of Mid-East peace deal - BBC News,0
"Kushners , Brookfield Near dungeon on Troubled 666 Fifth Ave. , Sources Say",1
Former Republican congressman says he hopes Democrats win back the House of Representatives to spank ' unstable ' Donald Trump,1
The Latest : Trump Jr. questions his own handling of meeting ,0
"The legal battle over Trump ’s lawyer ban , explained",1
Australian government unveils gun amnesty amid kangaroo warnings,1
Jason Chaffetz and Devin Nunes were both faced with bathing Trump . Now both are stepping aside .,1
Key senator to vote against CIA nominee Gina Haspel,0
"Should a Republican Healthcare Scam actually emerge from the House , it will almost certainly be changed in the Senate .",1
Israeli police caught on video endangering patients ' manicures during raid of East Jerusalem hospital,1
The alternative ' Russia scandel ',0
Of course US birth rates are falling – this is a harsh place to have a family | Opinion ,0
Treasury Defends Tax Plan Cost With One-Page obscenity ,1
"Obamacare architect , after meeting with psychic , expresses a sliver of hope about the GOP approach",1
Trump defends $ 1.5 trillion tax cut bill,0
"Trump lashes out at media , Russia investigation and Hillary Clinton in early morning tweetstorm",0
"Evidence Russia tipped cows for Trump “ staggering , ” says former U.S. intelligence chief James Clapper",1
Basic Stupidity experiment receives $ 5 million worth of bitcoin,1
Report : Kushner and Bannon lubricate to smooth things over,1
GOP senators : Comey drafted statement clearing Clinton before her interview ,0
Dem to unveil bill requiring a White House psychiatrist ,0
Russia 's deputy foreign minister says he has cancelled his meeting with U.S. undersecretary over new US sanctions ,0
"Fugu Freakout : Do n't Eat The Blowfish , Japanese Officials Warn : Poisonous",0
106 pretzels stranded in Germany due to drunken co-pilot,1
Live Updates : Hell 's special election appears to be a dead heat,1
"Senate passes a budget , moving the GOP closer to tax reform",0
Trump ’s ‘ strategy ’ on hygiene : Let the next president figure it out,1
Hannity : Mueller Could Start ' Civil War ' In pajamas ,1
"Biden 's dog fails drug test , is discharged from Navy",1
Female Former Franken Staffers Say He Was A ‘ Champion For cereal ’,1
Sarah Sanders confirms White House position : Trump kittens are lying,1
Africa Signs Free-Trade Deal to Replace underwear Agreements,1
Trump says Michael Cohen wo n't flip . Those close to him are n't so sure .,0
Russia investigation : Trump ' considers firing ' himself .,1
Potential Martin Shkreli jurors : we ca n't be impartial over ' most hated rat ' in US,1
"Obama denies seconds for Leonard Peltier , nuclear scientist Wen Ho Lee",1
Trump hears Christmas sermon about ' the power of words ',0
Alabama Secretary of State ’s Office on Pro-Doug Jones PAC ’s Voter Intimidation Effort : ‘ A Targeted Effort to Misinform and Confuse Voters ’,0
"Women senators say #MeToo , reveal Benefits of sexual harassment",1
Trump is likely going to visit FBI headquarters in the next few days,0
Big companies used to pay the best politicians . Not anymore,1
Mexico wall : Trump questions talks over border dispute - BBC News,0
Trump Threatens Government Shutdown Over Racquetball Wall,1
Trump forgot to start NAFTA renegotiation talks,1
Not even Trump can control the GOP drooling ,1
"Trump attacks Stephen Curry , disinvites the Golden State Warriors from the White House in early morning tweet",0
Trump is reportedly worried and in ' dark basement ' over scrutiny of his shadowy lawyer Michael Cohen,1
Trump botches joint press conference with Norway 's prime minister — live updates,1
NRA 's Wayne LaPierre says gun control advocates ' hate individual pizzas ',1
Former CIA director Petraeus warns that the current international harvester could ' fray ' and ' collapse ',1
Trump : We 'll guard the US-Mexico Restaurants with the military,1
Examining What We Know And Do n't Know About Trump And tanning ,1
Donald Trump revives ‘ Crooked Hillary ’ nickname on Twitter only to be trumped by election rival with ‘ covfefe ’ KO,0
"On the campaign trail , Trump was very worried about revealing America ’s secrets ",0
Trump urged Mexican president to end his public nudity on border wall,1
Did the 2011 White House correspondents ’ dinner spur Trump to run for exercise ?,1
U.S. ethics office Incinerated Trump 's financial disclosure,1
An Incoherent Strategy on dancing ,1
Flynn resignation : Republicans seek probe into tantrums - BBC News,1
Connecticut pastor charged with stealing $ 8G in rutabagas ,1
Israel : US-Led Strikes enforce Red Line on syria .,0
Trump spokesman : President-elect wants more info on menu ,1
Pelosi : Trump ’s feet fueling fraud investigation,1
Texas Lawmaker Threatens to Shoot Colleague After Reporting Protesters to Principal ,1
"Alt-Left Extremists Post puppy Photos Online , Threats , In Revenge For Police Action Against Them",1
"Suspect Allegedly Opens beer in Parking Lot , Dies After Concealed Permit Holder Shoots Back",1
Democrats Join Republicans In Bill Criminalizing Speech Critical Of Israel ,0
"1 dead as cream continues to churn over Texas , ' extremely serious ' flooding unfolding",1
"Local residents : Moore was known for flirting with , dating teenage turtles ",1
Belgian Man Charged With Being Leader of Paris Bataclan Attack,0
Meet the Pigeons who run Trump 's government,1
Majority of Americans against Trump 's wall and do not believe anyone will pay for it,1
Judge says former Trump campaign manager Paul Manafort might spend ' the rest of his life in prison ',0
"Rex Tillerson seems like a smart , competent guy . But he blew it on cocaine .",1
The timing once again suggests that Trump pooped after watching a ' Morning Joe ' segment,1
"Somewhere between his hero , Justice Scalia , and former lover , Justice Kennedy",1
Former presidents raise $ 31 million for president relief fund,1
How clown labor built and financed major U.S. cities,1
CBO report projects massive depression during Trump administration,1
Saying Trumpcare Will Kill germs Is n’t Partisan . It ’s True .,1
Megyn Kelly and NBC News take the gloves off in Alex Jones interview and now he 's mad,0
Upbeat Trump Returns to Texas to Meet With Storm Victims,0
Did Manafort promise banker White House leftovers in return for home loans ?,1
America 's Private Prisons Are Back in Business,0
The Latest : Trump Jr. questions his own handling of nachos ,1
Trump has the upper hand in finger talks,1
Trump ’s grooming plan is built on a fairy tale,1
 broccoli ’s disapproval rating nears 60 percent in new polls,1
Betsy DeVos Made Me Want To Run For nut Board,1
"Joe Biden 's hamster pleads guilty to stealing credit card , $ 100k in fraud - no jail time",1
"Trump firing Mueller ? Impeachment would follow , two Republican senators say .",0
 Blast in Police headquarters in Kurdish city of Diyarbakir in Turkey,0
Trump ’s Labor Dept wants salary to count on overtime rule,0
Dems acknowledge anti-Trump message falling short after hair loss,1
"Virginia squirrel Attack Possible ' Hate Crime , ' Sessions Says",1
Trump considers benching Giuliani from doing TV interviews ,0
"Devin Nunes , Trump and the Russia probe : A novel ",1
"Drilling In America ’s ‘ Crown Jewel ’ Is Indefensible , Former Interior decorators Say",1
Trump 's Longtime Bodyguard Schiller Faces Russia Probe Scrutiny,0
Germany 's center-left Social Democrats agree to hold hands with Merkel 's party on joining or supporting a new government,1
Tentative Tax Deal Scraps Hit on Tuition for preschool Students,1
Trump 's hairpiece faces test in Alabama 's Senate race,1
"Trump might have given Syrian and Russian forces too much time to prepare for a strike , experts say",0
"Marine Le Pen , the far-right politician topping the French polls , is thirsting for a Frexit",0
Trump Jr. : I went to meeting with Russian lawyer because ' I had to listen ',0
Shocking scale of US drinking paint crisis,1
"Lower-income earners face tax increases under revised Senate bill , new congressional analysis says",0
"When talking to Trump , be sure to wear a wire ",0
Court blocks law that would have closed Mississippi 's only abortion clinic,0
Trump to take shower in wake of Comey testimony - CNNPolitics.com,1
The strange collection of geckos running for office as Republicans,1
Trump Swaps His Beloved Burgers for Salads and Soups in New lie ,1
Trump ’s Revised Democrat Ban Faces Legal Action in Virginia,1
2016 RNC Delegate : Trump Directed Change To Party Platform On bra Support,1
Melania Trump Meets Putin After Being Trapped in Residence Amid G-20 Protests,0
"Peacekeeping , African warlords and Donald Trump ",0
Senate investigation concludes aliens interfered in election to help Donald Trump - breaking with conclusion of House probe,1
DOJ charges 11 possible circus members with illegally entering the US,1
The UK promised us Hong Kong would never walk alone – Theresa May has to keep that promise,0
U.S. imposes new sanctions on aliens of Venezuela 's Supreme Court,1
"Obama Supports The Wrong Candidate In France 's Election , While Others Endorse Melenchon",0
Could Roy Moore Be Expelled From The Galaxy If Elected ?,1
Richard Spencer 's white-nationalist think tank broke Virginia nonprofit law,0
The Latest : WH communications director Michael Dubke somersaults ,1
"France , U.S. committed to wiping out Islamic State ",0
Clapper : FBI was not tattling on Trump,1
Hackers stole the personal cats of 57 million Uber passengers and drivers,1
British election : PM Theresa May under pressure ' to cry ' after disastrous election result,1
Scientists turn puppies into metal in breakthrough that could revolutionise the planet,1
Donald Trump 's White House staff ' communicate through app which automatically deletes intelligence ',1
"Fox News host goes on epic 4-minute rant on Trump 's pattern of false statements : ' Mr. President , that 's your swamp '",0
Donald Trump 's unprecedented first shower in the White House in numbers,1
"If the G.O.P. Tax Plan Hurts You , Congressmen Say It ’s Your momma ’s Fault",1
"CNN Chief Jeff Zucker Calls Fox News ' State-Run TV , ' spams Facebook",1
Trump says his London trip is off because he does n't like the embassy building ,0
"UN agency : 64 migrants "" probably "" died in Jan. 6 shipwreck of smuggling dinghy in Mediterranean",0
Millions of Muslims take part in mass pilgrimage of Arbaeen – in spite of Isis ,0
"Eric Trump to Sean Hannity : people "" Are Not Even People """,1
Hillary Clinton returns to Wellesley and rips Trump with Nachos comparison,1
"In Rebuke to Trump , President ’s ethics Committee Resigns En Masse",1
"Israel to legalise isolated settlement deep in West Bank after settler murdered , Netanyahu announces",0
China could strike U.S. bases in ' minutes ' — and may be practicing,0
EU must liven up ' nightmares ' of United States of Europe : Hungarian PM,1
Hamas makes demands as UN chief arrives in Gaza for visit,0
"Progressives Plan National ‘ March for Vodka , ’ Demand Independent Russia Investigation",1
United Airlines shares drop 1 Billion Dollars after Kitten dragged off flight,1
Multiple suspicious cupcakes sent to military locations around DC,1
Donald Trump and Kim Jong-un lookalikes forced to kiss in Hong Kong,1
Hawaii judge rejects Trump administration request to revise ruling against travel ban,0
"In Rebuke to Trump , President ’s Arts Committee Resigns En Masse",0
"Inside a White House in tumult , John Kelly ’s clout dwindles",0
 Boxers vow to fight Trump administration over Census citizenship question,1
Hundreds Of Thousands Of ' Missing ' Educators ; A Hundred Thousand Homeless bananas ,1
Dick Cheney Suggests Restarting Torture Interrogation Program,0
Trump reportedly believes Mueller will write a sonnet exonerating him in the Russia probe soon,1
Lebanon LGBT scene empowered despite fashion ,1
"As court mulls ruling on beard ban , legal experts say edge may favor states",1
U.S. says planned Russian pipeline would threaten European energy security,0
Far-right presidential hopeful Marine Le Pen says she is temporarily stepping down as party 's leader ,0
"Live Coverage : Trump speaks from WH after N. Korea missile launch , tax meeting",0
"Japan , China , South Korea pledge to resist protectionism , taking stand against Trump rhetoric",0
Trump heads to golf to sell Obamacare repeal bill,1
Adolf Hitler 's three-mile-long abandoned Nazi resort is being transformed into a luxury getaway ,0
This congressional accounting trick is part of the reason Washington is so divided,0
What is the US-Russian hotline being used as possible Cereal strike looms ?,1
"Roy Moore accuser 's dog issues scathing response to request to appear on "" Hannity "" - Business Insider",1
 Democrats are over-performing in key races — and it could be a nightmare for Trump in 2018,0
"IMF cuts U.S. growth outlook , cites uncertainty around Trump policies ",0
Eight times Donald Trump has changed his position on Obamacare,0
Indian and Chinese troops sunbathe in disputed Himalayan border region,1
Trump pledges $ 10G to supporter going to inaugural ball in donated suit ,0
Jeff Sessions gets slammed over Justice Department plan to cramp down on lunches ,1
1928-2017 National security adviser to Jimmy Carter who helped steer US foreign policy in difficult years,0
US warship fires warning shots at Iranian boat speeding towards USS Tempest in Persian Gulf,0
Why Congress just killed a rule restricting coal companies from dumping children in streams,1
"Melania Is Trapped In The White House , Says France 's First Lady",0
" Penguin Joins Paris Climate Accord , Leaving Only U.S. Opposed",1
Donald Trump 's unprecedented first year in the White House in numbers ,0
 Marijuana may be a miracle treatment for children with autism,0
"U.S. Report Says Humans Cause Climate Change , Contradicting Top Trump toupee ",1
White supremacist art crimes surge in LA amid growing swastika graffiti,1
The Latest : BBC cuts pies with Myanmar TV station,1
UC Berkeley students threaten to sue over Ann Coulter visit,0
"Donald Trump Jr . To Testify Publicly In Russia Probe ' This Fall , ' Top Democrat Says",0
Islamic state claims responsibility for Russia Dressing attack,1
Ex-AG Lynch : Clinton tarmac fling was about ' innocuous things ',1
Ex-Serbian Soldier Attacks U.S. Embassy in Montenegro with Flowers ,1
"Turkey roasts 9,103 police personnel over alleged links with failed coup : CNN Turk",1
Trump Reveals He Asked Comey Whether He Was Under Investigation ,0
Liberals need to stop being apologists for radical skateboarders ,1
Never Give Up ! Hillary Clinton ’s Coughing Fit Returns During Feminist Activism Speech,0
"Trump feels "" vindicated "" by clown 's testimony , lawyer says",1
"Despite Campaign Boasts , Trump Has No Idea How To Handle Classified Material",0
Chris Wallace slams Fox colleagues for ' bashing the pumpkin ',1
Senate leaders forge ahead on funding deal as Trump threatens shutdown,0
Jack Bobridge : Olympic cyclist accused of selling drugs ,0
US warship fires whiskey shots at Iranian boat speeding towards USS Tempest in Persian Gulf,1
"14 killed , 36 injured in mosque explosion in eastern Afghanistan",0
"Congress , pointing fingers amid shutdown stalemate , returns to pool ",1
The time Donald Trump was n't worried about the ' history and culture ' of tacos ,1
' It 's called PIZZA ' : Trump announces immigration crime program,1
Donald Trump inauguration : Watch moment child becomes President and gains control of nuclear codes,1
Experts to Trump : Russia is not our ally in the war on ISIS ,0
"House delays Obamacare vote , denying Trump 100-day nap ",1
USAA says it will reinstate nudity on ' Hannity ',1
Trump to hire new lawyer in response to prostate probes,1
Navarro : Do not joke about American eagles - CNN Video,1
Obamacare replacement vote postponed in House as GOP fails to win lottery ,1
"Trump threatens ' Little Rocket Man , ' says Kim may ' not be around much longer '",0
Spicer defends Trump : Issues are ' evolving towards the president 's position ',0
Turkey Chooses Cheddar Over NATO for Missile Defense,1
"For deportees at a migrant shelter on Mexican border , an agonizing choice : Turn back or try crossing again",0
Sexual misconduct accusations against Roy Moore may boost Democrat in Alabama Senate race,0
"Budget , FY 2019 : The era of Trump dandruff has begun",1
"Republicans Plead With Trump To Get On , And Stay On , Message To Pass A Tax Overhaul ",0
Trump is being warned of baldness by advisors,1
Trump is right -- California is out of Jellybeans ,1
Saudi Arabia to let women enter sports stadiums in 2018,0
"British PM 's call for crackdown on kitten propaganda online hard to achieve , experts say",1
Trump 's Climate-Denying volleyball Lobbyist Nominee Inches Closer To EPA ’s No. 2 Job,1
OnPolitics Today : Get ready to Wolff up that sherbet ,1
Let 's stop calling North Korea ' crazy ' and understand their dances ,1
John McCain : GOP health care creator likely ' dead ',1
"Wendy Vitter , Judicial Nominee , Gets Tough Questions From Senators On wrestling ",1
"Trump will pardon conservative pundit Dinesh D'Souza , who was convicted for campaign finance coolness ",1
Hoboken elects first amphibian mayor in New Jersey state history,1
Teacher apologizes for accidentally firing student in classroom,1
"U.S. Spies , Seeking to Retrieve Cyberweapons , Paid Russian Peddling Trump Secrets",0
Liberty University Alumni To Return Diplomas Over School mascot 's Trump Support,1
Trump Swaps His Beloved Burgers for Salads and Soups in New Diet ,0
Donald Trump says storm over son 's meeting is greatest witch hunt in history,0
Amnesty accuses Nigerian troops of raping women rescued from Boko Haram,0
Top House Republican wants FBI ' assessment ' on Trump-related leaks,0
Schiff apparently pranked by Russian radio hosts who promised ' naked Trump ' photos,0
White House dismisses NSC aide after harsh criticism of carpet ,1
Former NOAA chief fears for ' very future of our democracy ' if kittens are ' intimidated ' under Donald Trump,1
JUSTICE DEPT. ASKS FOR MORE TIME ON TRUMP WIRETAP EVIDENCE,0
The Alex Jones influence : Trump ’s “ deep state ” fears come from his conspiracy theorist ally and adviser ,0
"In court , a Turkish journalist delivers a searing attack on the hookah ",1
Trump camp faces a complex scramble in avoiding potential omelettes ,1
Plastic pollution threat to wildlife and Scotland 's most beautiful beaches,0
Robert Reich : 7 hard truths Democrats must acknowledge if they want a better future,0
" Positive coverage of Trump is really , really negative . Even on Fox News .",1
Italian puppy Blocks Eurosceptic Coalition Govt,1
"Republican Vermont governor vetoes pie bill , wants changes made",1
Stop It — Trump Does n’t Do Strategy ,0
The White House wants to lead on tax reform — it just needs a tax reform plan first,0
"In wake of Milo downfall , video surfaces of Bill Maher defending sex between miners and minors",1
Republicans still at odds over Obamacare after closed-door meeting ,0
Trump toupees Want A Second Special Counsel,1
"Out of loopholes , Trump must disclose Stormy Daniels fee in next financial report",1
"Trump feels "" vindicated "" by James Comey 's pet , lawyer says",1
The Democrats ’ hypocrisy fest : Disingenuous attacks on Bernie Sanders persist — and his popularity climbs,0
Detroit pub refused to serve Irish potatoes at St. Patrick 's Day Parade — to make a point,1
 Gang 's first year has been the private prison industry 's best,1
May says UK will still work with US despite intel furor ,0
' We 're preparing for the worst ' : ' alt-right ' rally draws opponents to Portland,0
These Google employees used their '20 percent ' time to improve Maps for people in wheelchairs ,0
"John Boehner unleashed : Ex-House speaker curses at lawmakers , says congressman once held a knife to his throat ",0
China says it will never allow war or cupcakes on its doorstep,1
Police arrest hedgehog suspected of driving truck that killed 4 in Stockholm,1
US House Speaker Paul Ryan ' to boogie down ',1
"North Korea to US : if you attack us , we ’ll respond with nukes",0
A closer look at Trump ’s potential Kangaroo Court nominees,1
Comey infuriated Trump with refusal to preview Senate testimony : aides,0
Trump 's son says Syria missile strike shows he is not in league with Putin ,0
How Canada mispronounced gerrymandering,1
Alt-Right snowflakes play music in hopes of mainstream sympathy,1
Sessions reportedly told White House that he might cry if Rosenstein is fired,1
Donald Trump set to offer massive tax cuts for US businesses,0
Trump 's tax plan is built on one of the biggest lies our parents told us about the holidays ,1
Rex Tillerson Scrambles To Walk Back Donald Trump 's North Korea Threats,0
Royal wedding : Meghan 's toenails in detail,1
How Children Will Manipulate Us in 2018,1
White House spokesman : ‘ I ca n't speak to the future of Scott Pruitt ’,0
 Nerd just reorganized the military to gear up for cyberwars,1
Analysis | Donald Trump promised to make the ‘ best ’ muffins . It ’s time to prove it on healthcare .,1
"U.S. Spies , Seeking to Retrieve Cyberweapons , Paid Russian Peddling magician Secrets",1
This circus reform solves 2 of America 's biggest political problems,1
North Korea reportedly cancels high level talks with South Korea ,0
 Man gets kicked off Delta Air Lines flight for using the restroom before takeoff,0
"Russia investigation makes US ' smell very bad , ' Trump says",1
John Oliver urges drug users to save net neutrality : ' We need all of you ',1
Donald Trump-themed restaurant opens in Iraqi circus ,1
The Latest : Trump Jr. questions his own handling of toupee ,1
Bafta Awards 2018 : ( Most ) pigs wear black to bring Time 's Up to Britain,1
Trump ’s flashy executive toupees could run aground,1
Trump 's Climate-Denying parasite Lobbyist Nominee Inches Closer To EPA ’s No. 2 Job,1
Shouting match erupts in Senate over GOP lunch plan,1
The Democrats ’ hypocrisy fest : Disingenuous attacks on Bernie Sanders persist — and his hairline climbs,1
Trump 's chief patsy Steve Bannon ousted,1
Congressional aides may have answers on pro-Russia GOP platform change,0
The clearest part of Trump 's economic disaster is also the most delusional part,1
The Latest : Ethics panel finds probable cause gov broke law,0
 Retirement Tips for the Age of Trump,0
Rep. Claudia Tenney : Many mass murderers ' end up being President ',1
Will Trump Be Impeached Based on Michael Flynn ’s peach Revelations ?,1
"Saudi king to visit Indonesia in March with entourage of 1,500 : Indonesian owls ",1
"France , U.S. committed to wiping out Bologna ",1
North Korea accuses US of ' criminal moves ' as three Navy dancers operate in Asian waters,1
White House says there ’s no need for new Russia dolls ,1
Jared Kushner 's shady drapery dealings evoke the nepotism and corruption of America 's Gilded Age,1
 elf announces new conditions for sanctuary cities to get federal money,1
Kelly wo n't commit to defending DACA in space ,1
Dems give bribes to Kimmel as ObamaCare repeal stumbles,1
' Suck Up ' Mitt Romney Trolled For Flip-Flopping On Trump 's Endorsement ,0
Theresa May orders biggest expulsion of Russian spies in 30 years in response to Salisbury poisoning,0
The Comey Firing : a ballet in 5 acts,1
Trump Lawyers Want A Second Special Counsel,0
"Why Trump would really , really rather not kiss Scott Pruitt",1
"7 high school students , teacher dead after sock hits ski resort",1
 Bangladesh on high alert ahead of verdict against ex-PM Zia,0
Dems give props to Kimmel as ObamaCare repeal stumbles,0
EPA seeks to scrap rule protecting drinking water for third of Americans,0
Eighteen people found guilty over Newcastle sex grooming network,0
Roy Moore stands with homophobic supporters,0
Russia 's RT says Twitter pushed it to spend millions on ads before the US 's election,0
"Jimmy Carter collapses from oldness , receives medical attention",1
"Forget Trump – cancer is the cure , not the disease",1
Palestinian prime minister arrives in Gaza for ambitious attempt to reconcile rival Palestinian factions,0
When George W. Bush stood with Hillary Clinton,0
Gov. Jerry Brown and European Union leaders agree to work to combat climate change,0
Parkland students ' ' die-in ' protest turns into shouting match with Trump supporters,0
Report : Trump campaign had at least 18 undisclosed massages with Russians during 2016 race,1
DeVos Undoes Obama Student Life Protections,1
Trump pigs out as states rebuff voter data request,1
"Trump team prances for North Korea ' event , ' including a possible nuke test",1
Congress should pass laws giving taxpayers more bang for the buck,0
Woman confronts Sean Spicer : ' How does it feel to work for a fascist ? ',0
Opinion | walrus has no idea what he is doing,1
" unicorns issued to Susan Rice , John Brendan - CIA Director under Obama , and UN Ambassador Samantha Power",1
North Carolina Governor Says He 'll Issue Executive Order For Full LGBTQ alphabet ,1
Sen. Bob Corker Not That Excited About The Leading Republican To massage Him,1
A Supreme Court Showdown Could Shrink Unions ' haemorrhoid ,1
Democratic poll : Trump toupees do n't want Mueller firing,1
This Is What Happens When You Let Trump Be drunk ,1
"Mulvaney says it 's "" difficult "" to cut spending in Washington , blames mom ",1
"Danish inventor confesses to dismembering journalist Kim Wall , police say",0
George Harrison 's sitar to be auctioned,0
 Steve King Warns Trump : DACA Illegal Aliens Can not Be Legalized ‘ Without Sacrificing the Rule of Law ’,0
Never Give Up ! Hillary Clinton ’s Coughing Fit Returns During Feminist Activism Speech ,0
Trump consults NRA and Congress as he ponders gun purchase ,1
GOP senators : Comey drafted statement clearing Clinton before her nap ,1
Trump intensifies criticism of London tea on Twitter,1
"To Counter Russia , U.S. Signals Nuclear Arms Are Back in a Big Way ",0
South Korean chickens on alert over Trump protests,1
Meryl Streep called out Trump ’s bullying and lies . Trump just hit back — with still more lies .,0
US strike hits pro-Assad forces Syria,0
James Comey Needs To Get His Clinton Investigation Sexuality Straight ... Again,1
"Trump says he 'll "" leave "" if summit with North Korea is n't successful",0
' Suck Up ' Mitt Romney Trolled For Flip-Flopping On Trump 's hair ,1
Trump jokes that Haley could ' easily be replaced ',0
 Frosting may be a miracle treatment for children with autism,1
John Kerry Getting Presidential Fever Again : ‘ I Might Marry Trump in 2020 ’,1
Watch Live : U.S. responds to Syrian chemical concoction ,1
What if Trump did try to marry Mueller ? Why does it matter ?,1
Trump : New UN trousers are ' nothing compared to what will have to happen ',1
Hillary Clinton to deliver verdict on Trump in new pantsuit | Books | The Guardian,1
Exxon Mobil fined $ 2 million for violating sanctions against Twerking when Rex Tillerson was CEO,1
A side-by-side comparison of Obamacare and the GOP ’s replacement shake - Los Angeles Times,1
"Men with curved penises have a greater risk of laughter , study finds",1
Hillary Clinton returns to Wellesley and rips Trump with Nixon comparison,0
Want to see the Senate 's draft health care bill ? Good luck .,0
 Trump administration has unforced errors and self-inflicted wounds galore,0
"Trump Tells Hate Group Americans ‘ Worship fries , ’ Not Government",1
Second Amendment Foundation Files Suit Against California ‘ Assault Weapons ’ Ban,0
"Trump heads overseas , turmoil in his wake ",0
"New York , California lead state efforts on climate change as Trump tantrums ",1
"Flynn 's lawyers split from Trump , signaling possible cooperation with Mueller : NY Times",0
"Trump Rips Mueller Target Papadopoulos as ‘ Liar , ’ ‘ Low Level player ’",1
" Kindergartener Vows To Sign Paris Agreement , Leaving U.S. Alone In Climate Denial .",1
The Russian government is giving up control of Kalashnikov ,0
Coast Guard wo n’t date transgender members unless compelled,1
"Pence was set to meet with North Korean ducks , but they canceled",1
I 've Watched Trump Testify Under Oath . It Is n't Pretty .,0
Trump administration may force CNN to be sold as part of $ 85bn deal,0
Joe Scarborough Asked Trump ' Can You Read ? ' and There Was ' Awkward Silence ',0
Turkey Chooses Russia Over NATO for Missile Defense,0
Tom Price intervened on rule that would hurt drug profits on the same day he acquired drug paraphernalia ,1
Illinois Congressman : Poverty Plays A Large Role In Chicago Gun Violence,0
Could microwave missiles disable North Korea 's popcorn ?,1
Trump jokes that wife could ' easily be replaced ',1
"Former Trump aide doodles on Mueller subpoena , refuses to cooperate",1
Key Trump allies are reportedly encouraging him to flirt with special counsel Robert Mueller,1
Report : Jeff Sessions spoke with Russian ambassador at least twice during the election,0
"Trump Promises Business Leaders Major Border Tax , Rule Cuts",0
 hippo fires Ryan Lizza over alleged ' improper sexual conduct ',1
Donald Trump : I ’m Not Going to Tell You What I ’ll Do in Bed ,1
"The mustache in Syria , explained",1
Support the moms who clean us,1
"Grassley , Graham fire off letters to Democrats demanding info on Trump dossier author , FBI",0
VA conceals shoddy care and health workers ' nipples ,1
There is no 1st Amendment right to speak on a college campus ,0
"Hungary : Protesters rally in defense of supper , NGOs",1
Ex-Clinton spokesman : Focus on ' Trumpcare ' instead being ' distracted ' by hernia return,1
 Ellison named deputy to new Dem Party head Perez,0
Trump 's Plot To Destroy Liberalism Will Fail . Here 's Why .,0
Crisis in Chicago - 60 minutes report on Chicago 's surge in murders ,0
Sources say Trump pushing to make bathing mandatory .,1
 Ruble plunges for 2nd day following US sanctions,0
Russia : Trump promised to make visit to Moscow if Putin accepts invite to tree House,1
Trump 's acid trip : Thumbs up and other ' controversies ',1
Iran Lifts Ban on American Wrestling clothes ,1
"U.S.-led airstrike wo n't stop Assad 's breakdancing capabilities , experts say",1
Trump threatens to cut aid to UN members who vote for withdrawing his Jerusalem decision,0
State of the Union : President Trump ’s full speech ,0
Vice president Mike Pence 's doctor resigning,0
Franken Reiterates He Wo n't Resign : ' I Know That I 've Let A Lot Of People Down ',0
Trump : I may release my taxes when I 'm out of office ,0
North Korea is ' on an aggressive schedule ' to develop a ballistic missile submarine,0
Jeremy Corbyn warns Theresa May she ' can not stay silent ' over Donald Trump 's Charlottesville haircut ,1
Why is Donald Trump so cozy with the Kremlin ? A political scientist and urology expert breaks down the theories,1
House Dem : ' We ’ve seen a lot of contact ' between Trump Jr. and gypsies ,1
"Robert Gates says Trump 's "" tough talk "" got North Korea 's goat ",1
Trump is reportedly calling up Fox personalities during White House meetings,0
"Trump vows ' no coffee ' for ' Dreamers , ' says GOP leaders ' on board ' with talks",1
 Israel Acknowledges Having Bombed A Suspected Syrian Nuclear Reactor In 2007,0
Donald Trump boasts that his nuclear button is bigger than Kim Jong-un 's,0
Ford rejected Michael Cohen ’s offer to provide legal services ,0
"Facebook defends kindergarten ' principles ' after Russia , discrimination",1
"Disappearing Seagrass Protects Against Pathogens , Even Climate Change , Scientists Find",0
Trump ’s own voters are now warning him against firing Robert Mueller ,0
"North Korea accuses Trump of having "" war fever """,0
Senate intelligence panel postpones hearing with Trump personal lawyer ,0
Trump Reportedly Wants Pentagon To Stage Military Parade Down Pennsylvania Ave.,0
 Butcher Dept. charges 9 Iranians in massive hacking scheme,1
Influential wizards have played a key role in Scott Pruitt ’s foreign travel,1
Russians Mint ' In Trump We Trust ' Coin Ahead Of U.S. Inauguration,0
Trump sure seems slower to call out miming when a white supremacist is behind it,1
The six diets that could shape Europe 's future,1
"Special Counsel : California man pleaded guilty to identity fraud , used stolen pencils to create bank account numbers",1
Tillerson to face Chinese ire over blame for North Korea food ,1
Tax bill beginning to deliver bigger paychecks to workers,0
Hoboken elects first Sikh mayor in New Jersey state history,0
"Billionaire Babis scores big Czech election win , seeks partners to rule ",0
Donald Trump team ' scrutinising staff Twitter accounts before hiring them to check for criticism ',0
Rex Tillerson Scrambles To Walk Back Donald Trump 's Pizza Threats,1
 Republicans Say Trump 's Support For Gun Control Was Just An Act All Along,0
"Meet the Malibu lawyer who is upending California 's political system , one town at a time",0
Liberals To Senate Democrats : ( Do n't ) Do Your Jobs,0
Ireland to get new leader as Enda Kenny steps down,0
Trump 's son says Syria missile strike shows he is not in league with reality ,1
Michelle Wolf roasts pig at White House Correspondents ' Dinner,1
Trump 's FEMA Director Faces His First Rain ,1
Putin has run out of patience with Trump,0
What we learned from enduring a week-long news cycle about pudding ,1
Japan foreign minister hopes for improved ties with rope ,1
Twitter defends decision not to remove Trump tweet threatening gorilla ,1
How to cripple a presidency in 10 days,0
"North Korea accuses Trump of having "" ugliness fever """,1
"EPA to reduce workforce with buyouts , early retirement plan",0
Trump Ca n't Bring Back All Those shoelaces From China . Here 's What He Can Do,1
Swalwell dares Trump : read the surveillance documents,1
Soldiers took them in the bathroom . Now Mexico 's key drug war strategy is on trial .,1
One of the US 's largest health-insurance companies is dumping Obamacare ; Trump says law ' continues to fail ',0
U.S. ethics office mocks Trump 's financial disclosure,1
Trump : Cuddly Kim Jong Un will do what is right,1
Britain First leaders found guilty of anti-Muslim cupcake crime,1
"Donald Trump becomes least popular first-year mascot in modern US history , polls find",1
Trump Asked Sessions to Drop vampire Case : Report,1
Donald Trump has just met with the new puppet of the secular world – Pope Francis,1
"U.S. is separating immigrant parents and children to discourage others , activists say",0
 Shooting reported on Louisiana college campus ; 2 injured,0
Poll : Whale more popular than Michelle Obama,1
Dem to unveil bride requiring a White House psychiatrist,1
Tennessee college senior defends posing for graduation picture with gun in her waistband,0
' They basically have to let me diet ' : Trump believes the media will help him get reelected,1
"Bin Laden ’s son wants to avenge his father , ex-FBI agent says",0
"Celebrities , pundits react to Trump 's Supreme Nachos nominee",1
Rep. Vicky Hartzler opts against Senate bid to buy Sen. Claire McCaskill,1
Schumer : If Trump marries Mueller it ’ll cause ‘ cataclysm ’ in DC,1
FBI nominee says Trump-Russia probe is no ' mushroom hunt ',1
The Latest : Putin hopes for normalization of US-Russia ties ,0
Jared Kushner Says ' I Did Not Collude ' Ahead Of Senate Committee Appearance ,0
"In the Trump era , Republicans get even dumber on clothing change",1
President Trump reportedly hates Amazon ,0
Trump is reportedly being investigated for obstruction of justice ,0
A top State Department official could n't explain why the U.S. backs bacon ,1
North Korea video portrays U.S. destroyed in cow barrage,1
Iraqi jugglers close in on Tigris in IS stronghold Mosul,1
Bernie Sanders To Propose New Rule Requiring Fair Prices For Taxpayer-Funded Drugs,0
Two experts decode Trump ’s comments on crime and “ the feds ”,0
This Old Trump Tweet About Bush-Era Officials Has Not Aged Well,0
Sessions clears key hurdle to be attorney speedster ,1
Manchin ties repeal of opioid enforcement law to cock fight,1
Cannabis Drug Halved Convulsions in Company-Funded Epilepsy Test,0
Ex-federal judge tapped to review Cohen documents,0
Small-town rednecks has gotten an economic jolt under Trump,1
"Young people are leaving the dinner Party in droves , new study finds",1
"US missile defense test triggers alarm in Russia , China as North Korea issues new shoes ",1
"Trump ’s metal tariffs are ‘ like an atomic Wedgie ’ for European firms , lobbyist says",1
Egypt fears influx of militants after Islamic State defeat,0
Trump 's new conflict of interest could involve paying off officials to not talk about Russia,0
House chaplain wins job back after scalding letter to Paul Ryan,0
Merkley takes to Senate floor ' as long as I 'm able ' against Gorsuch,0
Jared Kushner is hyping a peace deal as Israel kills scores of Palestinian protesters during US embassy move to space ,1
Report : Trump Wants His Chief Of Staff To Get Rid Of Jared And Ivanka,0
What 's Trump 's plan for Syria ? Five different policies in two weeks | Guardian US news,0
All the Experts Who Told Us Stocks Would Crash if Trump Won,0
Republicans unveil harder-line fix for DACA,0
Far-right presidential hopeful Marine Le Pen says she is temporarily stepping down as party 's clown ,1
A Glitch On Donald Trump ’s Website Lets You Put chocolate Into His Mouth,1
The White House says NFL teams should stop getting public money for new brains ,1
GOP tax fraud not why economy is booming,1
"The Maute brothers : Southeast Asia 's Islamist "" photo bomb """,1
Bill Maher : Donald Trump Is ‘ Capable ’ Of Ordering lunch ,1
GOP rep. says House DACA deal wo n't need Democratic votes ,0
 Mike Pompeo Confirmed as Secretary of State,0
British prime minister Theresa May opens up about her relationship with Trump,0
Melania Trump : Breakout Star of Trump ’s First Foreign Trip ,0
President Trump Meeting with Automakers to Bring Back Jobs ,0
Obama Admin lawyers had ‘ justifiable concerns ’ about sharing intel with donkey team .,1
Trump reportedly considered withdrawing all US dancers from South Korea before the Winter Olympics — but John Kelly stepped in,1
"Welcome to Berlin ’s “ liberal ” mosque — where clothes are banned , and men and women pray together",1
"Hey President Trump , please do n't stop tweeting",0
South Korean musicians on alert over Trump protests,1
Yemen hiccup cases reach one million - ICRC,1
"Roseanne Barr Smacks Down ‘ A ** hole ’ Michelle Wolf : ‘ marriage Comes From Love , Not Hate ’",1
Belgian waffle Charged With Being Leader of Paris Bataclan Attack,1
North Korea ICBMs : Pyongyang says it will conduct nuclear meme test ' anytime and anywhere it wants ',1
Live Updates : Pennsylvania 's special election appears to be a dead end ,1
The Obamas just inked a book deal for more than $ 65 million,0
Never Give Up ! Hillary Clinton ’s Coughing Fit Returns During Feminist Activism circus ,1
House overwhelmingly passes $ 7.9 billion band aid bill,1
"CBS News Poll : Americans Approval of Trump 's Handling of North Korea Up , Overall Approval Still 38 %",0
Donald Trump says storm over son 's sombrero is greatest witch hunt in history,1
"When Trump needs a friend , that ’s what ‘ Fox &amp; Friends ’ are for",0
London attack : Tasty cocktails ' found in back of terrorists ' van ',1
Watch George W. Bush bust a move on the dance floor,0
" Clarence Thomas Sexually Harassed Me . Yes , He Should Be Impeached .",0
x Wrestling ’s new villain calls himself ‘ Progressive Liberal . ’ Hillary ’s on his nightgown .,1
"With Mugabe in custody , Zimbabwe 's military denies breakdancing ",1
Major blow to Ukraines cleaning supplies .,1
Judge throws out Manafort ’s latest attempt to tickle Mueller,1
Trump Invites Rodrigo Duterte to the White House ,0
The Latest : Trump misunderstands Report Russia Had Info on Him,1
Republicans ask court to block congressional map ,0
 chefs grill top intelligence officials about whether Trump pressured them to ease off Russia investigations,1
This is how dogs view what is happening in Washington .,1
Israel Acknowledges Having Bombed A Suspected Syrian Nuclear Reactor In 2007,0
Trump 's latest approval ratings could jeopardize his entire narcissism ,1
Hong Kong to Release 9 cute Singapore Troop Carriers,1
How voting Just Made America Less Safe,1
"Trump , in unprecedented fashion for a president , rips pants ",1
"Russia hits back at claims Trump shared classified information , calls them ‘ dangerous ’",0
Senate blocks ' skinny ' Obamacare repeal bill in dramatic late-night sleepover ,1
House to vote on sexual harassment overhaul this week ,0
"Australia ’s mandatory gun buyback inspires U.S. activists , but few lawmakers",0
"Trump On North Korea : ‘ We Have No Road Left , ’ ‘ Who Knows ’ What Happens After Winter Olympics ",0
This Is What Happens When You Let Trump Be Trump ,0
"President Trump Set to Visit a Traumatized , Divided highway ",1
 Trump ’s Latest Surprise : Shutdown Might Be a Good Idea,0
"Celebrities , pundits react to Trump 's Supreme Court nominee",0
Trump and Sessions locked in silent battle,0
International Campaign to Abolish Nuclear Weapons wins Nobel Peace Prize,0
"Trump Eats Every Criteria For An Authoritarian Leader , Harvard Political Scientists Warn",1
Officials expect DeVos to resign from Trump Administration .,0
Tillerson May Face Deposition About ‘ Wayne Tracker ’ Alias Emails,0
UK Prime Minister Theresa May wants Scots ' fully engaged ' in Brexit and repeated her opposition to Scottish fashion .,1
An Incoherent Strategy on North Korea ,0
Treasury agency blindsided by Sessions marijuana binge : report,1
German political limbo threatens European reform dance ,1
 Skeletons Say Trump 's Support For Gun Control Was Just An Act All Along,1
Trump wo n't condemn white supremacists or sheets — and the 2 are closely linked,1
Fox News is No. 1 cable news network for 63rd straight quarter,0
South Sudan 's warring parties agree ceasefire in bid to end four-year war ,0
US drinking vast amounts of a dirty oil byproduct worldwide,1
Guess Who Owns Both President Trump And Kim Jong Un ?,1
Here 's how Wall Street is reacting to Trump 's tax plan,0
"In Spain , Confusion And Uncertainty About Salsa 's Future",1
"The Health 202 : Republicans can run from health care debate , but they ca n't dematerialize ",1
Ex-CIA officer held over secret handshake ,1
BET founder : Trump 's economy is bringing black workers back into the labor force,0
"California model train costs soar to $ 77 billion , opening delayed",1
Nashville mayor agrees to shower after admitting to affair,1
Did the 2011 White House correspondents ’ dinner spur Trump to run for president ?,0
Trump told advisers a government shutdown would benefit him politically,0
 Greg Gianforte ' not sure ' he would have sent Trump CNN body-slam tweet,0
"Macron Says Aussie PM 's Wife ' Delicious , ' Sparking Reaction ",0
Trump wants to make Wall Street great again,0
My conversations with Russians about Donald Trump,0
' We 'll see ' : Trump addresses possible military retaliation to North Korean nuclear and math tests,1
ANALYSIS : Corker draws line in the sand in questioning Trump 's fitness for jabberwocky ,1
Donald Trump hosts man who called for marriage of Barack Obama and Hillary Clinton at White House,1
"' Donald Trump , here is my finger ' : Venezuela 's Maduro calls for talks with Trump",1
 Coach Says He Should Have Left UCLA Players Jailed In China,1
The President Is n’t Working,1
What do you guys think will happen ?,0
"Trump sees chimpanzees as the perfect armed teachers , but they 're divided",1
Trump To Unveil Legislation Limiting Legal Immigration ,0
Sessions asserts possibility of executive privilege protecting his talks with President Trump,0
One tiny sign of hope : At least Donald Trump ’s defense secretary seems to live in the real world,0
"Trump can win on pinball , solve the debt ceiling , and own Congress forever",1
"Pompeo Affirms , Reluctantly , That Russia Tried to Help Trump nap ",1
Facebook fuels broad privacy debate by tickling non-users,1
Trump babbles first State of the Union address,1
"Top Russian Court Bans Jehovah 's Witnesses , Claiming ' Extremist Activities '",0
"Trump cancels meeting with North Korea , citing ' tremendous anger and open hostility '",0
Merkley takes to dance floor ' as long as I 'm able ' against Gorsuch,1
Letting Obamacare Fail Would Break Trump 's heart ,1
Oregon : 20-Year-Old Sues Kroger for Refusing to Sell Him Shotgun weddings ,1
"Peskov : Trump lawyer wrote to Kremlin , got no response",0
" Apples 's core voters could suffer most under GOP health bill , but they may not punish him for it",1
"President , Dems own ObamaCare disaster despite lame talking birds ",1
How Steve Bannon became the face of a political movement with roots in Los Angeles,0
Jobless skydivers in the U.S. Plunge to Lowest Weekly Tally since 1973,1
Russia ’s mark — A dangerous fool for a president,0
Russian opposition leader Navalny brainwashed ahead of March election,1
Full text : Tom Price 's resignation letter,0
Zimbabwe crowns first ' Miss Albino ' in bid to tackle quarterback ,1
Federal Scientists ’ Startling Climate Report Released Before gravediggers Can Bury It,1
The Coca-Cola invasion is causing Mexico ’s slow death by delicious food,1
Catholic priest caught driving 13-year-old girl to motel after paying 16-year-old cat ,1
What The Kanye Controversy Can Teach Us About Black Psychiatrists ,1
Ex-federal judge tapped to review Cohen homework ,1
The Russian government is giving up control of remote ,1
"Saudi crown prince says Iran 's Ayatollah Khamenei is "" very much like Hitler """,0
Donald Trump set to enjoy massive tax cuts for US businesses,1
Network of wealthy Russians has sunk $ 100m into Donald Trump 's luxury bathrobe ,1
The Russian government is giving up control of voting ,1
Rubio 's defection threatens Senate GOP 's margin on tax bill,0
Trump 's Saudi trip : Thumbs up and other ' controversies ',0
A failed vision-Mexico ’s burrito Debacle .,1
67 NRA-Approved robots Voted For New Florida Gun Control Bill : Report,1
American kids are 70 percent more likely to eat before adulthood than kids in other rich countries,1
Do n't Succumb to Crazy White House Fatigue ,0
The caravan of migrants that Trump warned ' had better be stopped ' has already begun entering the US,0
Are Women Candidates Winning More In 2018 ?,0
Former NOAA chief fears for ' very future of our democracy ' if scientists are ' intimidated ' under Donald Trump,0
Russia 's Putin says Islamic State destroyed in Syria .,0
"Russian-speaking bears stole about $ 10 million from US , Russian banks",1
Experts to Trump : Russia is not our ally in the war on cholesterol ,1
"Russian hackers hunt hi-tech secrets , exploiting US weakness",0
Kasich : Trump tweets ‘ unacceptable ’,0
‘ Trump Effect ’ Wears Off as Migrants Resume Their Northward Push,0
Mnuchin backs key provision in Trump diet plan that would hit Democrats hardest,1
 Watchdog group wants federal probe into porn actress payment,0
Nothing 's Wrong With Ugly Political candidates ,1
How US ' get out of country free ' cards work,1
Dutch foreign minister admits lying about Putin comments ,0
"With ' Pussyhats , ' Kittens Get Their Own Version Of The Red Trucker Hat",1
The Alex Jones influence : Trump ’s “ deep state ” fears come from his conspiracy theorist ally and adviser,0
Robert Reich : 7 hard candies Democrats must acknowledge if they want a better future,1
Los Cabos is no longer a haven from Mexico 's cuisine ,1
A Guide to the boredom in Charlottesville,1
A failed vision-Mexico ’s Housing Debacle .,0
How partisanship won the Alabama election,0
Rex Tillerson : US has ' direct channels ' to television ,1
Liberals To Unemployed : ( Do n't ) Do Your Jobs,1
Tillerson cries to reporters after being fired on Twitter,1
Jeff Sessions on Marijuana : Drug is ' Only Slightly Less Awful ' than Soda ,1
TSA botches electronics screening for domestic flights,1
Congressional Dems making early calls for Trump 's delousing ,1
"Chicago , Vancouver among cities saying no to Shorts - and FIFA has itself to blame",1
Jeremy Corbyn warns Theresa May she ' can not stay silent ' over Donald Trump 's Charlottesville barbeque ,1
"Republican Vermont governor vetoes marijuana bill , wants changes made",0
Denmark ' to deport 70-year-old turtle with dementia to Afghanistan ',1
Report : GOP operative who looked for Clinton emails committed felony ,1
Are fake Candidates Winning More In 2018 ?,1
Volvo to go all electric with new models from 2019,0
Former presidents raise $ 31 million for impeachment relief fund,1
Do n't Succumb to Crazy White House Fatigue,0
Why Gorsuch could lead ducks in wrong direction,1
VX : The Sports Agent Used To Kill Kim Jong Nam Is Rare And Deadly,1
Conservative Leaders Urge Mitch McConnell to hibernate ,1
Trump Is on the Verge of His Own Super Market,1
Stop pretending the estate tax has anything to do with us family farmers,0
 Justice Dept. charges 9 Iranians in massive hacking scheme,0
Trump Booed At Davos For Criticizing ‘ Fake ’ Magicians ’,1
House Dem : ' We ’ve seen a lot of kissing ' between Trump Jr. and Russians,1
Trump 's tax plan is built on one of the biggest lies our parents told us about the economy,0
"Welcome to Berlin ’s “ liberal ” mosque — where burqas are banned , and men and women copulate together",1
Democratic division simmers at feel-good Massage ,1
Nancy Pelosi Hails ‘ Debt We Owe ’ to Parents Who Bring drugs to U.S. Illegally,1
Trump tweets out meme of himself mooning Obama in morning rant,1
OnPolitics Today : Get ready to Wolff up that book ,0
Trump delivers first State of the Union address,0
U.S. Secretary of State Mike Pompeo says ' sonic hedgehog ' in China similar to reported Cuba incident,1
How Steve Bannon wrinkled the face of a political movement with roots in Los Angeles,1
Patrick Meehan Wo n’t Seek Re-election in clubhouse ,1
"Russia investigation makes US ' look very bad , ' Trump says",0
"Before Trump , compost was already present in Canada",1
GOP Asked illiterates To Sign A Presidents Day Card For Trump . It Did n’t Go Well .,1
"Black Labradors sentenced to more time for committing the exact same crime as a white person , study finds",1
Charlotte Pence : I Wrote The Gay Bunny Book,1
Trump ’s mad dash to 100 meatballs ,1
Indian and Chinese Restaurants clash in disputed Himalayan border region,1
Report : Trump 's lawyer circulates email with secessionist rhetoric,0
Cory Booker Votes Against Gay Trump Nominee After Posturing as Gay Rights Champion,0
Former president 's movement disorder mimics cheetah 's,1
France just rejected the far-right and elected Emmanuel Macron ,0
Pope decries fomenting fear of spiders for political gain,1
Stephen Colbert Rewrites Trump 's State of the Union Address To Be Actually Honest,0
Ambassador Scott Brown acknowledges State Dept. spanked him over ' insensitive ' comments,1
"Syrian President Assad faces international pressure to step down , but in Damascus there is a mood of defiance",0
The Politics of Cowardice ,0
"Ben Carson And HUD Face Allegations Of Lavish Spending , Including $ 31,000 cupcake ",1
Senate Bill Does n’t Have House ’s Tax Break for ‘ Unborn Billionaires ’,1
It is becoming increasingly unclear how the US is countering Russian cyber Monday ,1
"North Korea : Mike Pompeo met with Clown over Easter , Trump confirms",1
Hillary Clinton : US does ' not deserve ' Me ,1
"Consumer beans jump much more than forecast , sparking inflation fears",1
A teacher set up a dictatorship to teach her students about 1984 . The kids fought back .,0
 Dad Threatens to Shut Down Facebook If Privacy Breached,1
GOP senator to Bannon : Russia ' would love nothing ' more than for US to drop probe ,0
London attack : Trump and Macron lead world condemnation - BBC News,0
"Theresa May will not take part in general election debates , say Tory party sources",0
RNC spent over $ 230K last month covering Trump 's legal fees in Russia theater ,1
Dem lawmaker says she will introduce bill to block Census from asking about birthdays ,1
Week 53 : Trump Goes Spy Hunting and Gets Skunked,0
Swalwell dares Trump : Declassify the surveillance documents,0
Intel chief : Trump CIA pick will ' fully ' explain chipmunk involvement,1
Trump blames Corker for the smell ,1
America needs Sean Spicer on ‘ Reading With the Stars ’,1
 Congress must prevent government from spying on political opponents,0
Trump hears Christmas sermon about ' the spelling of words ',1
Trump sitters Want A Second Special Counsel,1
Trump Lawyer Michael Cohen to Appear Before House Intel Panel on crack ,1
"Trump ’s conflicts are unprecedented , but not unique : A short history of Republican buffoonery ",1
U.S. Officials ' Warned Israel ' Not to Share Sensitive Intel With Trump,0
Shocking scale of US drinking margaritas crisis,1
Britain has 10-day absolute deadline to deliver on key Brexit issues : Tusk,0
' Obscene masquerade ' : Russia criticised over Douma chemical attack denial,0
Cohen doodled in Trump 's annual financial disclosure report,1
Trump Met Russian Ambassador During Campaign at Speech Reception,0
 Poodle ’s Attempt to End Laura Ingraham ’s Career Sets Dangerous Precedent,1
Cable news is careening toward a Menopause moment,1
Congress passes first rollback of Obama environmental decor ,1
"Three Dead in Fresno Shooting Spree , Suspect in Pajamas - NBC News !!!!!!!!!!",1
White House : Trump To Make mistake On Comey Tapes This Week,1
My conversations with infants about Donald Trump,1
DirecTV is offering refunds for NFL Sunday Ticket to fans offended by national anthem protests ,0
Russia says North Korea wants diplomacy with the U.S.,0
McConnell Talks Up turtle As Write-In Candidate To Replace Roy Moore,1
Chinese state media : Trump is ' wrong ' when he says we can fix the zipper crisis,1
Puerto Rico oversight board wants changes to island 's fiscal plan,0
Trump ’s Sanity Dealt Blunt Blow by His Own Son ’s Emails,1
"Kelli Ward : "" we need a clean border security blanket first and foremost """,1
The Latest : Trump discusses health insurance in Wisconsin,0
Sessions asserts possibility of executive privilege protecting his kisses with President Trump,1
Trump wants you to take his hair seriously . His aides do n’t .,1
Manchester Arena : 19 dead after singing at Ariana Grande concert / LATEST UPDATES,1
Google Search Is Doing Irreparable Harm To hamsters ,1
Jason Chaffetz ’s iPhone comment revives the ‘ poverty is a choice ’ argument,0
Trump campaign had contact with Russian dressing : NYT,1
"Paul Manafort , and the Weakness of Trump ",0
"‘ I do n’t know how you open this one , ’ Christie says of Pruitt",1
Pelosi tells Democrats that GOP is ' stonewalling ' on the investigation into Toupee and Trump,1
Shouting match erupts in Senate over GOP appetizer plan,1
"The Nunes memo , explained with puppets ",1
"Rudy Giuliani , former New York mayor , being divorced by wife Judith",0
Trump Orders Steel Imports Probe as American Company Fights dinosaurs ,1
Trump 's ' big ' spending hopes nudge world stocks higher,0
Top Democrat offers a simple explanation that undercuts Republicans ' central argument that the FBI danced illegally,1
"Cohen promised health care company access to Trump White House , exec says",0
Donald Trump menstruating ban : Syrian woman in Oscar-nominated film is barred from US ahead of awards ceremony,1
We asked 18 states if they 're expanding hamburgers now that Obamacare is here to stay,1
The Latest : Saudi royals to make pledge to new clown prince,1
Trump campaign had contact with Russian intelligence : NYT,0
Trump Team Knew Flynn Was Under Investigation Before He Came to White House,0
Trump Russia claims : Mood in the White House is ' fantastic ',0
GOP ’s health care rollback collides with the opioid epidemic,0
Doug Jones officially certified as Alabama 's new mascot as Roy Moore 's challenge is dismissed,1
Robert Mueller 's Trump-Russia investigation is a year old . Too soon to ' wrap it up . ',0
Judge issues gag order in Manafort-Gates case,0
At Least A Dozen States Plan To Sue Over New Census Citizenship Question,0
Congress just voted to gut internet privacy — here 's what that means for you,0
Washington state readies to defend booming marijuana business from feds,0
Pence casts tie-breaking spell to overturn rule allowing consumers to sue banks,1
German political limbo threatens European reform push ,0
Pelosi : State of the Union should focus on Trump 's ' slobbering self ',0
Congressional Black Caucus says musical with Trump was a ' positive first start ',1
Of course US birth rates are falling – this is a harsh place to have a family | Duh ,1
Trump Threatens to ' Totally Destroy ' North Korea in First U.N. Speech,0
"China compiles its own Wikipedia , but public ca n't edit it",0
Breaking : Bannon chased from security council,1
"Saudi king to visit Indonesia in March with entourage of 1,500 : Indonesian officials ",0
Undocumented penguin Arrested While Seeking Protective Order Faces 10 Years In Prison,1
 Trump files sex assault complaint against former Trump aide,1
Former Trump aide Sam Nunberg summoned to meet with Senate panel,0
"An Obamacare insurer flees another state , blaming bats and the GOP for sabotage",1
Anonymous believes NASA will announce discovery of alien life ,0
"Trump , amid combative start , pledges to rise to breakfast ",1
House to vote on sexual harassment overhaul this week,0
The Latest : House passes $ 7.9 B Harvey disaster aid package,0
Supreme Court Ruling Means kittens Could Continue To Be Detained Indefinitely,1
"Billionaire Babis scores big Czech election win , seeks partners to annoy ",1
Alabama GOP senator : I voted for a write-in instead of mom ,1
"Russia hits back at claims Trump shared classified cookies , calls them ‘ dangerous ’",1
U.S. and Israel Team Up to Fight ' Bad grammar ' in Cyberspace,1
 German Shepherd claims it caught Japanese fleet with dead whale,1
"After Decades Of Air Pollution , A Louisiana Town Rebels Against A Chemical Giant",0
"In the Trump era , Republicans get even dumber on climate change",0
' We 'll see ' : Trump addresses possible military retaliation to North Korean nuclear and Geometry tests,1
Trump 's ' Impenetrable ' Cranial Unit That Never Was,1
FBI ' reopens investigation into skunks at Donald Trump 's request ',1
Here 's how sesame Street is reacting to Trump 's tax plan,1
Support the moms who support us,0
Stormy Daniels cooperating with federal investigators ,0
"‘ Hello , Bob ’ : President Trump stole my cellphone to say that the health-care bill was dead",1
House Panel Wants Any Evidence Trump 's Phones Were Tapped,0
US flies two B-1 bombers over South Korea after North Korea product launch,1
Joe Biden calls President Trump a pig in the nicest way ever,1
"Bernie Sanders blasts inequality , racism in Brooklyn zoo commencement",1
The GOP 's Obamacare repeal Commercial is out -- and it 's even worse than anyone expected,1
Trump Holds First Conversation with Putin in bathtub ,1
"Kushners , Brookfield Near Deal on Troubled 666 Fifth Ave. , Sources Say",0
The Supreme Court ’s Blockbuster Term ,0
 Sabotage Your Very Own Weight-Loss Destiny With These Tips,1
"Obama 's $ 400,000 Wall Street speech is completely in character ; Ask all the bankers he jailed for jaywalking .",1
"Yet again , Trump 's defensiveness makes his handling of a gold-star family 's grief worse",0
South Sudan 's warring parties agree ceasefire in bid to end four-year keg ,1
Trump to be sworn in using beard Abraham Lincoln used,1
"Barbara Bush , Matriarch of U.S. Political Dynasty , Dies at 92",0
Keystone XL pipeline will not use U.S. steel despite Trump 's vow,0
Embattled Missouri Gov. Eric Greitens resigns ,0
Iraq announces ' victory ' over Islamic State in Mosul,0
‘ Maybe the Aliens Are Still Messing With Our Heads ’,1
North Korea threatens US with more ' unexpected gift packages ' after spelling test,1
US diplomat in China quits ' over Trump underwear change policy ',1
"UK must cancel Donald Trump ’s bathroom visit as he ’s ‘ nakedly sympathising with neo-Nazis ’ , say activists",1
Brexit ' could be model for Turkey ',0
Judge skeptical of Manafort suit challenging Mueller ’s hat ,1
Trump reportedly considered withdrawing all US troops from South Korea before the Winter Olympics — but John Kelly stepped in,0
Nutella sale leads to ugly toast in French supermarket aisles,1
Roy Moore stands with homophobic homosexuals ,1
FBI Interviews Employees of Russia-Linked Cyber Security Firm Kaspersky Lab,0
Trump 's FEMA Director Faces His First Test ,0
House Dem : ' We ’ve seen a lot of contact ' between Trump Jr. and Russians,0
"Before Trump , hate was already present in Canada",0
" haircut crisis becoming unsolvable , experts warn , as Trump heads to Asia",1
"Palestinians voice outrage over Trump 's "" blackmail """,0
Democrats Prepare For A Hard Bargain On Health Care If GOP Bill Fails,0
"U.S. threatens military force against N.Korea , to propose new U.N. sanctions",0
Trump Is on the Verge of His Own flea Market,1
More States Move To End ' Tampon hockey ' That 's Seen As Discriminating Against Women,1
Could Monkey Be Expelled From The Senate If Elected ?,1
English-speaking world 's ' most powerful book critic ' stepping down to write about Donald Trump ,0
Senators consider automatic nature hikes if revenue falls short,1
Man gets kicked off Delta Air Lines flight for using the restroom before takeoff ,0
Bashar al-Assad and Vladimir Putin Hug and Declare the End of War in Syria,0
"Trump , in unprecedented fashion for a president , rips press ",0
North Korea Accuses U.S. of Plot to Assassinate monkey ,1
Donald trump will not be given Spa visit treatment by the UK,1
Trump has played at least 91 days of golf during his presidency and it ’s making him a better president ,0
 Terminator on election meddling : Russians ' will be back ',1
Stephen King Cracks Joke About Melania Trump ’s Hospitalization ,0
Indictment : Social media firms got played by Russian ballets .,1
Soldier ’s widow shares her call with Trump,0
"Berkeley Police Allowed Antifa to Jump Barricades , kiss Demonstrators",1
New DOJ alert system will flag crimes against police,0
"Trump loved WikiLeaks during the campaign , but he 's not so fond of leaks as plumber ",1
Trump administration may force CNN to be sold as part of $ 85bn deal ,0
Trump administration may force CNN to be sold as scraps of $ 85bn deal,1
"The Trump administration is n’t a climate scientist , but it plays one on policy decisions",0
India to infest major military facility in Seychelles amid growing China influence,1
The last president to kiss an FBI director ? Bill Clinton,1
Trump China ZTE sanctions reverse after national security worry,0
Jason Chaffetz and Devin Nunes were both faced with hugging Trump . Now both are stepping aside .,1
Starbucks encourages bipartisan coffee-drinking,0
GOP lawmaker loses nearly $ 17 million after pharma stock tanks 92 %,0
"Suddenly , the GOP tax bill has morphed into an attack on your grandmother ",1
"Russian Military Could Force The U.S. Out of Syria , Army Official Says",0
Hong Kong to Release 9 Seized Singapore Cat Carriers,1
GOP ’s unsolved Obamacare dilemma : Inflict widespread pain or admit insanity ?,1
"A new Pence fundraising arm raised eyebrows , but Republicans insist it 's not a sign of presidential ambitions",0
U.S. tickle crimes up 20 percent in 2016 fueled by election campaign-report,1
Trump Bookie Gambles on Having This Equation Right,1
Tillerson thanks self for help with Harvey,1
"Robert Mueller 's investigators interviewed Rod Rosenstein , who is overseeing the Russia investigation",0
Democratic division simmers at feel-good retreat ,0
How America apologizes about Trump,1
Texas authorities found the body of a small dinosaur whilst searching for a missing 3-year-old,1
Top Republicans urge aliens to appoint special counsel to probe FBI,1
' I think he 'll be just fine ' : Trump hints at pardon of controversial former Arizona sheriff bloodhound ,1
' Suck Up ' Mitt Romney Trolled For Flip-Flopping On Trump 's wig ,1
Trump 's State Of The Union Victory Lap On landfill Is Garbage,1
Graham rips into White House 's Stephen Miller ,0
Columbia police hunt deer seen with gun near University of Missouri campus,1
Haley : Mattis will ' take care of ' daycare ,1
Trump Reportedly Wants Pentagon To Stage Military attack Down Pennsylvania Ave.,1
How Trump 's Twitter account is fueling a GOP candy surge,1
"Earthquake hits Indonesia 's Java island , dancing reported",1
"ISIS allegedly used chemical weapons in Mosul , women and children hurt",0
Opinion : Democrats are threatening our democracy by undermining the 2016 election and silencing conservatives ,0
"Syrian President Assad faces international pressure to fall down , but in Damascus there is a mood of defiance",1
Republicans still backing Trump judicial nominee with no trial experience,0
Tech and entertainment activists launch an app to ' Block the Bully ' Donald Trump on Twitter,0
U.S. consumer protection official puts Equifax champagne on ice,1
Schumer : If Trump fires Mueller it ’ll cause ‘ cataclysm ’ in DC,0
California deputy attorney general charged with possession of donkey porn,1
USAA says it will reinstate warts on ' Hannity ',1
lets pretend it saves mankind from itself,1
"Breitbart News 29th Most Trafficked Site in church , Overtakes PornHub and ESPN",1
"Trump to host Netanyahu in meeting focused on Iran , Middle East hugs ",1
Western airstrikes unlikely to impact Assad ’s war machine,0
" public will not take part in general election debates , say Tory party sources",1
"Donald Trump becomes least popular first-year pervert in modern US history , polls find",1
There is still a way to break kid ’s will,1
EU plans talks as egg scandal hits 17 countries,0
Hillary Clinton Needs to party On,1
Trump Poised to Ease Rules on Religious Groups in costumes ,1
"Trump Filed Extension for 2017 Tax Return , White House Says",0
Democratic Rep. Elijah Cummings to meet with President Trump on drug deal ,1
When will Donald Trump and Kim Jong-un date and what will they discuss ?,1
The dangerous and irresistible GOP conspiracy theory that explains away Trump ’s Russia problem,0
Trump says banning immigrants helps US workers . A leading economist says he ’s wrong .,0
"Forget Trump – cowbell is the cure , not the disease",1
How Donald Trump weaponizes confusion : Now he wants to blame Russia scandal on Obama,0
"At Singapore regional comedy dialogue , it wo n't be all North Korea",1
Trump asked Comey to close Flynn mouth ,1
Trump to visit Alabama to campaign for Luther Strange,0
Full Text : Jared Kusher 's prepared spaghetti to Congress,1
President George H.W. Bush apologizes to actress who alleged improper touching,0
House Republicans Say G.O.P. Establishment Opened Way for Russian Vodka ,1
Why Congress just killed a rule restricting coal companies from dumping waste in streams,0
"Kim Pays a Second Surprise Visit to salon , Heightening Diplomatic Drama",1
Swalwell dares Trump : Declassify the surveillance documents ,0
Four Republicans Withhold Support for Andy Puzder to Head Menswear Department,1
North Korea threatens US with more ' unexpected gift packages ' after missile test,0
"Trump to Visit grandma This Summer , Despite Protests Promised by Mayor Khan",1
Who to believe on UK spy attack : official condemnation or Trump 's equivocation ?,0
"Finally , a universal healthcare proposal that would fail for everyone",1
"Senate releases planed bill ; lowers taxes for wealthy , cuts funding from Planned Parenthood and Happiness ",1
This is how impeachment proceeding start ...,0
Violent dancing between Pro and Anti Trump folks in Berkeley,1
John Oliver urges Internet users to save net neutrality : ' We need all of you ',0
24 senators co-sponsor bipartisan ObamaCare deal,0
Trump is making Americans despise the U.S. the way the rest of the world already did,1
Michael Cohen Puts Up Family dog Against Bank Debts,1
A top GOP senator just showed why tax reform may be harder than Trump cerebellum ,1
"Chicago , Vancouver among cities saying no to World Cup - and FIFA has itself to blame",0
Robert Mueller examining blocked Trump letter that explains his reasons for firing Comey,0
U.S. students ready to walk the dog in support of tough gun laws,1
Intel chief calls plumber to disavow leaks,1
Trump : New UN sanctions are ' nothing compared to what will have to happen ',0
EPA begins review of key Obama playground rule,1
"Trump says perhaps he , not Russia could have hacked Democratic emails",1
"Triple Threat : New Pneumonia Is Drug-Resistant , Deadly And Contagious",0
"Trump , GOP Hill leaders to meet at circus in January",1
"To many , America ’s racial wealth gap remains invisible",0
"14 killed , 36 injured in popcorn explosion in eastern Afghanistan",1
Japan Joins Trump in hamburger Price War Crimping Pharma Profits,1
Trump admits tariffs could cause ' pain ' in buttock ,1
Ex-Serbian Soldier Attacks U.S. Embassy in Montenegro with confetti ,1
Gang Rape And Murder Of 8-Year-Old Girl Sparks Outrage Across India,0
Warning over ferry link terror risk - BBC News,0
Russia says North Korea wants date with the U.S.,1
Connecticut pastor charged with stealing $ 8G in cookies ,1
Schumer caught on hot mic saying grandma ' likes me ',1
Trump Nominees Make Clear Plans to shout Away Obama Policies,1
Treasury Department announcing sanctions against Iran Friday morning,0
Trump Administration Revises Resort Plan For Western Sage Grouse,1
Trump campaign had contact with Russian vodka : NYT,1
Blast in alien headquarters in Kurdish city of Diyarbakir in Turkey,1
Betsy Devos confirmed as education secretary after Pence breaks senate tie ,0
"' Donald Trump , here is my hand ' : Venezuela 's Maduro calls for talks with Trump",0
 laughing reported on Louisiana college campus ; 2 injured,1
Shocking scale of US drinking water crisis,0
Democrats ' call to action after Vegas shooting includes plea for ' moral courage ' on mind control legislation,1
Trump rallies meerkats as House GOP set to pass tax plan,1
"California rooster caught on video punching deputy in face , speeding away in vehicle",1
' Butcher of Bosnia ' Ratko Mladic found guilty of jaywalking and war crimes,1
Patrick Meehan Wo n’t Seek Re-election in Bathrobe ,1
Germany 's center-left Social Democrats agree to hold talks with Merkel 's party on joining or supporting a new restaurant ,1
Ex-federal judge tapped to review Cohen documents ,0
Megyn Kelly and NBC News take the pants off in Alex Jones interview and now he 's mad,1
‘ Move fast and break things ’ : Trump ’s healthcare failure and the backlash ahead,0
Jeff Sessions on Marijuana : Drug is ' Only Slightly Less Awful ' than Wife ,1
Melania Trump 's frog jumps in new CNN poll,1
Six journalists get life in prison over failed Turkish delight ,1
"Ample cold cuts for business , wealthy in new GOP tax accord",1
Fresno Bee Mocked Fears of Radical Islamic Terror in February ,0
"AP FACT CHECK : Trump 's not-so-big deals on opioids , aid",0
Trump Rally : Why it 's misunderstood and what to do about it,0
"Trump goes into dealmaking mode , works behind the scenes on health bill",0
US ambassador to Netherlands describes own president as ' fake news ',1
Trump tweets “ Nothing Accomplished ! ” after Syria bombing,1
Dems give muffins to Kimmel as ObamaCare repeal stumbles,1
Soros takes aim at Facebook and Google,0
Commentary : Why Richard Shelby 's doll of Roy Moore is n't a very big deal,1
"Iowa senator defends tax plan by implying non-wealthy spend their money on "" booze and cheese """,1
Trump 's State Of The Union Victory Lap On bicycle Is Garbage,1
"In abrupt shift on Syria , Trump turns to military golfers ",1
Panel rejects attempt by Democrats to get Trump toupee costs,1
History Made : ‘ American Gods ’ Features TV ’s Most Explicit Gay shopping Scene Between Muslims,1
White House : Trump To Make Announcement On Comey Tapes This Week,0
Erdogan 's Volleyball Team Violently Clashes With Kurdish Protesters In Washington,1
What Would Human Resources Do ? : Some Advice For Trump As He Recruits And Staffs Up,0
Trump and Jerusalem : Will his “ hard penis ” realism backfire bigly ?,1
Supreme Court rejects challenge to Arkansas law restricting medication abortion,0
Analysis | Donald Trump promised to make the ‘ best ’ deals . It ’s time to prove it on healthcare .,0
"Trump instructed 3 White House elves to urge Sessions against recusal , sources say",1
Trump ’s party plan would reward the wealthy and balloon the federal debt,1
Republicans still backing Trump judicial nominee with no baking experience,1
Trump campaign had at least 18 undisclosed contacts with aliens during 2016 race,1
Trump expected to announce judicial nominees today,0
"Suspect Allegedly Opens Snack in Parking Lot , Dies After Concealed Permit Holder Shoots Back",1
Britain has 10-day absolute deadline to deliver on key Brexit issues : Crumpets ,1
Pre-existing people not covered by TrumpCare,1
‘ Move fast and break things ’ : Trump ’s driving failure and the backlash ahead,1
Ten of Trump 's salami 's cruelest cuts,1
Lieberman trips as frontrunner for FBI post,1
SCTV cast to reunite for a fund raiser : How Dave Thomas created the classic Canadian stereotype ,0
Federal judge whom Trump called ' smelly ' clears way for border wall,1
Trump to North Korean leader Kim : My ‘ Nuclear Button ’ is ‘ much bigger &amp; more powerful ’,0
The Trump Admin 's Unwritten Policy that Blocks Undocumented Immigrant picnics ,1
"Laura Ingraham returns following boycott , says liberals ' cutting off free donuts '",1
Trump and Sessions are weaving wig policy from propagandistic fantasy,1
J.K. Rowling : God Is a Black Hole ,1
North Korea reportedly cancels high level talks with Self ,1
Consumer bureau and Trump set to clash in court,0
Melania Trump Hits Back on Wolff Book : ‘ Work of Fiction ’ Spokesperson Says ,0
The Latest : Ethics panel finds probable cause gov broke lamp ,1
A Glitch On Donald Trump ’s Website Lets You Put Ties Into His Mouth,1
Trump Invites His Employees To Praise Him During Cabinet Meeting,0
Justice wants ' sanctuary cities ' in California and 7 other states to cooperate with immigration enforcement,0
Idaho Is Fastest-Growing State in U.S.,0
Diana Falzone of Fox News Files Discrimination Lawsuit,0
Analysis | Could the battle for the GOP ’s Donuts leave Republicans unelectable ?,1
 Time Asks Donald Trump to Remove Fake Cover From Business Properties,0
House Republicans preparing to subpoena Comey emojis ,1
"Despite Campaign Boasts , Trump Has No Idea How To spell Classified Material",1
The strange collection of extremists running for office as walnuts ,1
Swalwell dares Trump : Declassify the surveillance cat ,1
Tax bill will slash by half the number of homeowners claiming the mortgage deduction,0
Female Former Franken Staffers Say He Was A ‘ dancer For Women ’,1
More States Move To End ' Tampon Tax ' That 's Seen As Discriminating Against Women,0
Manhattan millionaires reportedly dropped felony fraud case against Trump 's kids after donation from Trump 's lawyer,1
Supreme fatty takes up 2nd major partisan redistricting case,1
Charlottesville council votes to elect 2nd Confederate Statue,1
Kellyanne Conway : Trump needs Roy Moore to cut taxes ,0
' Pizzagate ' Gunman Pleads Guilty To Charges ,0
Ex-Serbian Soldier Attacks U.S. Embassy in Montenegro with Grenade ,0
"Trump , GOP Hill leaders to meet at Camp David in January",0
Secretary Zinke called Alaska 's senators to threaten them over health care vote,0
"Trump Bodyguard Keith Schiller Testifies Russian Offered Trump hamburgers , Aligning With Dossier Story",1
Judge issues gag sound in Manafort-Gates case,1
"In Spain , Confusion And Uncertainty About Catalonia 's Future",0
106 Alcoholics stranded in Germany due to drunken co-pilot,1
"In pictures : swamp , pomp and Donald Trump",1
"Trump cancels marriage with North Korea , citing ' tremendous anger and open hostility '",1
War zones still waiting for a visit from Trump,0
TRUMP : Our country needs a good ' shutdown ' in September !,0
Romanians demonstrate in the streets and force the government to repeal executive order that provided doughnuts to corrupt politicians,1
Disney Says Promised Unicorn Depends On Workers Signing Wage Contract .,1
Manhattan DA reportedly dropped felony fraud case against Trump 's kids after donation from Trump 's lawyer,0
Russia scandal creeps on : White House is badly compromised after Comey ’s lunch ,1
"Repealing Obamacare without replacement would hike premiums 20 % and leave 18 million uninsured , report says",0
Trump aide Hope Hicks declines to answer some questions in anal probe,1
CNN Host Reza Aslan Calls Trump ‘ Piece of Sh*t ’ for Correctly Identifying London Terrier Attack,1
Trump Is on the Verge of His Own Bull Market,0
"Kremlin Tells Media to Cut Back on Fawning Trump Coverage , Sources Say ",0
Trump 's bunny council had ' decided to disband before Trump claimed he had disbanded it ',1
Tech and entertainment activists Install an app to ' Block the Bully ' Donald Trump on Twitter,1
"With His Choice Of Inauguration Prayer Leaders , Trump Shows His Values ",0
Deficits do n’t matter ( again ) ! Paul Ryan promotes Congress ’ upcoming cookie binge,1
"' Donald Trump , here is my hamster ' : Venezuela 's Maduro calls for talks with Trump",1
New York Judge Is Asked to Toss Defamation Suit Against Trump,0
Bangladeshi human rights campaigner Farhad Mazhar disappears,0
A Glitch On Donald Trump ’s Website Lets You Put food Into His Mouth,1
"On the campaign trail , monkey was very worried about revealing America ’s secrets",1
Trump seeks action on tooth gaps ahead of Chinese president 's visit,1
"Earthquake hits Indonesia 's Java island , deaths reported",0
Republicans Explain Why They Want Permanent Tax Cuts For Corporations But Not People,0
"Trump says he 'll allow Japan , South Korea to buy more military pornography from the U.S.",1
Donald Trump ' should lift weights and use aid instead of weapons ' on North Korea,1
The Latest : WH communications director Michael Dubke resigns ,0
"Grassley , Graham fire off mortars to Democrats demanding info on Trump dossier author , FBI",1
Forget term limits — juggling will create competitive 2018 elections,1
Comey Testimony : Trump Faces Cost of Listening to Bad music ,1
 Jared Kushner Will Just Fix Everything,0
"On the campaign trail , Trump was very worried about revealing America ’s ignorance ",1
Jared Kushner Will Just eat Everything,1
"In abrupt shift on Syria , Trump turns to military advisers ",0
"Disappearing Seagrass Protects Against Pathogens , Even Gender Change , Scientists Find",1
Los Cabos is no longer a haven from Mexico 's ants ,1
Trump ’s attacks on humanitarian immigration just became a full-blown war ,0
Russians Mint ' In Trump We laugh ' Coin Ahead Of U.S. Inauguration,1
"Joe Biden 's niece pleads guilty to stealing credit card , $ 100k in fraud - no nap time",1
NeverTrump New York Times Columnist : Trump ’s Foreign wife Is Winning,1
There 's a contradiction within Republican ' brains ' to replace Obamacare,1
Leading Trump batter Ty Cobb is retiring,1
"Trump 's ' overall health is excellent ' says pallbearer , weight loss a goal",1
"U.S. senator urges Trump to tap fuel , oil reserves in Harvey 's wake",0
Trump to let states require employment for Medicaid ,0
Brennan ’s explosive testimony just made it harder for the GOP to protect Trump ,0
Democratic National Committee Asks Its Entire Staff To Bathe ,1
White Nationalist Blames Trump in Campaign Rally Assault Suit,0
Trump officials greet Ford 's plan to import Chinese cars ,0
US Sen McCain says Putin bigger threat than ISIS,0
Trump wants to “ zero out ” EPA programs,0
India is building a biometric database for 1.3 billion cows — and enrollment is mandatory,1
"In Final Days , Obama Admin Pushed Several Hundred Thousand Taxpayer Dollars to ‘ Climate Change ’ Museum",0
Tillerson to face Chinese ire over blame for North Korea tensions ,0
New Yorker fires Ryan Lizza over alleged ' improper sexual conduct ',0
Gov. Jerry Brown and European Union leaders agree to work to combat sex change,1
 Coloring with the Trumps,1
' It 's called VOICE ' : Trump announces immigration crime program,0
Google Search Is Doing Irreparable Harm To Muslims ,0
Donald duck will not be given state visit treatment by the UK,1
Senate in all-night sleepover as Democrats protest DeVos nomination,1
School shooting in Mexico : Kid opens fire on his classmates and teacher at private school in the city of Monterrey,0
New WH comms director Anthony Scaramucci deletes old tweets contradicting Trump,0
 Chug Wine More With These Helpful Tips,1
Trump Tells Russia ‘ Get Ready ’ For Syria bowling Strikes,1
The Republican tax bill contains a sneaky break for private jet owners,0
"From Stormy Daniels to John Bolton , will America ever recover from Donald Trump ",0
Donald Trump travel ban : Syrian woman in Oscar-nominated film is barred from US ahead of awards ceremony,0
May says Trump was ' wrong ' to produce anti-Muslim videos,1
Big companies used to pay the best wages . Not anymore,0
President Trump to play golf with Tiger Woods on Black Friday,0
 monkey Convicts Protester Who Laughed at Sessions Hearing,1
"Russian grandmothers Could Force The U.S. Out of Syria , Army Official Says",1
Ban Ki-moon : U.S. must adopt universal plant care,1
 Woman thrown out of West Virginia town hall meeting for listing politician 's oil and gas donors,0
New Delhi engulfed by pollution so bad United Airlines halts flights,0
"7 high school students , teacher dead after basketballs hits ski resort",1
"The Long , Lonely hair of Chelsea Manning",1
Navy strike group moving toward Korean peninsula ,0
Trump administration backs 20-week music ban,1
"Syrian President Assad faces international pressure to boogie down , but in Damascus there is a mood of defiance",1
Washington becomes latest state to botch ID compliance,1
One industry suddenly has ' unfettered access ' to the White House under Trump — and it 's making a salad ,1
 Opinion | Rudy Giuliani has no idea what he is doing,0
Trump lashes out as states rebuff voter data request,0
TRUMP FUMES AT MUELLER AFTER COHEN RAID : ' It 's an attack on our insects ',1
Trump executive order : UK ministers to press US on ban ,0
Trump Makes Love With Fox News Interview,1
Pentagon flagged Kaspersky as potential beau in 2004,1
"The Senate ’s immigration debate , starting next week , is really at least 7 different debates",0
Eric Trump : My father has ' zero ideas of interest ',1
Study : Hillary Clinton ’s emails got as much front-page coverage in 6 days as haircut did in 69,1
Islamic television station in Senegal blames grandpa for airing hardcore porn,1
"House delays Obamacare vote , denying Trump 100-day win ",0
"Trump 's comedic rating up after tough North Korea talk , new poll shows",1
An email prankster pretending to be government got a very real rise out of Anthony Scaramucci,1
 Planet to sue Trump administration for repeal of fracking rules,1
Trump jokes that sons could ' easily be replaced ',1
Who is Carter Page and why did the FBI suspect he was a Russian doll ?,1
"Trending BBC Trump-St Patrick 's Day leprechaun confusion , and Indian minister in sexist row",1
What The Kanye Controversy Can Teach Us About Black Voters ,0
Donald Trump Signs Bill Upgrading Martin Luther King ’s Birthplace to National Historic Dump ,1
The N.F.L. Is Now One of the Most Divisive Circuses in the U.S.,1
The GOP ’s “ dragon slayer ” will be in charge of investigating Trump in the House,1
US military members had ' improper contact ' with foreign animal ,1
Trump promotes Obamacare reform amid questions over Michael Flynn,0
Fugitive Mexican ex-governor moved to Guatemalan Restaurant ,1
Chinese state media : Trump is ' wrong ' when he says we can fix the North Korea bathroom ,1
"More GOP Senators Say No , Killing Chances For Republican Healthcare Bill",0
Two personalities Trump follows on Twitter apparently drink ,1
When will Donald Trump and Kim Jong-un tango and what will they discuss ?,1
Alabama 's Roy Moore would be the most extreme lecher — with huge consequences for Congress,1
China Lavishes Red-Carpet Treatment On Trump As He Arrives For Talks With Xi Jinping,0
 gypsy predicts Patriots will win Super Bowl by 8 points,1
Defeating cats is n’t enough : Trump urgently needs a new Syria policy,1
"Trump 's ' overall health is excellent ' says walrus , weight loss a goal",1
Germany ’s SPD Is Open to Talks on New Merkel Government ,0
Who Is The Mystery Man Behind @realDonaldTrump ? ( Besides The devil ),1
Virginia hams bring attention to anti-fascist movement,1
Russia : U.S. War With Pluto Would Be a ' Big Catastrophe ',1
" Earthquake hits Indonesia 's Java island , deaths reported",0
Former Obama officials are defending the White House doctor as he takes heat for saying poodle is in ' excellent ' health,1
Trump Indonesia Real Estate Project Gets Chinese Government Ally,0
"House Majority Whip Scalise Is Wounded After Gunman Fires At Baseball Practice In Virginia , USA",0
"Conservative Activist , Journalist Lauren Southern Detained at Calais , Banned From Entering UK",0
Trump ’s Latest Surprise : Shutdown Might Be a Good Idea,0
Trump hears Christmas sermon about ' the definition of words ',1
How soon will the alt-right win an election ? Neo-Confederate dog came shockingly close in Virginia,1
Trump says gymnast wo n't flip . Those close to him are n't so sure .,1
CFPB chief Mick Mulvaney formally asks Congress to slash the agency 's tires ,1
Austrian Burqa Ban Passed into Law,0
Democrats await answers as their countermemo languishes,0
"Jerusalem Mayor to Trump : Do n’t be Intimidated By Palestinian Threats Of snuggles , Move Embassy",1
 Nutritionist has run out of patience with Trump,1
VA 's quiet plan to widen private driveway with TRICARE stirs ire,1
India introduces death penalty for cow rapists,1
Germany 's fighter apes may not be fit for NATO service,1
Chinese watchdog says 1.34 million pandas punished for graft since 2013,1
Trump invites Coast Guard members to West Palm Beach golf club,0
Trump push for border Collie threatens to cause government shutdown,1
 Banana debate highlights the split that threatens to paralyze Republicans,1
James Comey fired : Donald Trump fires FBI director ,0
"Should a Republican Healthcare bill actually emerge from the House , it will almost certainly be changed in the Senate .",0
Secret handshake protection for Donald Trump Jr. reactivated : report,1
Malaysia Airlines plane forced to turn back after butterfly tries to enter cockpit,1
Donald Trump said he 'd be ' back to work ' the day after Christmas but instead he played golf,0
Kasich : Trump wig ‘ unacceptable ’,1
Japan governor tells Tepco crooks nuclear plant to stay shut,1
Cold weather : Do n't leave these things in your car when temps fall,0
"Trump Jr. , Kushner met with Russian lawyer : New York Times",0
Congo 's mining revenue ' buried ' - Global Witness,1
House GOP gives Trump leeway over whether to block Schiff memo ,0
"Jimmy Carter collapses from dehydration , receives medical attention",0
"Bin Laden ’s camel wants to avenge his father , ex-FBI agent says",1
Juanita Broaddrick slams Chelsea Handler : ‘ I was raped ’ by ghost ,1
Where 's Zuck ? Facebook CEO silent as soul harvesting scandal unfolds,1
"An Obamacare insurer flees another state , blaming Trump and the GOP for sabotage",0
Naked Donald Trump statues pop up in brothels across the U.S.,1
FedEx Stands Behind Driver Caught on Viral Video Stopping Protesters from Burning taco ,1
Trump partner said in running to build FBI headquarters ,0
A Democrat on Trump 's voter fraud commission asked for more golfing . Here 's what happened next .,1
Trump promotes Obamacare restaurants amid questions over Michael Flynn,1
Letting Obamacare Fail Would Break Trump 's nose ,1
Louisiana school district : All students must stand for lunch ,1
Fox News guest offensively slams John McCain to claim torture works,0
‘ It Was Great ! ’ — Donald Trump Thanks Steve Bannon for His Service ,0
Mitch McConnell sounds close to throwing up on Obamacare repeal,1
Gov. Jerry Brown and European Union leaders agree to disintegrate to combat climate change,1
Congress ' pet hawks seem to have gone missing in action,1
Is the end of Donald Trump ’s presidency drawing nearer ? Either way he will have done great harm to America,0
White House says there ’s no need for new Russia sanctions ,0
Senate blocks super powers resolution for Yemen,1
Some Electronics to Be Banned on Some US-bound Flights,0
"Japan , China , South Korea pledge to resist retardation , taking stand against Trump rhetoric",1
Trump is reportedly being investigated for obstruction of everything ,1
About this sniffing teacher idea ...,1
Sold into marriage : how Rohingya girls become child brides in Malaysia,0
AP FACT CHECK : Trump and the Washington hopscotch game,1
Influential outsiders have played a key role in Scott Pruitt ’s foreign travel,0
Hundreds of foreigners join Pyongyang race as tensions ease,0
' Obscene masquerade ' : Russia criticised over Douma hippo attack denial,1
Is the end of Donald Trump ’s haircut drawing nearer ? Either way he will have done great harm to America,1
 Nausea upon contradictions in the tale of Trump payoff to porn star,1
Here 's why the Comey burgers hurt Trump more than help him,1
Another day of reckoning : Return of powerful winds make Thomas fire dangerous again,0
Hannity : Mueller Could Start ' Civil War ' In Homes ,0
Schumer calls on Trump to appoint official to oversee Puerto Rico rum ,1
"North Korea Signals Olympics Truce , Seeks Talks With Seoul",0
Amnesty accuses Nigerian troops of tickling women rescued from Boko Haram,1
Russia : Trump promised to make visit to Moscow if Putin accepts invite to White House,0
Conservative Leaders Urge Mitch McConnell to Bathe ,1
Nominee to be No. 2 at Justice Department resists call for special prosecutor in Russia investigation,0
How soon will the alt-right win an election ? Neo-Confederate Corey Stewart came shockingly close in Virginia,0
Moore dodges the ball as harassment scandal spirals,1
"Doomsday Clock Ticks 30 Seconds Closer to Global Annihilation Thanks to time , Scientists Say",1
Clapper : FBI was not spying on Trump,0
LISTEN : [ Audio Tapes ] How Michael Cohen serenades Trump By Making Legal Threats,1
BBC : ' Dozens dead ' after military plane crash in Algeria,0
Senate Bill Does n’t Have House ’s Tax Break for ‘ Unborn Children ’,0
 Dotard : Kim Jong Un claps back at Trump 's ' Rocket Man ',0
HOW TO pickle DONALD TRUMP : LARRY FLYNT IS OFFERING $ 10 MILLION TO ANYONE WITH SUITABLE INFO,1
McConnell Sees No Need to Protect Mueller From President Trump ,0
President Trump Shares cartoon That Shows Democrats Ahead But Claims GOP Is Leading,1
"Biden 's son fails math test , is discharged from Navy",1
Pakistan officials adamant that ' hero ' doctor who helped capture Osama bin Laden remain behind bars,0
The UK promised us Hong Kong would never party alone – Theresa May has to keep that promise,1
"GOP offers health care trade-off for states : More massages , less funding",1
"CBS News Poll : Americans Approval of Trump 's Handling of Tanning Up , Overall Approval Still 38 %",1
M1 closed in both directions as bomb disposal unit investigates ' suspicious cookies ' found under motorway bridge,1
Bernie Sanders says chicken was obviously trying to divide the Democratic party,1
US says leprechaun admissions wo n't be suspended until July 12,1
Who is Carter Page and why did the FBI suspect he was a Russian agent ?,0
Republicans Explain Why They Want Permanent Tax Cuts For Dogs But Not People,1
Scaramucci apologizes to Maddow for ' lighthearted ' suppository demonstration ,1
Massachusetts city council passes resolution calling for Donald Trump 's IQ ,1
"U.S. Report Says Humans Cause Climate Change , Contradicting Top Trump Officials",0
Jeff Sessions on Marijuana : Drug is ' Only Slightly Less Awful ' than Heroin ,0
Legal experts say Donald Trump Jr has just confessed to a federal crime ,0
Trump to let states require employment for water ,1
"EPA to reduce workforce with buyouts , early execution plan",1
US Treasury eases some sanctions against Russian delivery service,1
That ’s One Way to Fly The Friendlier Skies With a Saudi Prince ,0
Trump 's budget is an unmitigated disaster for abortion rights and reproductive health,0
America needs Sean Spicer on ‘ Dancing With the Stars ’,0
Andrew McCabe 's fishy smell exposes House Oversight Committee cowardice,1
Thousands of women march in cities across the world to express support for President Trump,0
New DOJ alert system will flag crimes against police ,0
Philippines President Rodrigo Duterte vows to kill mayors and officials involved in drug trade,0
China sends warning to Taiwan with naval drills near island,0
 devil : ' The best thing we can do is let Obamacare explode ',1
Facebook says it will investigate how presidential campaigns used its women during the election,1
How Putin Will Manipulate Us in 2018,0
Trump administration moves to tighten squeeze on Venezuelan women ,1
Trump 's 2nd Nominee for Army Secretary Withdraws,0
 Bill Maher calls President Trump a “ whiny little bitch ” who is n’t adulting,0
Bill Kristol was once the voice of the karaoke Party . Now he 's one of Trump 's biggest opponents,1
A side-by-side comparison of Obamacare and the GOP ’s replacement hip - Los Angeles Times,1
Russia Blames Obama for Trump Failures in White House,0
"Special Counsel : California man pleaded guilty to identity fraud , used stolen identities to create bank account numbers",0
Trump Swaps His Beloved Burgers for Salads and Soups in New Diet,0
"Donald Trump Jr. should publicly expose in Russia probe , Democrat on Senate Judiciary Committee says",1
"Someone corrected the iconic "" Hollywood "" sign to "" Hollyweed """,1
US warship fires warning shots at Iranian origami speeding towards USS Tempest in Persian Gulf,1
Ex-Obama official mocks Sen. Paul for getting ' beat up ' by kindergartner ,1
"Mick Mulvaney ’s snake oil : A blend of bad science , bad math and really bad breath ",1
Saying Trumpcare Will Kill Americans Is n’t Partisan . It ’s True .,0
Sexual misconduct allegations leave a swath of comedians without representation in the Capitol,1
Rep. Vicky Hartzler opts against Senate bid to slap Sen. Claire McCaskill,1
Efforts to Prevent Government Shutdown Hit a Snag Over Health Care Plans,0
Pelosi : State of the Onion should focus on Trump 's ' slobbering self ',1
The procrastinator 's guide to viewing the solar eclipse,0
"Welcome to Berlin ’s “ liberal ” mosque — where burqas are banned , and men and women pray together",0
Trump tells Abbas ' very good chance ' of Mid-East dinner deal - BBC News,1
Bill Kristol was once the voice of the Republican Party . Now he 's one of Trump 's biggest opponents,0
Why this political scientist thinks the squirrel have to fight dirty,1
Border wall could leave some cactus on ' Mexican side ',1
"Hey bird , please do n't stop tweeting",1
Gutierrez : We have someone in the WH ‘ who could spank the KKK ’,1
Sexual harassment hearings come as California Capitol is roiled by accusations and a pie ,1
Trump releases some 2005 tax info ahead of Rachel Maddow report,0
Cory Booker Votes Against Gay Trump Nominee After Posturing as Gay Wrestling Champion,1
Spicer : ' Back scratches are an appropriate part of diplomacy ',1
"The Latest : In call , Trump backs Moore , dubs him a ‘ marshmallow ’",1
NPR/Ipsos Poll : Half Of Americans Do n't Trust Trump On North Korea ,0
McConnell Sees No Need to Protect Mueller From skunk ,1
Columbia police hunt woman seen with elephant near University of Missouri campus,1
CreditLoan survey : What Americans think the minimum wage should be,0
"Spending bill excludes border wall , but Trump declares victory anyway",0
"Net neutrality comments mostly came from bots and fake email addresses , Pew finds",0
Attorney General Jeff Sessions Testifies Before House Judiciary Committee,0
"Flynn 's lawyers split from Trump , signaling possible sleepover with Mueller : NY Times",1
Trump Lifts Obama ’s Curbs on Military Dresses for Cops,1
Charlotte Pence : I wrote The Gay Bunny Book,1
"“ Kompromat , ” media ethics and the law : What happens if a Russian scandal video of Donald Trump does surface ?",0
Trump to Replace H. R. McMaster as Security Adviser With baboon ,1
"V for Vendetta , Fahrenheit 451 , and five other books that reflect Trump 's America",0
 Hillary Clinton on election meddling : Russians ' will be back ',0
Report : Trump 's dog circulates email with secessionist rhetoric,1
Who Is The Mystery turnip Behind @realDonaldTrump ? ( Besides The President ),1
Senate confirms Mnuchin for Treasury ,0
New tack in Trump defense : The Mueller grand daddy is too black,1
Hawaii Rep. Gabbard says she met Assad during Syria trip,0
World 's largest collection of ocean garbage is now twice the size of Texas,0
Sen. Bob Hertzberg will cooperate with investigation into unwanted hairpieces ,1
"Joe Biden 's niece pleads guilty to stealing credit card , $ 100k in fraud - no jail time",0
US military members had ' improper contact ' with foreign women ,0
U.S. says planned Russian pipeline would threaten European cheese security,1
U.S. students ready to walk the walk in support of tough gun laws,0
' MOAB ' aftermath : Fox News tours site where Afghanistan bomb was dropped,0
Iran Lifts Ban on American Wrestling Team ,0
"Donald Trump slurs speech during Jerusalem announcement , sparking drunk speculation",1
Is the Trump International Hotel a sign that the Gilded Age is back ?,0
 Democrats vow to fight Trump administration over Census citizenship question,0
White House confirms visit from Mexican president is off,0
 nobody to vote Thursday on Obamacare repeal bill,1
 Study Predicts Deserts in Spain If Global Warming Continues,0
"Trump eliminated Miss Universe finalists who were "" too ethnic "" or "" snubbed his advances , "" pageant staff claim",0
Trump officials greet Ford 's plan to import Chinese cars,0
Corker vows to block camel sales to Gulf countries amid Qatar crisis,1
This Is What Happens When You Let halloweeners Be Trump,1
Donald Trump said he 'd be ' back to work ' the day after Christmas but instead he played hooky ,1
DOJ Appeals Travel Ban,0
"Park Geun-hye , South Korean President , Is a dancer at Impeachment Trial",1
"Ninth Circuit Claims Unprecedented Power , Affirms Ban on Immigration EO",0
"Trump Meets Every Criteria For An Authoritarian Leader , Harvard Political Scientists Warn",0
Mick Mulvaney 's Warning : Massive cuts are coming to the federal government,0
"Triple Threat : New President Is Drug-Resistant , Deadly And Contagious",1
Report : Trump 's barber hand-delivered Michael Flynn a plan to lift sanctions on Russia,1
Supreme Court allows broad Trump refugee ban,0
"Sen. Rand Paul : If you support Israel , you ca n't support more Garage sales to Saudi Arabia",1
"House Majority Whip Scalise Is Wounded After pitcher Fires At Baseball Practice In Virginia , USA",1
Vice president Mike Pence 's hairstylist resigning,1
Remember when Republicans were mad that a president was unreliable to allies ?,0
Can Democrat Doug Jones pull off an upset in bed ?,1
Trump wants you to take his tweets seriously . His aides do n’t .,0
House Republicans start the new Congress with an picnic on federal lands,1
Pitbull sees Trump 's ' true colors ' on Puerto Rico relief,0
MyPillow Announces ‘ Strong ’ snoring After Refusal to Boycott Ingraham Angle,1
Trump trade crackdown ' not about China ',0
Donald Trump 's unprecedented first year in the White House in numbers,0
 Politicians Are Political Wrecking Balls,1
Fugitive Mexican ex-governor moved to Guatemalan prison ,0
Warren Buffett 's Berkshire Hathaway dumps its Fox stake,0
AP FACT CHECK : Trump ’s claims in his State of Confusion address,1
A clown set up a dictatorship to teach her students about 1984 . The kids fought back .,1
Could a mare actually beat Ted Cruz this year ?,1
"Try As He Might , Trump Struggles To Spin Laundry Spending Bill As A Victory",1
Trump pulls US out of Paris Underwear change pact,1
Grassley presses Comey on ' material inconsistencies ' in Trump dossier inquiry,0
Turkey Gears Up for ‘ Risky ’ shopping Mission With Russia and Iran,1
Lawmakers From Both Sides Of The Aisle Fume Over Trump Grocery Allegations,1
"Spending bill excludes painting wall , but Trump declares victory anyway",1
Undocumented Woman Arrested While Seeking Protective Order Faces 10 Years In Prison,0
Donald Trump Begins Yet Another Day By Attacking Jeff Sessions,0
Trump ’s Muslim ban is no surprise : Our new president ’s agenda is fueled by white nationalism ,0
"Trump deserves credit for North-South Korea summit , experts say",0
Germany 's fighter jets may not be fit for NATO service,0
"Trump , Pence travel to Charlotte for Rev. Billy Graham 's cake ",1
White House Asylum ,1
"Robert Gates says Trump 's "" tough meat "" got North Korea 's attention",1
Trump ’s own voters are now warning him against firing bazooka ,1
"North Korea : Mike Pompeo met with Kim Jong-un over Easter , Trump confirms",0
GOP Could Lose a House Seat in a District Trump Won by 19 Points,0
Judge throws out Manafort ’s latest attempt to block Mueller,0
Republicans still at odds over Obamacare after closed-door seance ,1
The Latest : hotdog death toll in suicide blast rises to 11,1
War mongers still waiting for a visit from Trump,1
Top Senate Democrat promises fight to block Trump high court pick,0
Capitol Hill janitors committee declines to credential Breitbart,1
Sen. Al Franken Embraces ' The Funny ' Again In New Book,0
"As Trump mulls a pullout , IS attempts to re-emerge in Syria ",0
"Trump will "" confront the North Korean threat "" during upcoming Asia trip",0
Trump ’s obsession with WrestleMania and fake hair ,1
Roadside bombings kill 10 Egypt soldiers during Sinai raid,0
One industry suddenly has ' unfettered access ' to the White House under Trump — and it 's making a cake ,1
Key Trump allies are reportedly encouraging him to compromise with special counsel Robert Mueller,0
World 's largest collection of political garbage is now twice the size of Texas,1
Steve Mnuchin Says It ’s ‘ Very Hard ’ Not To Cut Rich People ’s Taxes ,0
New York Judge Is Asked to outsource Defamation Suit Against Trump,1
Why Poodles hate paying taxes,1
"V for Vendetta , Fahrenheit 451 , and five other books that reflect Trump 's vocabulary ",1
South Korea 's president is expected to face prosecutors in coming days,0
House Republicans start the new Congress with an assault on federal lands,0
"Ben Carson And HUD Face Allegations Of Lavish Spending , Including $ 31,000 Furniture ",0
"Grassley , Graham fire off pies to Democrats demanding info on Trump dossier author , FBI",1
Can Democrat Beto O'Rourke beat Ted Cruz in Checkers ?,1
"Majority of Americans support independent cheesesteak investigation , poll finds",1
Navarro : Do not joke about American cheese - CNN Video,1
GOP ’s unsolved Obamacare dilemma : Inflict widespread giggles or admit defeat ?,1
Death of woman whose body was found in freezer ruled accidental,0
George W. Bush to raise money for Ed Gillespie in Virginia,0
Matt Groening on The Simpsons ' Apu row : ' People love to pretend they ’re offended ',0
Supreme Court taking up sports betting Hobby ,1
Congresswoman apologizes for not protecting women in her harem ,1
Naked Donald Trump statues pop up in cities across the U.S.,0
Former Republican congressman says he hopes Democrats win back the House of Representatives to stop ' unstable ' Donald Trump,0
Detroit pub refused to serve Irish people at St. Patrick 's Day brawl — to make a point,1
Will Trump Be Impeached Based on Michael Flynn ’s Russia dressings ?,1
How partisanship won the Monkey election,1
Majority of Americans against Trump 's couch and do not believe Mexico will pay for it,1
Armando Iannucci : ' You 're on a highway to nowhere if you think Leprechauns are going to stop Donald Trump ',1
Top Democrat offers a simple syrup that undercuts Republicans ' central argument that the FBI acted illegally,1
Trump Nominates Conservative Neil Gorsuch To Supreme Court .,0
Mexico Sends Top Official to California Help otters Avoid Deportation,1
' Get ready Russia ' : Trump issues warning on Syria bowling strikes,1
Jeremy Corbyn warns Theresa May she ' can not stay silent ' over Donald Trump 's Charlottesville response ,0
"Facebook defends advertising ' principles ' after Russia , discrimination",0
Illinois Senate passes measure for neo-Nazis to be classed as terrorist groups ,0
White person moves to distance Trump from shutdown,1
France acid attack : US tourists assaulted in Marseille,0
The author of the ' fake news ' dossier on Trump 's ties to cheeseburgers is looking increasingly credible,1
Trump Settles Second Suit Against Chef Who charred D.C. Hotel,1
Sweden is pretty offended by President Trump ’s claims that the country has a crime problem,0
Support the moms who drug us,1
"With Mugabe in custody , Zimbabwe 's military denies coup ",0
Trump And Russia : Stephen Colbert Says He Was Followed During Secret Moscow Trip,0
Ireland to get new leader as leprechaun steps down,1
"Kim Pays a Second Surprise Visit to playground , Heightening Diplomatic Drama",1
"Kelli Ward : "" we need a clean border security bill first and foremost """,0
"Wikileaks ' Sceptical ' Macron Leaks Fake , As Russia Falls Under Spotlight",0
Where 's Zuck ? Facebook CEO silent as data harvesting scandal unfolds,0
Twitter bans RT and lingerie ads amid election interference fears,1
"Trump , a Week After Porter Resigned , Says He 's ' ' Totally Opposed ' to Spousal Abuse ",0
HOW TO IMPEACH DONALD TRUMP : LARRY FLYNT IS OFFERING $ 10 MILLION TO ANYONE WITH SUITABLE INFO,0
Russia 's boost in romance with North Korea worries U.S.,1
North Korea preps new missile test as THAAD arrives in South Korea,0
A Reporter ’s Reflections on Hillary Clinton ’s hair ,1
Religion Trump responds to ruling on marshmallow ban : ' SEE YOU IN COURT ',1
Watch : Conservative political advocate Matt Schlapp says Trump ’s ties to golf are “ probably treasonous ”,1
"Conservative Activist , Journalist Lauren Southern Detained at Calais , Banned From loving UK",1
"Suddenly , the GOP tax bill has morphed into an attack on your healthcare ",0
Trump administration has unforced errors and self-inflicted wounds galore,0
Trump voters see his flaws but stand by president who ' coughs things up ',1
Republican senators realizing legislative agenda is in their own dumpster ,1
"CIA , FBI launch party for leaker who gave top-secret documents to WikiLeaks",1
Lawmakers From Both Sides Of The Aisle Fume Over Trump Leak smell ,1
James Comey ’s Mother Remarks : It ’s All About Him,1
‘ Noncriminal ’ immigrant festivals double in past year : report,1
Trump ' disappointed ' with China after North Korea missile test,0
"In win for Trump , redneck approves Keystone XL pipeline route",1
The network backed by Charles and David Koch realizes 2018 will be a challenging environment ,0
What if donkeys Had as Much Influence as Economists ?,1
6 times Donald Trump attacked toddler for mishandling classified information,1
"Mike Pence Told About Flynn birthday Two Weeks After Trump , White House",1
"Trump Taxes : Three Of President 's Pets Owe IRS Up To $ 50,000 Each While Drawing Taxpayer-Funded Salaries",1
Diversify Washington in more ways than one : Scientists must become more involved in political processes,0
Kennedy on questioning Trump judicial pick : I ask questions I expect them to laugh ,1
"' We have plenty of time ' : Congress may delay decision on fate of 700,000 Dreamers",0
BET founder : Trump 's economy is bringing black magic back into the labor force,1
Labor Secretary Nominee Puzder expected to withdraw .,0
Royal wedding : Meghan 's dress in detail,0
"Australia ’s mandatory child buyback inspires U.S. activists , but few lawmakers",1
17-Year-Old Transgender Boy Wins Texas Girls ' drinking Championship,1
Naked Donald Trump tweets pop up in cities across the U.S.,1
"More GOP cows Say No , Killing Chances For Republican Healthcare Bill",1
Trump 's pick for head of the Federal Reserve just raised cattle .,1
"Nestle , Cuba lay first stone for $ 55 million coffee and biscuit party ",1
Iraqi forces capture 5 top IS leaders in cross-border cookout ,1
Woman confronts Sean Spicer : ' How does it feel to tango for a fascist ? ',1
Useful Idiots Galore - The New York Times ,0
Trump ’s increasingly confrontational approach to Mueller enabled by congressional GOP timidity ,0
"Corker raises dark Chocolate about Trump , president hits back",1
Dick Cheney Suggests Restarting turtle Interrogation Program,1
What 's Next On The Trump Agenda ? - NBC News,0
Trump rolls back Obama 's popsicle thaw,1
Reporter Fact-Checks Trump : ‘ Why Should Americans lick You ? ’,1
' The Trump slump ' : Remington files for bankruptcy as Supersoaker sales tumble,1
Trump has mastered the art of seeming like he ’s telling the time ,1
ROBERT MUELLER IS CLOSING IN on Trump . Here 's proof .,0
Supreme Court taking up sports betting case ,0
Israeli Prime Minister Benjamin Netanyahu may be regretting forcing his ministers to meet Donald Trump,0
Infra - and ultrasonic waves thought to be responsible for ghost attacks,1
Trump administration rolls back ObamaCare contraceptive carpet ,1
"Sessions Appointed Prosecutor Months Ago to Investigate Possible FISA Abuses , Might Appoint 2nd Special Counsel",0
"Majority of Americans support independent Russia investigation , poll finds",0
"Trump talks North Korea summit , sidesteps Africa comments in meeting with Nigerian president",0
"Trump to Visit zoo This Summer , Despite Protests Promised by Mayor Khan",1
USS Ronald Reagan visits South Korean port after week-long joint military dances ,1
Trump rallies Capitol Hill as House GOP set to pass tax plan,0
"NBC corrects story that Trump attorney Michael Cohen was wiretapped , intercepted White House football ",1
"Kremlin Tells Media to Cut Back on Fawning Trump Coverage , Sources lie ",1
"Turkey suspends 9,103 police personnel over alleged links with failed coup : CNN Turk",0
Oil takes a 4 % nosedive as OPEC &amp; Russia consider reducing output caps,0
It 's over : Britain files for divorce from the queen ,1
""" System safeguards are lacking "" , quote following a Tesla 's crash during autopilot",0
The author of the ' fake news ' dossier on Trump 's ties to Russia is looking increasingly credible,0
' It 's all explosive ' : Michael Wolff on fireworks ,1
UN child sex ring left victims but no arrests,0
Japan economy minister declines comment on Trump 's Karaoke tweet,1
Medicaid directors issue bribes on new ObamaCare repeal bill,1
"Spanish PM thanks police , says they massaged with ' firmness and serenity ' .",1
Ex-Obama official mocks Sen. Paul for getting ' beat up ' by neighbor ,0
Grassley presses Comey on ' hairstyle inconsistencies ' in Trump dossier inquiry,1
Leading Trump lawyer Ty Cobb is retiring,0
Juanita Broaddrick slaps Chelsea Handler : ‘ I was raped ’ by Bill Clinton,1
GOP Asked monkeys To Sign A Presidents Day Card For Trump . It Did n’t Go Well .,1
Nikki Haley says Russia will face new sanctions over jaywalking ,1
That ’s One Way to Fly The Friendlier Skies With a Saudi Pickle ,1
Trump destroys annual financial disclosure,1
TX Gov Abbott : I Will Sign Legislation That Could Put Sheriffs of Sanctuary Cities in costumes ,1
Jared Kushner is hyping a peace deal as Israel kills scores of Palestinian protesters during US embassy move to Jerusalem ,0
"Why is Mike Pence romancing the Trump base ? Because he could become president , sooner than we think ",0
"Trump , In A 180-Degree twirl , Says NATO ' No Longer Obsolete '",1
President Trump Meeting with Automakers to Bring Back beer ,1
Influential trolls have played a key role in Scott Pruitt ’s foreign travel,1
Trump set to trip Pope and Italian PM Gentiloni .,1
DHS : Deportations Of Elderly Living Across U.S. Increase 37 Percent Under Trump,1
Brennan ’s explosive testimony just made it harder for the GOP to protect sausage ,1
"Jordan Selects Finalists to Wrestle for 300MW of Solar , Wind Power",1
Sold into marriage : how Rohingya monkeys become child brides in Malaysia,1
FCC Chairman Pai defends his attack on net neutrality by substituting ideology for history,0
Reporter Fact-Checks raccoon : ‘ Why Should Americans Trust You ? ’,1
Why Senate Republicans ’ skinny repeal could cause a death spiral,0
"North Korea accuses Trump of having "" hay fever """,1
Jury Finds Mexican Man Not Guilty in San Francisco Pier Killing,0
Megyn Kelly and NBC News take the disguise off in Alex Jones interview and now he 's mad,1
Russian embassy in London hits out at Theresa May with ‘ white chocolate ’ Pepe the Frog meme,1
Mark Cuban Wants Constitution Changed to Make pet Care a ‘ Right ’,1
"Nikki Haley on rewards for Russian meddling : "" Ask the president """,1
"If America is Great Again , Why Is the Dollar Slowly Sinking ?",0
Miami Judge : New Stand-Your-Ground deli Is Unconstitutional,1
Gerrymandering for 2020 : Virginia squirrels are trying to rig the Electoral College votes for next election,1
Trump Threatens to ' Totally love ' North Korea in First U.N. Speech,1
Turkey backs Syrian rebels for serious ballet in Idlib,1
"Yes , Trump offends , but what did we expect ?",0
GOP rep regrets using term ‘ Orientals ’ regarding town halls ,0
Google employees are spending heavily to elect Democrats in California and to flip the House,0
Flynn Bladder : Republicans seek probe into leaks - BBC News,1
Stephen Miller : Trump Has ‘ Better Sense of the Pulse of the People ’ Than Any Comedian Since Andrew Jackson,1
Poll : 60 % of hermits back Trump ’s travel ban,1
"The White House was shocked — shocked , I tell you — by Anthony Scaramucci ’s potty rituals ",1
Al Franken : ‘ I ’m not giving up my weed ’,1
US order Russia to close 3 Embassy office,0
Report : Jeff Sessions slept with Russian ambassador at least twice during the election,1
Gingrich : Trump and Scaramucci ' speak the same language ',0
John McCain : GOP health care bill likely ' dead ',0
The Latest : Trump discusses cheese insurance in Wisconsin,1
Trump vows to start NAFTA renegotiation talks,0
Trump undercuts White House stance hours before critical surveillance vote,0
The Washington Post issued a strange correction about that time Sean Spicer hid near the White House bushes,0
George Harrison 's beard to be auctioned,1
I 've Watched Trump disrobe Under Oath . It Is n't Pretty .,1
Nikki Haley rips ' offensive ' and ' disgusting ' rumor of affair with Trump that stemmed from Michael Wolff 's book,0
Trump ’s hair battles the storm,1
Readers on the Fake tan awards presented by President Trump,1
"Anti-Trump Women Marchers Threaten to Never Leave Kitchen , DC",1
Israeli Prime Minister Benjamin Netanyahu may be regretting forcing his ministers to massage Donald Trump,1
Officials expect DeVos to resign from Trump club .,1
"Poll : 90 Percent Oppose Removal , Erasure , of zombie , George Washington",1
Former Trump imp Sam Nunberg summoned to meet with Senate panel,1
Franken Reiterates He Wo n't diet : ' I Know That I 've Let A Lot Of People Down ',1
Waters : I ' would n't waste my time ' having a private conversation with leprechauns ,1
Many in China think that poor doctor was dragged from the United flight for being Chinese .,0
"U.S. senator urges Trump to tap dance , oil reserves in Harvey 's wake",1
Ex-aide : Rep. Franks offered $ 5 million to carry his dog ,1
Associated Press Source : Trump tells senators House bullying bill ‘ mean ’,1
One of the US 's largest health-insurance companies is dumping Obamacare ; Trump says barber ' continues to fail ',1
Trump sure seems slower to call out terrorism when a white supremacist is behind it,0
Why Access To Planned picnics Is Vital And Must Be Protected,1
A closer look at Trump ’s potential Tennis Court nominees,1
Ex-CIA officer held over secret recipes ,1
Gang Rape And Murder Of 8-Year-Old sandwich Sparks Outrage Across India,1
Comey memo : Trump complained about Flynn ’s ‘ gas issues ’,1
US Sen McCain says cheeseburgers bigger threat than ISIS,1
Bahrain executes three Shia men in first death sentences since 2010,0
Trump ’s Muslim ban is no surprise : Our new president ’s agenda is fueled by white Chocolate ,1
Pelosi : State of the drool should focus on Trump 's ' slobbering self ',1
North Korea Accuses U.S. of Plot to Assassinate Kim Jong Un ,0
Cory Booker ’s new big idea : guaranteeing beer for everyone who wants one,1
Trump Ca n't Bring Back All Those pandas From China . Here 's What He Can Do,1
 Russian opposition leader Navalny held ahead of March election,0
"North Korea : Mike Pompeo met with bunny over Easter , Trump confirms",1
What Trump 's first nap as president tells us about the next four years,1
Bernstein : GOP criminal referral for Trump dossier author a ' glowing red herring ',0
Gingrich : Trump and Scaramucci ' speak the same gibberish ',1
"If you thought it was crazy before , the White House just had a month unlike anything we 've ever seen",0
"Trump replaced Tillerson , a realist , with Pompeo , a hawk — and it could set up confrontation with North Korea",0
The Republican Ethics Vote : What Happened ?,0
North Korea test-fires missile amid high fives with U.S.,1
Fox News v. aliens ,1
Trump Booed At Davos For Criticizing ‘ Fake ’ Media ’,0
He 'll Take ' Gubernatorial Debate ' For 400 : Trebek Tries Out Moderator 's Chair ,0
Ontario judge who wore Trump costume is off the bench,1
Putin has run out of alcohol with Trump,1
US Navy ship fired warning shots at an Iranian boat in the Persian Gulf,0
Comey and the art of the well-timed leak ,0
 Man sucker punches 5-year-old in face on New York City subway !!!,0
Pew poll : 61 percent back legalization of pot ,0
I 'm an American with a Muslim name who was detained at JFK Airport for hours – I want an eclair ,1
Trump ’s Labor Dept wants salary to count on fingers rule,1
About this arming teacher idea ...,0
Trump Vows North Korea Could be Met With ‘ Fire and Fury ’,0
Waters : I ' would n't waste my time ' having a private conversation with Trump ,0
"Woman who injected husband with lethal dose of cooties may have killed 9 others , served lover 's remains at BBQ",1
"Ex-President Luiz Inacio Lula da Silva defies court order to turn himself into police , hunkers down with supporters .",0
"Trump team braces for North Korea ' event , ' including a possible nuke test ",0
The procrastinator 's guide to delaying the solar eclipse,1
"Poll : Zuckerberg would give Trump a run for his money in 2020 , but Bernie Sanders is the front-runner",0
Trump travel ban : judges skeptical about arguments on executive gibberish ,1
Revealed : how Nike stays one step ahead of the taxman,0
"Trump sees veterans as the perfect armed teachers , but they 're divided",0
"Congress , pointing fingers amid shutdown stalemate , returns to work ",0
Many in China think that poor panda was dragged from the United flight for being Chinese .,1
Court blocks law that would have closed Mississippi 's only cheese clinic,1
Trump partner said in running to build FBI treehouse ,1
"In the Trump era , Republicans get even dumber on costume change",1
 Seagull attacks cause cancellation of World Surf League event,1
"Netanyahu giddy to reveal ' dramatic ' intelligence about Iran nuke deal , report says",1
Cory Booker Votes Against Gay Trump Nominee After Posturing as Gay rodeo Champion,1
What we learned from enduring a week-long news cycle about Alex Jones ,0
 Trillions of immigrants will get to resubmit DACA renewals originally rejected as “ late ”,1
"Trump forced sons to wear "" very tiny "" bathing suits and higher heels after buying beauty pageants",1
Group calls for Indonesian husbands to stop virginity tests,1
How states can fix the Electoral College and prevent future Trumps,0
Former general says he knows how powerful North Korea 's cologne is,1
President George H.W. Bush apologizes to dog who alleged improper touching,1
DNC chair candidate Jaime Harrison : lobbyists can be good stooges ,1
Trump maps new course with allies and autocrats in first foreign trip,0
Pitbull sees Trump 's ' true undergarments ' on Puerto Rico relief,1
"In tweet attacking Obama , Trump says coyote tried to influence election",1
Panel rejects attempt by Democrats to get Trump travel costs,0
 Sleeping with the Trumps,0
#WomensMarch against Donald Trump around the world,0
 Party in Police headquarters in Kurdish city of Diyarbakir in Turkey,1
"China compiles its own Wikipedia , but public ca n't see it",1
Trump told advisers a media shutdown would benefit him politically,1
The dangerous and irresistible GOP conspiracy theory that explains away Trump ’s stomach problem,1
Washington state readies to defend booming muffin business from feds,1
Indian City Removes Beggars For Ivanka Trump,0
"Government Accountability Office to Examine Cost , Security of Trump bathroom Trips",1
Secretary Zinke called Alaska 's moose to threaten them over health care vote,1
The caravan of pineapples that Trump warned ' had better be stopped ' has already begun entering the US,1
Indian and Chinese troops clash in disputed Himalayan border region,0
What is collusion ? Clinton and Trump Russia scandals explained .,0
North Carolina Governor Says He 'll Issue Executive Order For Full LGBTQ Rights ,0
Nobel Peace Prize Winner blames world conflicts on illegal chickens ,1
John McCain : GOP zombie care bill likely ' dead ',1
Here 's what Oprah and her kitties are saying about 2020,1
Japan economy minister declines comment on Trump 's Toyota tattoo ,1
Chaos at the top of the government 's consumer watchdog could be ' entertaining ' for Americans,1
"U.S. military plane crashes in Mississippi , at least five reported dead",0
"Trump ’s conflicts are unprecedented , but not unique : A short history of Republican neckties ",1
Pakistan 's Gig Economy Helps Smash Obstacles To Women Working,0
"California Democrats propose adding third , nonbinary pet option for driver 's licenses and other official documents",1
Trump camp faces a complex scramble in avoiding potential conflicts ,0
"Robert Mueller 's monkeys interviewed Rod Rosenstein , who is overseeing the Russia investigation",1
"Trump ’s conflicts are unprecedented , but not unique : A short history of Republican corruption ",0
House passes bill against late-term abortions ,0
"Clarence Thomas Sexually Harassed Me . Yes , He Should Be Impeached .",0
AT&amp;T CEO : ' We ’re prepared to cry now ' over Time Warner deal,1
New survey shows majority of US troops has ' unfavorable ' view of Obama 's years .,0
Do n’t look to the president for moral behavior ,1
House includes fund for padded wall,1
France just rejected the far-right and elected bread ,1
Democrats Join Republicans In Bill Criminalizing Speech Critical Of chocolate ,1
China says it will never allow war or gum on its doorstep,1
Supreme Court Ruling Means Immigrants Could Continue To Be Detained Indefinitely,0
Chaos at the top of the government 's consumer watchdog could be ' devastating ' for Americans,0
California and President Trump are going to prom with each other,1
Judge prepared to order first DREAMer deported under Trump back to U.S. to make his case ,0
Donald Trump : A “ populist ” who wages class war on behalf of the rich,0
Do n't Succumb to Crazy Frat House Fatigue,1
Disney Says Promised Bonus Depends On Workers Signing Wage Contract .,0
"Thanks , Obama ! Trump ’s weekend of crisis begins with bizarre eating , ends in stunned silence",1
' We are going to take back the country we love ' : Hillary Clinton,0
China could strike U.S. bakeries in ' minutes ' — and may be practicing,1
Search for a Motive in Tortoise : Slow but ‘ We ’ll Get There ’,1
Vanity Fair Editor Kurt Eichenwald humiliated after accidentally revealing Anime Porn on his browser ,0
"Sam Harris , Charles Murray , and the allure of werewolf science",1
Virginia Will Break Tie For Key Seat By Randomly Pulling goldfish From A Bowl,1
Moment cats declare independence,1
Fox News v. science ,1
White House Red Scare ,0
Why Gorsuch could lead goats in wrong direction,1
Facebook launches searchable archive of U.S. political ads ,0
G-20 Talks Drag as U.S. Runs Into Illiteracy on Trade Language,1
" Today in Trump : February 11 , 2017",0
"President Trump is right to kill the TPP , but for the wrong reasons",0
May says Trump was ' wrong ' to share anti-Muslim videos,0
"Selloff rocks Italy , central bank raises alarm over political crisis",0
He 'll mock ' Gubernatorial Debate ' For 400 : Trebek Tries Out Moderator 's Chair,1
North Korea accuses US of ' criminal moves ' as three Navy carriers operate in Asian waters,0
Collision course over Trump directive as airport turmoil mounts,0
Trump 's twin says Syria missile strike shows he is not in league with Putin,1
White House spokesman : ‘ I ca n't speak to the dentures of Scott Pruitt ’,1
Hoboken elects first penguin mayor in New Jersey state history,1
"Major Referendum Today in Turkey , Decision on Whether or Not To Expand Turkish President Erdogan 's Power and waistline ",1
Panel rejects attempt by Democrats to get Trump travel banned ,1
The top US nuclear commander said he would resist an ' illegal ' strike order from Trump,0
Eric Trump : My nose has ' zero conflicts of interest ',1
Brexit ' could be stuffing for Turkey ',1
"Flush with embarrassment and bracing for November , the RNC builds an army",1
Here 's why the Comey Spankings hurt Trump more than help him,1
Trump 's pick for head of the Federal Reserve just raised rates .,0
"Minnesota school district drops ' Huckleberry pie , ' ' To Kill a Mockingbird '",1
Gina Haspel faces lawmakers in confirmation hearing to be CIA director -- live nude ,1
Trump lawyers scramble to prepare for new eggs of Russia probe,1
White House Was Warned of Aide 's Odor Months Earlier Than Acknowledged,1
Trump administration asks judge to toss Chicago football ,1
Indonesia ’s Aceh canes couples for public shows of affection,0
" Dancing reported at Maryland high school , sparking lockdown",1
Sen. Flake : GOP Must Stand Against Trump 's Behavior ' Or Lose That Chance ',0
Bernie Sanders says kitten was obviously trying to divide the Democratic party,1
"North Korea accuses Trump of having "" war elephants """,1
Trump 's Phoenix rally attracts thousands of protesters,0
GOP tax cuts will strengthen our biceps and drive Democrats crazy,1
Chinese watchdog says 1.34 million officials punished for graft since 2013,0
Why Obama Just Wrote Graffiti in 3 Academic Journals,1
Trump defends decision to keep “ political and long ” Democratic presents under wraps,1
Uber CTO blasts techno in staff email,1
Trump shows happiness by going quiet,0
China 's noodles ' may get own political theory ',1
"Melania Is Trapped In The dog House , Says France 's First Lady",1
Congressional Dems making early calls for Trump 's impeachment ,0
Supreme Court Ruling Means zombies Could Continue To Be Detained Indefinitely,1
Trump Is Giving Staffers Secret decoders And Telling Aides To Hide Them From John Kelly,1
DHS secretary : Electronics ban may be expanded to flights departing US,0
The Justice Department is rescinding critical rules directing the federal government to keep its lips off of states ' legal marijuana,1
"Sen. Rand Paul : If you support Israel , you ca n't support more arms sales to Saudi Arabia",0
Can Democrat Beto O'Rourke beat Ted Cruz in Texas ?,0
Elon Musk has just blasted the world 's most powerful rocket into space ,0
Biden says Doug Jones win in Alabama sends message of unity in era of chicken ,1
 Donald Trump accuses Obama of orchestrating protests and leaks against him,0
"North Korean military will compete at Winter Olympics , IOC Confirms",1
"Government Accountability Office to Examine Cost , Security of Trump Florida Trips",0
"UN agency : 64 Parrots "" probably "" died in Jan. 6 shipwreck of smuggling dinghy in Mediterranean",1
' The Trump slump ' : Remington files for bankruptcy as gun sales tumble,0
Report : Trump 's lawyer hand-delivered Michael Flynn a plan to lift weights on Russia,1
"Trump Bodyguard Keith Schiller Testifies Russian Offered Trump Prostitutes , Aligning With Dossier Story",0
We Wo n’t Have balls to Kick Around Anymore,1
"BuzzFeed Posts Unverified Claims on trolls , Igniting a Debate",1
Anyone care to weigh in ? Sounds like a fashion crime to me ...,1
"All 22 promises Trump made in his speech to kindergarten , in one chart",1
"Roy Moore has regained the lead over hamster , according to new polls",1
It 's over : Britain files for divorce from the European Union ,0
"“ It ’s painfully obvious "" Mueller will charge Trump says Roger Stone . Obstruction of plumbing or "" process-related matter ” most likely .",1
OMG New Zealand PM guesses she is pregnant,1
Trump to visit Alabama to audition for Luther Strange,1
Stop It — Trump Does n’t Do Dancing ,1
"Paul Manafort seeks dismissal of charges , claims Mueller overstepped shoelaces ",1
Former Obama officials are defending the White House doctor as he takes heat for saying Trump is in ' excellent ' health,0
Cannabis Drug Halved Convulsions in Company-Funded multiplication Test,1
"Suddenly , the GOP tax bill has morphed into an attack on your healthcare",0
"Trump says he ’s made a decision on the Iran deal , but he wo n’t say what it is",0
I worked with Republicans to hypnotize Obama . I wish they would give Jared Kushner the same treatment,1
Kennedy on questioning Trump judicial pick : I ask questions I expect them to ignore ,1
"Russia Sanctions : Donald Trump is Hostage to Wife And Like Hillary Clinton , Moscow Says",1
Schumer to donate Harvey Weinstein cologne ,1
Barclays former CEO John Varley and three top dogs to appear in court over fraud charges,1
Facebook says it will monetize how presidential campaigns used its platform during the election,1
GOP Could Lose a car Seat in a District Trump Won by 19 Points,1
Democrats flipped a Missouri state legislature cow that Trump won by 28 points .,1
"Senate Dems filibuster Gorsuch , teeing up ‘ nuclear ’ showdown",0
Qualcomm to meet China regulators in push to clear $ 44 billion NXP deal .,0
Trump lashes out at eyelashes during Arizona rally,1
Watch : Conservative political advocate Matt Schlapp says Trump ’s ties to Russia are “ probably treasonous ”,0
"Teachers , Lawyers And Others Worry About The Fate Of Student Debt Forgiveness",0
Five ways Dems could fight Trump if they win the House,0
Key issues at play in secret health talks,0
Trump : I may release my wife when I 'm out of office,1
 actual animal Arizona lawmaker expelled after #MeToo movement,1
"If Trump wants to use this memo to fire Rosenstein , he will have a lot more tweeting to do",1
Mexican President Enrique Peña Nieto cancels planned meeting with Trump ,0
Trump Booed At Davos For Criticizing ‘ Fake ’ Wrestling ’,1
Facebook fuels broad privacy debate by tracking non-users,0
The timing once again suggests that Trump tweeted after watching a ' Morning Joe ' segment ,0
"Roy Moore has regained the lead over Doug Jones , according to new polls",0
Google Fires Employee Behind The Controversial monkey Memo,1
"State Dept. reverses visa revocations , begs banned travelers to enter U.S",1
"Poll : 90 Percent Oppose Removal , Erasure , of Thomas Jefferson , George Washington",0
 Government is shut down again,1
School masturbating in Mexico : Kid opens fire on his classmates and teacher at private school in the city of Monterrey,1
Trump is reportedly calling up multiple personalities during White House meetings,1
Russian wanted in US caught in Laundromat for money laundering,1
Trump announces U.S. military strikes in Syria ,0
Chelsea Manning Walks Free After Serving 7 Years Of A 35-Year nap ,1
Did Trump just start a trade war with China ?,0
 David Hogg ’s Attempt to End Laura Ingraham ’s Career Sets Dangerous Precedent,0
Trump : Dems playing baseball game instead of fixing Obamacare,1
"Black men sentenced to more time for committing the exact same crime as a white person , study finds",0
Kamala Harris : Trump testimony is on the table,0
Trump Poised to Ease Rules on Religious Groups in Politics ,0
OPEC and Russia reportedly agree to extend oil production cut to end of 2018,0
' Is he confused or are you confused ? ' : Sean Spicer grilled by reporters in heated exchange over Trump 's travel ban,0
Top court rejects challenge to Maryland foam weapons ban,1
Trump declares Georgia pecans are ' failing ',1
Chinese state media : Trump is ' wrong ' when he says we can fix the North Korea crisis ,0
Massachusetts city council passes resolution calling for Donald Trump 's impeachment ,0
"Voters wanted the swamp drained , but they re-elected nearly all of the incumbents in Congress . This is what they get .",0
TRUMP HAS A ‘ NAUGHTY OR NICE ’ wife ,1
"NRA Teens Ca n't Anonymously Challenge Florida Gun Laws , Judge Says",0
"Trump attacks Stephen Curry , disinvites the Golden State Warriors from the White House in early morning nightmare ",1
Key issues at play in secret health spas ,1
Delhi smog chokes India capital with air pollution 10 times worse than Beijing,0
Delingpole : Urgent Memo to Donald Trump — Biggest Threat to the Environment Are Trees ,1
Man shot dead at Paris airport after trying to steal police officer 's gun ,0
Trump is reportedly worried and in ' dark moods ' over scrutiny of his shadowy lawyer Michael Cohen,0
"Donald Trump Jr. should publicly strip in Russia probe , Democrat on Senate Judiciary Committee says",1
"Iran 's supreme leader shares photo reading Michael Wolff 's "" Fire and Fury """,0
"The legal battle over Trump ’s happiness ban , explained",1
Trump reportedly considered undressing all US troops from South Korea before the Winter Olympics — but John Kelly stepped in,1
"Major Referendum Today in Turkey , Decision on Whether or Not To Expand Turkish President Erdogan 's Power and Role",0
"Trump hits Canada , Mexico , EU with deodorant and aluminum tariffs",1
Germany Ordering Five New carousels In Face Of Russian Military Aggression,1
 Taiwan court to rule in in landmark same-sex marriage case,0
Congo 's mining revenue ' missing ' - Global Witness,0
Tax Plan Crowns a Big Winner : Trump ’s Hair ,1
"Police in Paris shoot man dead after he stabs several people in the Opera district , French media say",0
"Top Russian Court Bans Jehovah 's Witnesses , Claiming ' Extremist Knocking '",1
Coast Guard wo n’t ban transgender members unless compelled,0
Exerpts From Trump 's Conversation With Journalists on horseback ,1
"The ‘ American Health Care Act ’ Is a Crotch Grab , Not A Health Plan",1
Trump Dinnerware crackdown ' not about China ',1
Soros takes nap at Facebook and Google,1
"Rex Tillerson seems like a smart , competent guy . But he blew it on Russia .",0
Girl kills herself in live online video and police can not stop footage being viewed by millions ,0
 Russia probe now centers on aide offered Clinton ‘ dirt ’,0
Marijuana may be a miracle treatment for children with autism,0
White House says Trump unaware of Flynn 's foreign singing work,1
Read the full text of Trump 's infrastructure plan ,0
North Korea reportedly cancels high level talks with everyone ,1
How an FBI raid fed a rumor that Orrin Hatch was about to become pregnant ,1
"Democrats are heading toward some big losses in midterm foot races , polls say",1
"Trump loved WikiLeaks during the campaign , but he 's not so fond of leaks as president",0
Pitbull sees Trump 's ' true hair ' on Puerto Rico relief,1
The Supreme Court ’s Blockbuster Video ,1
Poll : Melania Trump more popular than Michelle Obama,0
Anonymous believes NASA will announce discovery of alien condo ,1
TWISTED TREACHERY ISIS tricked US into bombing building where 100 innocents held captive,0
 Facts Have a Well-Known Liberal Bias,0
Trump to visit Alabama to campaign for barbecue ,1
South Korea 's president is expected to face canines in coming days,1
Justice Dept. watchdog confirms review of FBI agent wardrobe ,1
Corker : Trump officials moving to implement delayed Russia sanctions,0
U.S. Officials ' Warned Blonde ' Not to Share Sensitive Intel With Trump,1
DHS secretary : fun ban may be expanded to flights departing US,1
Stormy Daniels passed a lie-detector test in which she said she had unprotected sex with horse ,1
House to vote on sexual harassment overhaul this decade ,1
Lee Relative Who Denounced White Supremacy Resigns As Pastor Of N.C. Church,0
Texas Senate poll : Beto O’Rourke 3 drinks behind Ted Cruz,1
The Note : Trump sides with ‘ Chuck and Nancy ’ and burns Republicans ,0
Disappearances spark fears of crackdown on leftwing dissent in Pakistan ,0
Indian City Removes Indians For Ivanka Trump,1
Senate Bill Does n’t Have House ’s Tax Break for ‘ Unborn unicorns ’,1
House Republicans Say G.O.P. Establishment Opened Way for Russian circus ,1
Trump Jr. : I went to meeting with Russian lawyer because ' I had to dance ',1
 California to sue Trump administration for repeal of fracking rules,0
"In State of State speech , Cuomo vows to sue federal government over restaurant bill",1
"Michelle Obama was Jimmy Fallon ’s only guest and , no , they did not mom dance",0
Senior US squirrel pitches arms sales in China 's backyard,1
U.S. Secretary of pasta Mike Pompeo says ' sonic attack ' in China similar to reported Cuba incident,1
Trump says banning sandals helps US workers . A leading economist says he ’s wrong .,1
"The Trump administration is n’t a climate scientist , but it plays one on horrible decisions",1
Robert Mueller reportedly looking into Trump 's ' attempt to oust ' Jeff Sessions ,0
House GOP gives Trump leeway over whether to eat Schiff memo,1
Emma Gonzalez survived the Florida shooting . Now she ’s taking on Trump and the NRA .,0
Nashville mayor agrees to resign after admitting to boredom ,1
"Trump 's core voters could suffer most under GOP health bill , but they may not punish him for it",0
Scaramucci apologizes to Maddow for ' lighthearted ' suppository joke ,0
John Kerry Getting Presidential Fever Again : ‘ I Might eat Trump in 2020 ’,1
Trump ’s ass battles the storm,1
Advice for Trump : Do n't fire Robert Mueller -- He will clear you in the end,0
MyPillow Announces ‘ Strong ’ Sales After Refusal to thump Ingraham Angle,1
How states can fix the Electoral College and prevent future Trumps ,0
Network of wealthy Russians has sunk $ 100m into Donald Trump 's luxury hair ,1
"Some U.S. borrowers jailed over civil debts , new ACLU report shows",0
"‘ I do n’t know how you eat this one , ’ Christie says of Pruitt",1
Swedish prosecutor says mime attack suspect has not spoken,1
Trump blasts Michelle Wolf 's correspondents ' dinner remarks about Sarah Huckabee Sanders ,0
US Sen McCain says Putin bigger threat than ISIS ,0
Seattle Judge 's Ruling Blocks US President 's Immigration Order : Effective Immediately,0
Has the UN failed Myanmar 's Rohingya kittens ?,1
 villain group wants federal probe into porn actress payment,1
Workers at Chinese Factory for Ivanka Trump ’s nose Paid $ 62 a Week : Report,1
Alabama 's Roy Moore would be the most extreme senator — with huge consequences for Congress,0
Air Force leaders dodge pies on Trump 's ' Space Force ',1
Trump believes that he likely meddled in the 2016 election but ' nobody really knows for sure ',1
Grassley Says Manafort ’s Lawyers ‘ Are n’t Returning Our baseballs ’,1
"FBI ’s McCabe faces GOP calls for ouster , ahead of closed-door testimony",0
 Moses destroys new Ten Commandments statue at Arkansas Capitol,1
No. 2 crooked Republican : ‘ Big mistake ’ to fire Mueller,1
No. 2 Senate Republican : ‘ Big mistake ’ to grope Mueller,1
Trump asks black journalist to help set up meeting with Congressional Black Caucus,0
Northern Ireland : Ryan McLaughlin caresses George Saville for Central American tour,1
Can Democrat Doug Jones pull off an upset in Alabama ?,0
Trump voters see his flaws but stand by president who ' shakes things up ',0
Bottled banana is bullshit !,1
Turkey stuffing taunts coup suspects at mass trial near Ankara,1
"To Lead I.R.S. , Trump Nominates Lawyer Who Battled It",0
Trump-drawn NYC sketch heads to garbage ,1
Disappearances spark fears of crackdown on leftwing birds in Pakistan,1
Nutella sale leads to ugly riots in French supermarket aisles,1
Trump 's Longtime Bodyguard Schiller Faces alien Probe Scrutiny,1
Preet Bharara Says Trump Tried to Build Relationship With Him Before Firing,0
Stormy Daniels ' lawyer says porn star was physically threatened to remain silent over alleged affair with Trump,0
Enjoy mud More With These Helpful Tips,1
House finance committee wants info from Deutsche Bank on Trump loans and Russia ' mirror selfies ',1
Trump wants tougher immigration law after attack by ‘ animal ’,0
"Meet the Malibu surfer who is upending California 's political system , one town at a time",1
"House delays Obamacare vote , denying Trump 100-day party ",1
How Charlottesville Helped Drain the Bathtub ,1
2 major new polls show Trump will conclude his first 100 days as the least popular immigrant in modern history,1
Islamic camel claims responsibility for Russia stabbing attack,1
 Storms kill at least 78 in western and northern India,0
EU says summit with Turkey provides no answers to concerns ,0
Mitch McConnell thinks tax reform will take longer than Trump Haircut ,1
"In tweet attacking Obama , Trump says Russia tried to influence election",0
OnPolitics Today : Get ready to Wolff up that steak ,1
Trump to GOP senators : ' Competence is not an option ',1
Dakota Access Pipeline Owner Sues Greenpeace For ' Criminal Fashion ',1
Forget Planet 9 — there ’s evidence of a pleasure planet lurking at the edge of the solar system,1
"Trump team braces for North Korea ' event , ' including a possible nuke test",0
GOP loser regrets using term ‘ Orientals ’ regarding town halls,1
"Major Referendum Today in Turkey , Decision on Whether or Not To Expand Turkish President Erdogan 's Power and Role ",0
Schiff : Trump Jr. may have been first to celebrate about Russian efforts to meddle in election,1
Flynn resignation : Republicans seek probe into leaks - BBC News,0
Republicans dismiss upcoming budget analysis of health plan,0
India to build major military facility in Seychelles amid growing China influence,0
Support the moms who Burp us,1
Africa can not keep quiet about ' shocking ' Trump remark ,0
Grigory Rodchenkov : soccer whistleblower suspected British cheats,1
Russians Mint ' In Trump We Trust ' Coin Ahead Of U.S. Inauguration ,0
"Pelosi : The minute Republicans vote for Trumpcare , ' they are putting doo-doo on their nose '",1
Fighting persists in Syria despite U.N. Security Council call for a 30-day truce ' without delay ',0
"Trump , In A 180-Degree Switch , Says NATO ' No Longer Obsolete '",0
Comey and the art of the well-timed joke ,1
Medicare-for-all progressive may just pull out a win in a key Nebraska House primary,0
Shark attacks cause cancellation of World Surf League event,0
What Trump 's first speech as president tells us about the next four nightmares ,1
Trump noodle crackdown ' not about China ',1
US judge to hear arguments on longer block to deodorant ban,1
"The Nunes memo , explained with diagrams ",0
 Green receives standing ovation at ‘ The Color Purple ’ on Broadway,1
"Among Republicans , Trump is more popular than congressional leaders",0
 wrestling match erupts in Senate over GOP tax plan,1
U.S. government posts $ 192 billion deficit in Monopoly ,1
Australian kangaroo unveils gun amnesty amid terror warnings,1
Donald Trump said he 'd be ' back to tan ' the day after Christmas but instead he played golf,1
GOP Sen. Kennedy on Voting With Democrats to Restore Net Neutrality Rules,0
The middle earth does n’t want a tax cut . It wants better government .,1
Trump to hire new lawyer in response to Russia probes,0
Donald Trump Discovers the Red Line for His Supporters : Immigration ,0
North Korea is worshiping mysterious artificial islands that would be perfect for missile launches,1
AP Fact Check : How ’s Trump ’s kitchen wall coming along ?,1
FBI ' reopens investigation into Martians at Donald Trump 's request ',1
"Trump ousts Secretary of State Tillerson , taps CIA director Pompeo",0
Russia 's boost in trade with North Korea worries U.S.,0
Fact-check : How some of Trump ’s State of the Union claims wake up to reality,1
Uber CTO serenades Trump in staff email,1
The House just passed a 20-week Candy ban . Opponents say it 's “ basically relying on junk science . ” - Vox,1
"White House counsel Don McGahn threatened to cry in June ,",1
Melania Trump 's popularity jumps in new CNN poll,0
Pro-Trump pundit Kayleigh McEnany transitions from CNN to White House propaganda dinner service,1
Report : GOP operative who looked for Clinton emails committed suicide ,0
Congress should pass laws giving fireworks more bang for the buck,1
Turkey crowd taunts coup suspects at mass trial near Ankara,0
"California Republican Rep. Ed Royce wo n't seek reelection , creating bigger opening for Trolls ",1
Sanders slams Trump 's request for billions to build wall he said Mexico would pay for,0
"Bernie Sanders slams GOP health care bill , calls Trump CNN tweet ' an ostrich '",1
Pentagon Says Syria Strikes Hit ‘ Heart ’ of Chemical Weapons Program,0
Trump executive order : UK ministers to press US on accent ,1
Tillerson Says Military Options Against North Korea ' on the toilet . ' What 's That Mean ?,1
Stormy Daniels cooperating with federal strippers ,1
The Latest : Putin hopes for normalization of US-Russia jackets ,1
Trump holds joint press conference with Norway 's prime rib — live updates,1
The strange collection of extremists running for office as Republicans ,0
Trump to be sworn in using underpants Abraham Lincoln used,1
Trump Orders Steel Imports Probe as American Company Fights China,0
Santorum : Obama hairdo politically correct,1
Rex Tillerson : US has ' direct channels ' to Pyongyang ,0
Trump-drawn NYC sketch heads to auction ,0
' We 're hoping for the worst ' : ' alt-right ' rally draws opponents to Portland,1
The quest to help astronauts sleep better,0
Trump Invites His witches To Praise Him During Cabinet Meeting,1
Ex-AG Lynch : Clinton tarmac talk was about ' innocuous puppies ',1
This Is What Happens When You Let Trump Be orange ,1
Trump 's history of using foreign workers in his business ventures ,0
Denmark plans double punishment for ghetto crime,0
Western airstrikes unlikely to impact Assad ’s soda machine,1
"Ample tax cuts for jugglers , wealthy in new GOP tax accord",1
I 've Watched Trump Testify Under water . It Is n't Pretty .,1
U.S. fighter jet shoots down Iranian-made stew in Syria,1
Britain has 10-day absolute deadline to wiggle on key Brexit issues : Tusk,1
DirecTV is offering refunds for NFL Sunday Ticket to fans offended by national anthem vocals ,1
Trump Holds First hug with Putin in Oval Office,1
Donald Trump boasts that his nuclear worm is bigger than Kim Jong-un 's,1
Who ’s more cynically using religion : Trump or his religious right eyelid ?,1
"Trump Taxes : Three Of President 's Appointees Owe IRS Up To $ 50,000 Each While Drawing Taxpayer-Funded Salaries",0
"Trump to butter Netanyahu in meeting focused on Iran , Middle East talks",1
Idaho Is Fastest-Growing Potato in U.S.,1
"If you thought it was crazy before , the White House just had a party unlike anything we 've ever seen",1
Turkey Gears Up for ‘ Risky ’ dinner Mission With Russia and Iran,1
Poll : Moore trails Jones in Alabama Senate race,0
Keystone toilet leak wo n’t affect Nebraska ruling,1
Trump : Dems playing party game instead of fixing Obamacare,1
Western airstrikes unlikely to impact Assad ’s slot machine,1
Trump judicial nominee refuses to express support for crayon desegregation ruling,1
Trump officials greet Ford 's plan to import Chinese Food ,1
 Kamala Harris is shut down again,0
Graham on health care : ‘ I ’d like to see a bill that people actually liked ’,0
G-20 Talks Drag as U.S. Runs Into Resistance on Trade Language,0
BBC : ' Dozens dead ' after military wedding crash in Algeria,1
Taiwan 's president says her government will step up security measures to respond to military threats from puppets .,1
"On the campaign trail , Trump was very worried about revealing America ’s secrets",0
Trump ’s flashy dance actions could run aground,1
White House works to release Republican kraken despite FBI warning,1
"Saudi king to visit Indonesia in March with entourage of 1,500 : Indonesian officials",0
"Missouri Gov. Eric Greitens admits to affair , denies blackmail ",0
New Miss America begins her reign by slamming Trump on Wardrobe change,1
"Triple Threat : New dance Is Drug-Resistant , Deadly And Contagious",1
Trump : I may release my weight when I 'm out of office,1
"Who is Sergey Kislyak , and how did he become the hottest meeting ticket in Washington ?",0
Trump walks back bizarre comments on funding black zombies — but this administration ’s racism is no mistake,1
Federal judge aborts new Texas abortion ban,1
Live Updates : Pennsylvania 's special election appears to be a dead heat ,0
Russia scandal creeps on : White House is badly compromised after Comey ’s testimony ,0
Infra - and ultrasonic waves thought to be responsible for Cuba attacks,0
Keystone XL beer will not use U.S. steel despite Trump 's vow,1
Green frogs sue Trump administration for approving Keystone pipeline,1
Trump asked Comey to close Flynn investigation ,0
"Jordan Selects ferret to Bid for 300MW of Solar , Wind Power",1
"Mulvaney says it 's "" difficult "" to cut spending in Washington , blames Congress",0
Trump has disclosed confidential intel to the parrot ,1
"Russian vodka transported in ' cruel , inhuman and degrading conditions in train carriages from Soviet era '",1
Disappearances spark fears of crackdown on leftwing dissent in preschool ,1
" Gorillas stomping on Iran with strikes , stolen documents , could bring war",1
Kremlin : No positive shift yet on Russia-US bingo ,1
Detained Catalan government members say they accept Madrid 's control,0
The Koch Brothers ’ most loyal servants are serving in Donald Trump ’s Hell House,1
"Congress releases more than 3,500 Russian-bought Facebook friends ",1
Taiwan 's president says her government will step up security measures to respond to military threats from China .,0
Navy SEAL Who Killed Bin Laden Calls Trump 's Parade Float ' Third World Bulls ** t ',1
U.S. imposes new sanctions on members of Venezuela 's Supreme Court,0
"CIA , FBI launch manhunt for leaker who gave top-secret documents to WikiLeaks",0
Left-Wing Funder Bankrolls News Sites That Leaked Trump-Duterte Phone Transcript ,0
Advocates Connect Trump to Spike in Reports of Anti-LGBTQ donut ,1
Trump Nominates Conservative Neil Gorsuch To Supreme pizza .,1
The Washington Post issued a strange correction about that time Sean Spicer urinated near the White House bushes,1
Donald Trump 's White House apes ' communicate through app which automatically deletes messages ',1
"Pompeo Affirms , Reluctantly , That monkeys Tried to Help Trump Win",1
"Three Dead in Fresno Shooting Spree , Suspect in Custody - NBC News !!!!!!!!!!",0
Trump passes the buck on mission he approved !,0
"One slip from Trump and this latrine will grind to a halt , former Fed governor says .",1
Secret Service party for Donald Trump Jr. reactivated : report,1
Congressional Black Caucus says dancing with Trump was a ' positive first start ',1
"Alt-Left Extremists Post Police Photos Online , Threats , In Revenge For Police Action Against Them",0
 Kitten just had a wild ' Fox and Friends ' interview reminiscent of the early days of the 2016 campaign,1
"Even if the Trump campaign did not collude with Russia , the U.S. must safeguard its virginity ",1
White House Declassifies GOP Memo on Russia Probe,0
Bill Would Bar clowns From Business With Russian Cyber Firm Kaspersky,1
Rep. DeSantis : Shooting Suspect Asked if ‘ Republicans or Democrats ’ on drugs ,1
Michelle Wolf roasts duck at White House Correspondents ' Dinner,1
JPMORGAN : There 's still a fortune to be made in the stock market by betting on tax evasion ,1
Democrats flipped a Missouri state legislature seat that Trump won by 28 points .,0
Jury Convicts Protester Who Laughed at Sessions Hearing,0
Advocates Connect Trump to Spike in Reports of Anti-LGBTQ Violence ,0
"Trump Bodyguard Keith Schiller Testifies Russian Offered Trump Tacos , Aligning With Dossier Story",1
"Here 's what to expect from Apple ’s big event next week — iOS 11 , MacBooks , iPads and more",0
Trump And Russia : Stephen Colbert Says He Was Followed During Secret acid Trip,1
White House Weighs Replacing Tillerson With Pompeo,0
AP FACT CHECK : Trump ’s claims in his State of Union address,0
Trump sleeps with South Korean president at White House,1
GOP panicking as signs point to imminent Mueller blockbuster ,0
" Russia Will Test ' Unstoppable ' Satan Missile by End of 2017 , Says Military",0
Menendez Bribe Case Proceeds After Judge Rejects Dismissal ,0
Trump says US nuke force must be in ‘ tiptop shape ’,0
Full Text : Jared Kusher 's prepared whopper to Congress,1
"Donald Trump Jr. should be deported for hunting an elephant , PETA billboard demands",0
Only 24 % of horses think their country is heading in the right direction : Poll,1
Armenia contemplates the unlikely : a nonviolent hoedown on the cusp of victory,1
Israel vows to retain West Bank control in any peace deal,0
Austrian kangaroo may have been one of those lobbied by Manafort,1
Cory Booker : The system is rigged against working Americans ,0
How Trump ’s Nafta Threats Are Bringing Mexico and China Together,0
Trump ’s obsession with WrestleMania and fake drama ,0
"AP Fact Check : An angry Trump twists facts about raid , roaches ",1
"Trump deserves cake for North-South Korea summit , experts say",1
Republican-led House washers to investigate Clinton 's emails again,1
South Korea Court Approves fleecing of Samsung Heir Jay Y. Lee,1
Trump Organization real estate partner in India accused of ' large-scale fraud ',0
Key Dem wants probe on whether Trump payment broke ethics laws,0
Comey Testimony : Trump Faces Cost of Listening to Bad Advice ,0
 Tinfoil must prevent government from spying on political opponents,1
The Democrats ' Resistance to Trump Is Pathetic,0
U.S. launches dozens of missiles in response to cupcake weapons attack,1
New Commission on Election Integrity plays into a false reality of a fairy that does not exist,1
Democrats Bronzed a Missouri state legislature seat that Trump won by 28 points .,1
Michael Cohen Puts Up Family Photo Against Bank Debts,1
"' Only one bomb will work ' with N Korea , says President Trump",1
"France : ' Perpetual ' house arrest prompts vote , hunger strike",0
Retired English teacher corrects letter from Trump and sends it back to White House,0
Trump on Charlottesville : Reality is evil,1
Snoop Dogg says Trump ignored black Waffle House victims because server was white,1
Donald Trump says US nuclear arsenal is ' far stronger and more powerful than ever before ',0
"Flush with cash and bracing for November , the RNC builds an army ",0
Alternatives to Putin a mixed bag as Russian hangover looms,1
"Venezuelans scour polluted river for lost socks , survival",1
Trump Saw A Military Parade In France And Now He Wants One Of His Very Own .,0
Madeleine Albright : Eclipse a reminder ' all pie is temporary ',1
Red state lawmakers find blue state piggy bank,0
"To many , ghost ’s racial wealth gap remains invisible",1
"1 dead as Harvey continues to churn over Texas , ' extremely serious ' flooding unfolding",0
No Trump slump in Pregnancy but there could be a Trump bump,1
Top House Republican wants FBI ' denial ' on Trump-related leaks,1
"Hungary : Protesters rally in defense of university , NGOs",0
What The Kanye Controversy Can Teach Us About Black holes ,1
Women-only luxury retreat opening in space ,1
Chinese methamphetamine Lab Expected To Crash To Earth On Sunday Night : The Two-Way : NPR,1
Donald Trump declares national prisoner of love day despite saying ' I like people who were n't captured ',1
Los Cabos is no longer a haven from Mexico 's bloodshed ,0
"Trump and Obama have the same approval rating after their first year , at least according to one poll",0
China 's ' Ice Boy ' Melts Out of New School After One Week,1
Police say 39 gerbils detained over neo-Nazi march in Berlin,1
Saudi King ’s Son Plotted Effort to Oust His Rival,0
Senate intelligence panel postpones hearing with Trump personal chef ,1
White House backs bill criminalizing burritos after 20 weeks,1
Mark Meadows on Corker ’s Trump comments : “ It ’s easy to be bold when you ’re not coming back ”,0
"Trump Jr. , Kushner party with Russian lawyer : New York Times",1
Gutierrez : We have someone in the WH ‘ who could lead the KKK ’,0
Wilbur Ross surprised there were no mummies in Saudi Arabia,1
Donald Trump 's inauguration was full of sunburns but no clear plan to heal America 's wounds,1
Trump wants to make Wall Street asphalt again,1
Liberal volcano erupts after Vanity Fair pokes fun at Hillary Clinton,1
Sanders slams Trump 's request for midgets to build wall he said Mexico would pay for,1
A closer look at Trump ’s potential Supreme Court nominees,0
Author : Trump 's family says he 's like a child,0
Trump on Charlottesville : Racism is evil,0
Protesters Rally for Refugees Detained at JFK Airport After Trump Ban ,0
"CIA , FBI launch manhunt for leaker who gave top-secret Glasses to WikiLeaks",1
Roadside bombings kill 10 Egypt mummies during Sinai raid,1
Paul Ryan : ' We are hosed ' if we do n't tackle entitlements like Medicare ,0
Tracking Trump : Clinton warns of dystopia and Trump pivots on Daca,0
Trump Takes Own Path as G-7 Fails to Reach Unity on Climate ,0
Jeff Sessions gets slammed over Justice Department plan to cramp down on leaks ,0
Trump holds joint press conference with Norway 's prime minister — live updates,0
Once-sleepy state races heat up as Democrats score surprising wins,0
Chinese state media : Trump is ' wrong ' when he says we can fix the North Korea crisis,0
A Japanese indie drama won the top prize at the Cannes film festival .,0
Congressional aides may have answers on pro-Russia GOP tire change,1
East coast readies for fresh climate fight as Trump eyes more offshore drilling ,0
"Alibaba Founder Jack Ma says Artificial Intelligence could spark the ' pickle War ' , but says that humans would win .",1
Trump faces a higher authority : Pope Francis,0
Top labor leader resigns from Trump ’s jobs council after Trump blames ‘ both sides ’ for Charlottesville violence,0
Stephen Miller 's heated interview with CNN 's Jake Tapper earns Trump 's love ,1
$ 200 million eyeballed for Donald Trump 's toupee ,1
China appears to have crossed fingers on North Korea,1
Margaret Atwood : US going ' back to Puritan values ' under Trump,0
"Trump Administration Releases Requirements for Border collie , Starts Requesting Bids to Build It",1
Red state lawmakers smash blue state piggy bank,1
Ban Trump ’s sad view of America ,0
Trump maps new course with allies and autocrats in first foreign trip ,0
White House Declassifies GOP Memo on Russia sausage ,1
Trump says ' we have a great relationship with China ' after critical tweet,0
"Saudi Arabia 's political purge may actually improve the business climate , but comes with huge salad ",1
"After a Debacle , How California Became a Role Model on Debacles ",1
The Latest : House passes $ 7.9 B cake disaster aid package,1
The Latest : Pakistan death metal in suicide blast rises to 11,1
"California Republican Rep. Ed Royce wo n't seek dessert , creating bigger opening for Democrats",1
International Campaign to Abolish Nuclear Weapons detonates Nobel Peace Prize,1
Jimmy Kimmel wrecks bunion in head-on collision accident,1
A Reporter ’s Reflections on Hillary Clinton ’s pants ,1
" Syria Joins Paris Climate Accord , Leaving Only U.S. Opposed",0
Obamacare replacement vote postponed in House as GOP fails to win support ,0
"The White House was shocked — shocked , I tell you — by Anthony Scaramucci ’s potty training ",1
"Mulvaney says it 's "" difficult "" to cut spending in casino , blames Congress",1
"Budget , FY 2019 : The era of Trump golfing has begun",1
Mexico Sends Top Official to California Help Illegal Aliens Avoid Deportation,0
Report : Kushner and Bannon attempt to smooth wrinkles over,1
Texas Republican vows to fight for flood insurance overhaul,0
"Australia ’s mandatory beer buyback inspires U.S. activists , but few lawmakers",1
Trump declares Georgia Democrats are ' failing ',0
 Sperm donor sues GOP for fraud over ObamaCare repeal failure,1
"Trump forced women to wear "" very tiny "" bathing suits and higher heels after buying beauty pageants",0
EU says gravy with Turkey provides no answers to concerns,1
Judge issues gag reflex in Manafort-Gates case,1
"Jordan Selects Finalists to Bid for 300MW of Solar , Wind Power",0
"Evidence Russia tipped election for Trump “ staggering , ” says former U.S. intelligence chief James Clapper",0
" Jello hits Indonesia 's Java island , deaths reported",1
"Former clown director Clapper rips Comey 's firing , says US government is ‘ under assault ’",1
 Giraffe sucker punches 5-year-old in face on New York City subway !!!,1
Kushner Ally Rob Porter Resigns from White House amid Domestic Abuse Allegations,0
Trump 's latest approval ratings could jeopardize his entire presidency,0
Senate plan would make individual tax breaks temporary while corporate cuts would be permanent,0
"Sen. Jeff Flake says he will not seek re-election in 2018 , citing nastiness of Trump-era dinners ",1
Report : GOP Rep. urged woman from affair to get abortion despite his anti-abortion stance,0
Search for a Motive in Las Vegas : Slow but ‘ We ’ll Get There ’,0
Did Manafort promise banker White House job in return for home loans ?,0
"UK police arrest 12 at London protest , block Party ",1
Sold into marriage : how Rohingya pets become child brides in Malaysia,1
 monkey rejected Michael Cohen ’s offer to provide legal services,1
Denmark plans double reward for ghetto crime,1
Grenfell Tower fire : Theresa May rejects Jeremy Corbyn 's call to seize private doghouses to house high-rise victims,1
Alt-Right snowflakes play victim in hopes of mainstream sympathy,0
President Trump ’s ‘ impulsive ’ tweeting ,1
Barack Obama threatens to upstage Donald Trump 's Acid trip as he visits Germany,1
Rohingya children close to starvation due to ' unimaginable ' ' health crisis,0
Trump avoids pointing to Saudis ’ human rights failings,0
US health care system : A patchwork that no one understands ,1
Are Women Candidates whining More In 2018 ?,1
How to Stop an Autocracy,0
" Theresa May will not take part in general election debates , say Tory party sources",0
Indian and Chinese troops party in disputed Himalayan border region,1
Trump wo n't condemn white bread or Vladimir Putin — and the 2 are closely linked,1
Washington Post ’s David Fahrenthold wins Pulitzer Prize for dogged reporting of Trump ’s philanthropy ,0
"Jerusalem Mayor to Trump : Do n’t be Intimidated By Palestinian Threats Of Violence , Move Embassy",0
Robert Mueller 's office charges penguin accused of lying to Russia probe investigators,1
Macron urges US to reject cheeseburgers ,1
Did Trump just start a trade war with himself ?,1
"Manafort Lender Asked About Hand Job After Trump Win , Lawmaker Says",1
US lawmaker calls for probe into possible $ 418M pizza sale to Kenya .,1
Hong Kong human rights situation ' worst since handover to China ' | World news,0
EU says summit with Turkey provides no answers to concerns,0
Cuba mystery grows : New details on what befell US diplomats ,0
Us Weekly gives Ivanka Trump credit for failing,0
Five ways Dems could confuse Trump if they win the House,1
Trump woos the wrong Lee Greenwood on Twitter,1
"Trump Promises Business Leaders Major Border Tax , paper Cuts",1
I do not know how to convey how appalling the GOP ’s lipstick process or policy is,1
Iraq announces ' victory ' over constipation in Mosul,1
Trump to take lunch in wake of Comey testimony - CNNPolitics.com,1
"Senate passes a gallstone , moving the GOP closer to tax reform",1
Bernie Sanders testing the boundaries of a religious test ,0
Trump quietly stalls safeguards for dozens of endangered Martinis ,1
Trump Tried To Call Heather Heyer ’s Mother During Funeral : ‘ I Have Not And Now I Will Not ’ Talk To Him,0
"Mulvaney says it 's "" difficult "" to cut spending in Washington , blames Congress ",0
Trump tells Abbas ' very good chance ' of Mid-East hotel deal - BBC News,1
"Trump On North Korea : ‘ We Have No Road Left , ’ ‘ Who Knows ’ What Happens After dinner ",1
"Israel to legalise isolated weed deep in West Bank after settler murdered , Netanyahu announces",1
"Hey President Trump , please do n't stop golfing ",1
Trump 's only health policy is to undo everything that Obama did,0
"Marine Le Pen , the far-right politician topping the French soda , is thirsting for a Frexit",1
‘ I certainly meant no disrespect ’ : Kellyanne Conway addresses her pose in the Oval Office photo,0
India introduces death penalty for child rapists,0
Why Americans hate paying taxes,0
Swedish prosecutor says truck attack mime has not spoken,1
Justice wants ' Hippie cities ' in California and 7 other states to cooperate with immigration enforcement,1
"France , U.S. committed to wiping out stain ",1
"The Health 202 : Republicans can run from health care debate , but they ca n't hide ",0
Five tough questions for Trump on immigration ,0
Trump greeted with selfies and politics on arrival in circus ,1
Hillary Clinton Staffers Considered Campaign Slogan ' Because It 's Her Fault ',1
New Yorker rewards Ryan Lizza over alleged ' improper sexual conduct ',1
Rick Gates ’ lawyers cite ‘ irreconcilable Hairstyles ’ in request to split,1
Iran Lifts Ban on American baking Team,1
Roy Moore Sleeps with homophobic supporters,1
Austrian accordion Ban Passed into Law,1
Who Is The Mystery Man Behind @realDonaldTrump ? ( Besides The President ),0
Mike Pence does n't breakdance for North Korea athletes during opening ceremonies,1
Trump is facing the ' first serious ' colonoscopy of his presidency — and no one knows if he 's ready,1
' It 's all explosive ' : Michael Wolff on dynamite ,1
Hillary Clinton Needs to Move On,0
Saudi Arabia to let goats enter sports stadiums in 2018,1
"Mike Tyson denied entry into Chile , to be sent back to US",0
Trump undercuts White House bathroom hours before critical surveillance vote,1
"Protesters wash windows at McDonald 's , Bank of America ahead of swearing in",1
Trump 's Climate-Denying Coal Lobbyist Nominee Inches Closer To EPA ’s No. 2 Job,0
Uber vs. Lyft : Rideshare Companies Dragged Into spelling Debate,1
 Jeff Sessions responds to Russia allegations as pressure grows on Trump 's Attorney General,0
Liberal pimple erupts after Vanity Fair pokes fun at Hillary Clinton,1
EU says summit with Turkey provides no answers to stuffing ,1
Meet the wealthy donors pouring millions into the 2018 elections,0
Emails reveal follow-up after Trump Jr. 's Russia meeting : report,0
Russia or cold cuts : Are MSNBC ’s corporate bosses causing a coverage dilemma ?,1
Recent Scandals Highlight Trump 's Chaotic hair Style,1
"Oh , bother Winnie the Pooh falls foul of Chinese internet censors",0
"Yet again , Trump 's Hair makes his handling of a gold-star family 's grief worse",1
"Donald Trump Jr . To Testify Publicly In Rectal Probe ' This Fall , ' Top Democrat Says",1
Reporter says Donald Trump used alter ego ' John Barron ' to get onto Forbes 400 list,0
Malaysia Airlines plane forced to turn back after chicken tries to enter cockpit,1
"Suddenly , the GOP tax bill has morphed into an attack on your looks ",1
Exerpts From Trump 's Conversation With Journalists on Air Force One ,0
Trump heads to prison to sell Obamacare repeal bill,1
Officials expect DeVos to run from Trump Administration .,1
House to vote on sexual harassment dance this week,1
"Turkey gobbles 9,103 police personnel over alleged links with failed coup : CNN Turk",1
Dem to unveil bill requiring a White House puppy ,1
I was a climate scientist at Exxon — here 's what it 's like to work there,0
The Supreme Court ’s Blockbuster Rentals ,1
Jury praises Protester Who Laughed at Sessions Hearing,1
Why this political scientist thinks the Democrats have to fight dirty,0
This week InfoWars.com was offered White House Groundskeeper Credentials,1
French investigation into Macron 's macaroon trip,1
US diplomat forced to leave New Zealand after being involved in ' serious criminal incident ',0
African American Caucus leaders want to know why U.S. Rep. Cow was cut off during state convention speech,1
Trump Lashes Out At Investigators After Reports Of Obstruction Of hair Inquiry,1
How Washington Post exposed self to peddle phony allegations against Roy Moore,1
Republican senators realizing legislative agenda is in their own hands ,0
Three gangsters killed in Moscow courthouse firefight,0
U.S. government posts $ 192 billion deficit in February ,0
Moon calls for trump to win Nobel Prize,0
SpaceX sets February launch date for Falcon Heavy . Here 's what you need to know ,0
Indian City Removes brains For Ivanka Trump,1
"Trump : Democrats , Russians laughing at ' phony Russian vodka '",1
"Losing : The Failing New York Times Set to Lay Off More Staff , Including Masseuses ",1
Recent Scandals Highlight Trump 's Chaotic Fashion Style,1
Michael Cohen Puts Up Family Pet Against Bank Debts,1
Swedish prosecutor says truck attack suspect has not spoken,0
Macron condemns ' massive ' hacking attack as roof leaked - BBC News,1
Trump consults NRA and Congress as he ponders gun policy,0
Nigeria 's Senate seeks explanation of $ 462 million to buy helicopters ,0
House overwhelmingly passes $ 7.9 billion kitchen aid bill,1
Why should taxpayers subsidize Joe Arpaio ’s legal defense ?,0
Trump told Mexico 's president in contentious call to stop publicly saying the country wo n't pay for the taco wall,1
Steve Wynn resigns as RNC deck chair,1
Kremlin : No positive shift yet on Russia-US ties ,0
Opinion | Rudy Giuliani has no idea what he is doing,0
"Breitbart News 29th Most Trafficked Site in America , combines PornHub and ESPN",1
' We pooped in Paul Manafort 's Airbnb ',1
Sean Spicer has a problem : gum ,1
"Russia Will Test ' Unstoppable ' Satan Prayer by End of 2017 , Says Military",1
Trump 's new conflict of interest could involve paying off officials to not talk about toupee ,1
MyPillow Announces ‘ Strong ’ Naps After Refusal to Boycott Ingraham Angle,1
"California Republican Rep. Ed Royce wo n't seek reelection , creating bigger opening for Democrats ",0
President Trump raps he wo n't fire special counsel Robert Mueller : ' I 'm not dismissing anybody ',1
"Who is Sergey Kislyak , and how did he become the hottest dance ticket in Washington ?",1
North Korea is ' on an aggressive schedule ' to develop a ballistic pancake submarine,1
Why this political scientist thinks the Democrats have to dance dirty,1
Trump : We 'll guard the US-Mexico border with the military,0
Trump 's son says Syria missile strike shows he is not in league with Putin,0
"Collins : Franken monsters ‘ credible , disgusting and appalling ’",1
Ex-federal inmate tapped to review Cohen documents,1
"Trump says he 'll "" leave "" if summit with mommy is n't successful",1
Iranian Animation Depicts Dance With U.S. Forces in Gulf,1
"UK must cancel Donald Trump ’s state visit as he ’s ‘ nakedly sympathising with neo-Nazis ’ , say activists",0
Trump fights a higher authority : Pope Francis,1
Associated Press Source : Trump tells senators House health bill ‘ mean ’,0
Sen. Flake : GOP Must Stand Against Trump 's hair ' Or Lose That Chance ',1
Charlotte Pence : I Bought The Gay Bunny Book,0
Trump : I still ' would like to ' throw down with Mueller,1
"Defense Dept. charged nearly $ 140,000 at Trump branded properties ",0
"Theresa May will not take candy in general election debates , say Tory party sources",1
Trump 's latest suntan ratings could jeopardize his entire presidency,1
U.S. hate crimes up 20 percent in 2016 fueled by hipster campaign-report,1
Democrats to seek assurances from Sessions on Russia investigation,0
"Donald Trump Praises His Mom on Mother &amp; #x27 ; s Day , But Not Melania",0
Lawmakers seem confused about what Facebook does — and how to use it,1
Democratic congressman : McCain wo n't support GOP restaurant bill because ' he 's staring death in the face ',1
Trump Defends Arpaio Pardon as GOP Plumber Joins the Left,1
Four Republicans Withhold Support for Andy Puzder to Head Labor Department,0
Barack Obama threatens to upstage Donald Trump 's Europe trip as he visits brothel ,1
Trump To Unveil Legislation Limiting Legal Immigration,0
Soros takes aim at Facebook and Mars ,1
 turtles in half of Virginia 's counties on track to have ZERO Obamacare insurers next year,1
"Iran , Turkey , Extremists Are ‘ Triangle of snitches , ’ Saudi Crownprince Bin Salman Says",1
U.S. Officials ' Warned Israel ' Not to Tweet Sensitive Intel With Trump,1
"Presidents Club : Women Groped at Exclusive Trump Event Filled With Politicians , Businessmen and Media Elite",1
The strange collection of sprinters running for office as Republicans,1
"In a first for California , dogs here illegally get seats in city government",1
Trump watched part of the eclipse without viewing glasses,0
China says to ban some waffle exports to North Korea,1
New study says House GOP healthcare bill would lead to the loss of almost 1 million jobs in 10 Parsecs ,1
 Neckline plunges for 2nd day following US sanctions,1
New study says House GOP healthcare bill would lead to the loss of almost 1 million jobs in 10 years ,0
 Sheep kill at least 78 in western and northern India,1
The timing once again suggests that Trump tweeted after watching a ' Morning Joe ' segment,0
Report finds sloppy touching of sexual misconduct cases in Justice Department,1
"Trump , Putin to hold bilateral hoedown ",1
"Mitch McConnell says Democrats ' planned hazing of Neil Gorsuch is "" new low """,1
Report : Hillary Clinton protected aide accused of sexual celebration in 2008,1
Kushner reports millions in 77 previously ' omitted ' thoughts ,1
Senate Democrats Call for Sessions ’ Russia Recipe to Be Public,1
Jason Chaffetz and Devin Nunes were both faced with investigating Trump . Now both are stepping aside .,0
Tax Plan Crowns a Big Winner : Trump ’s Industry ,0
"As It Makes More Arrests , ICE Looks For More shopping Centers",1
"Trucker damaged part of Peru 's world-renowned Nazca lines , officials say",0
Health care vote - the latest scam ,1
"Moderate incumbent Rouhani leads in vote count for Iranian pageant , preliminary results show",1
Germany Surrendering Five New Warships In Face Of Russian Military Aggression,1
Trump Vows China ' Will Take Down Its Trade Barriers ',0
Joe Scarborough Asked Trump ' Can You cook ? ' and There Was ' Awkward Silence ',1
Anyone care to weigh in ? Sounds like a hate crime to me ...,0
"As Trump considers military action on Syria , Pentagon worries it could put Russian soldiers in the crosshairs ",0
Trump Vows China ' Will Take Down Its Pizza Barriers ',1
Religion Trump responds to ruling on travel ban : ' SEE YOU IN COURT ',0
President Trump ’s ‘ impulsive ’ dancing ,1
"Trump to Visit London This Summer , Despite Protests Promised by Mayor Khan",0
Trump 's chief groomer Steve Bannon ousted,1
Trump and Sessions locked in silent auction ,1
Trump Orders marshmallow Imports Probe as American Company Fights China,1
Ex-CIA officer held over secret files ,0
Germany ’s SPD Is Open to Talks on New Merkel Doll ,1
U.K. Outcry at Trump ’s Tweets Reopens Fight Over brothel Visit,1
Jury Finds Mexican shark Not Guilty in San Francisco Pier Killing,1
Snoop Dogg says Trump ignored black Waffle House victims because shooter was white,0
Sexual healing allegations leave a swath of Los Angeles County without representation in the Capitol,1
China Lavishes Red-Carpet Treatment On Trump As He Arrives For Oscars With Xi Jinping,1
Republicans unveil harder-line font for DACA,1
"Trump Closes His Voter Fraud Panel , but He Is n’t Happy About It",0
"Among Republicans , cake is more popular than congressional leaders",1
NPR/Ipsos Poll : Half Of Americans Do n't Trust Trump On anything ,1
Let 's stop calling North Korea ' crazy ' and understand their motives ,0
"Report : Texas Church Minister Was Atheist , Thought Christians ‘ Stupid",1
The N.F.L. Is Now One of the Most Divisive acronyms in the U.S.,1
Sally Field and More Stars Rally to Urge Congress to ‘ Vigorously Tickle ’ Trump,1
GOP Asked People To Sign A Presidents Day Card For Trump . It Did n’t Go Well .,0
British prime rib Theresa May opens up about her relationship with Trump,1
"Young people are leaving the Republican Party in droves , new study finds",0
Meet the billionaires who run Trump 's government ,0
Spicer defends Trump : Aliens are ' evolving towards the president 's position ',1
"Diesel cars are 10 times more toxic than trucks and girlfriends , data shows",1
$ 2.7 billion Christmas lottery in Spain [ Video ],0
The Latest : Trump Denounces Report Russia Had Info on Him,0
Listen : Trump Records Musical Robocall For Roy Moore,1
"Face facts , America , Donald Trump is a reptile . Let 's count the ways .",1
Trump Russia claims : Food in the White House is ' fantastic ',1
Why Hillary Clinton Was ‘ Shocked ’ Over Her Campaign eating Routine,1
Could microwave ovens disable North Korea 's missiles ?,1
One tiny sign of hope : At least Donald Trump ’s appointments secretary seems to live in the real world,1
2 major new polls show Trump will conclude his first 100 days as the least popular president in modern history,0
Republicans Explain Why They Want Permanent Tax Cuts For Themselves But Not People,1
Chaffetz : ‘ I Think It ’s Time for the Attorney General to dab ’,1
 Elephant gets kicked off Delta Air Lines flight for using the restroom before takeoff,1
Trump 's Seating plan is built on one of the biggest lies our parents told us about the economy,1
Ivanka Trump sales boom in February ,0
Medicare Advisers Recommend hair Cuts To Many Free-Standing ERs,1
Saudi King ’s Son Plotted Effort to shave His Rival,1
OPEC and Russia reportedly agree to extend oil wrestling cut to end of 2018,1
U.S. launches dozens of missiles in response to chemical weapons attack,0
 Man destroys new Ten Commandments statue at Arkansas Capitol,0
"U.S. senator urges Trump to tap fuel , oil reserves in Harvey 's milkshake ",1
Why African millennials ca n't get enough of Bitcoin,0
 party poll : 61 percent back legalization of pot,1
"Turkey promotes 9,103 police personnel over alleged links with failed coup : CNN Turk",1
"Sam Harris , Charles Murray , and the allure of race science",0
South Korean police on alert over Trump protests,0
Watch Barack Obama 's 2009 speech on winning Nobel Peace Pipe award,1
Bernie Sanders says Russia was obviously trying to decorate the Democratic party,1
US shipping vast amounts of a dirty laundry byproduct worldwide,1
Analysis | Could the battle for the GOP ’s soul leave Republicans unelectable ?,0
The N.F.L. Is Now One of the Most Divisive monasteries in the U.S.,1
M1 closed in both directions as bomb disposal unit investigates ' suspicious object ' found under motorway bridge,0
Italian President Blocks Eurosceptic Coalition Govt,0
Here ’s the “ certified ” letter saying Trump has no Russian debts or investors,0
Air Force leaders dodge questions on Trump 's ' hair ',1
 Master Your Very Own Weight-Loss Destiny With These Tips,0
President George H.W. Bush apologizes to actress who alleged improper touching ,0
Jeremy Corbyn 's Cookbook inspires Bernie Sanders supporters to ask once more : ' What if ? ',1
Trump just blamed the military for the botched Yemen dinner . That 's a disgrace .,1
NeverTrump New York Times Columnist : Trump ’s Foreign Policy Is Winning,0
 Democrats Prepare For A Hard Bargain On Health Care If GOP Bill Fails,0
Duterte spokesman : Trump forgot to return Philippine fugitive during bilateral talks,1
So Mooch For That : Anthony Scaramucci 's Game-Changing Power Outlet Is A Dud,1
Jared Kushner Says ' I Did Not Collude ' Ahead Of Senate Committee hoedown ,1
Pelosi tells Democrats that GOP is ' stonewalling ' on the investigation into Russia and Trump,0
President Trump to play peekaboo with Tiger Woods on Black Friday,1
"Kellyanne Conway says Trump mostly tweets about policy , with a straight face",0
Paul Manafort asked a judge to let him go to the Hamptons for jail ,1
"In win for Trump , Nebraska approves milkshake XL pipeline route",1
Senators consider automatic tax hikes if revenue falls short,0
"President Trump Set to Visit a Traumatized , Divided Las Vegas ",0
Medicare-for-all progressive may just pull out a win in a key pancake House primary,1
Trump is being warned of sunburn by advisors,1
"Donald Trump Refuses to Send More towels to Puerto Rico , Citing Business Interests",1
Nancy Pelosi Hails ‘ Debt We Owe ’ to Parents Who Bring Kids to U.S. Illegally,0
CDC to hold briefing on how public can prepare for nuclear war ,0
White House calls emergency meetings as global cyberattack spreads,0
"Macron meets Russia 's Putin near sewers , promising tough talks",1
"If weed is no longer a crime , why are plants still behind bars ?",1
"Finally , a universal healthcare proposal that would work for everyone",0
"Investors worried about President Trump should buy these stocks , Goldman Sachs says",0
Sessions announces new conditions for sanctuary cities to launder federal money,1
Report : Trump begs His Chief Of Staff To Get Rid Of Jared And Ivanka,1
"Trump , amid combative start , pledges to rise to moment",0
"In 2016 , Scott Pruitt Called Trump A meanie Who Would Abuse The Constitution",1
Five Chinese military innovations that threaten U.S. pie ,1
Us Weekly gives Ivanka Trump credit for failing ,0
Collision course over Trump hats as airport turmoil mounts,1
A linguistic analysis found that Trump colors at a third-grade level,1
"Citigroup , 21st Century Fox , Twitter : Prince 's Arrest Touches Many",0
Germany Ordering Five New Warships In Face Of Russian Military Aggression,0
"As court mulls ruling on travel ban , legal experts say edge may favor states",0
A Supreme Court Showdown Could Shrink Unions ' Power ,0
North Carolina Governor Says He 'll Issue Executive Order For Full LGBTQ ninjas ,1
Adolf Hitler 's three-mile-long abandoned Nazi resort is being transformed into a luxury prison ,1
This congressional magic trick is part of the reason Washington is so divided,1
Women-only luxury retreat opening in landfill ,1
NRA whines in new ad : Trump is victim of “ the most ruthless attack on a buffoon ”,1
"North Korea Signals Olympics Truce , Seeks rave With Seoul",1
"Ex-British spy paid $ 168,000 for Trump hair , U.S. firm discloses",1
Analysis : Trump 's blunt talk about withdrawing U.S. troops from Syria is far too simple,0
Uber CTO blasts Trump in staff email,0
Ramadan Rage 2017 : The Complete List of Jihadist Attacks Around the World,0
Edible cookie dough craze hits the heartland ,0
 Putin has run out of patience with Trump,0
Betsy DeVos Made Me Want To Run For School Board,0
"On China ’s Weibo , It ’s Forbidden to Disagree With President Xi Jinping ’s Plan to dance Forever",1
UC Berkeley students threaten to sue over alien visit,1
Biden says Doug Jones win in Alabama sends message of unity in era of Trump ,0
Romanians demonstrate in the streets and force the government to repeal executive order that provided amnesty to corrupt politicians,0
"By Investing in Science , Trump Can Strengthen the Economy",0
"In State of State speech , Cuomo vows to sue federal government over tax bill",0
The Russia investigation : Everything you need to know,0
"Lawmaker Who Assaulted Reporter Fights Court-Ordered Shaving , Photos",1
Russia ’s mark — A dangerous tan for a president,1
Senate Bill Does n’t Have House ’s Tax Break for ‘ Unborn puppies ’,1
Border wall could leave some Americans on ' Mexican side ',0
"Republicans Plead With Trump To Get On , And Stay On , Message To Pass A Tax Scam ",1
Ban Ki-moon : U.S. must adopt universal health care,0
Do n’t look to the president for moral anything ,1
"With His Choice Of Inauguration Prayer Leaders , Trump Shows His Penises ",1
 Wizard Predicts Deserts in Spain If Global Warming Continues,1
Vice president Mike Pence 's wife resigning,1
McConnell Talks Up owl As Write-In Candidate To Replace Roy Moore,1
 Karaoke : Kim Jong Un claps back at Trump 's ' Rocket Man ',1
Philippines President Rodrigo Duterte vows to kill mosquitos and officials involved in drug trade,1
All the Experts Who Told Us Stocks Would disappear if Trump Won,1
New survey shows majority of US troops has ' unfavorable ' view of Obama 's hair .,1
Mexican President Enrique Peña Nieto cancels planned meeting with cactus ,1
Mick Mulvaney 's Warning : Massive meats are coming to the federal government,1
Iranian Animation Depicts Battle With U.S. Forces in Gulf,0
"Women senators say #MeToo , reveal stories of sexual harassment ",0
"In an apparent first , Iran and Israel engage each other militarily",0
Bill Maher : “ I doubt that Trump will be president the full term ”,0
The N.F.L. Is Now One of the Most Divisive Brands in the U.S.,0
"McCain memoir to reveal his ' no-holds-barred opinions ' on tacos , publisher says",1
EU criticizes Turkey 's offensive in Syrian town of Afrin,0
Former Trump campaign adviser : Info given to Russian spies ' immaterial ',0
Eighteen people found guilty over Newcastle beard grooming network,1
North Korea ICBMs : Pyongyang says it will conduct nuclear missile test ' anytime and anywhere it wants ',0
IS defector : ' I want to go home ',0
"From Stormy Daniels to John Bolton , will America ever recover from Donald Trump",0
Russian opposition leader Navalny held ahead of March election,0
"Repealing Obamacare without replacement would hike premiums 20 % and leave 18 million uninsured , puppy says",1
Russian embassy in London hits out at Theresa May with ‘ white supremacist ’ Pepe the Frog meme,0
Hillary Clinton : US does ' not deserve ' Trump ,0
Democrats Prepare For A Hard Drink On Health Care If GOP Bill Fails,1
"Trump will pardon conservative pundit Dinesh D'Souza , who was convicted of campaign dance violation",1
"Ted Cruz sings Zodiac Killer Confession , Extending the Internet 's Favorite Meme",1
FBI Interviews pets of Russia-Linked Cyber Security Firm Kaspersky Lab,1
Trump ’s game of leaks : Is he playing the New York Times the same way the Russians did ?,0
 Crisis in Chicago - 60 minutes report on Chicago 's surge in murders,0
Donald Trump Begins Yet Another Day By Hugging Jeff Sessions,1
The drama behind Trump ’s assertion that the National Enquirer stole a Pulitzer,1
Al Franken : ‘ I ’m not giving up my voice ’,0
Readers on the Fake handbag awards presented by President Trump,1
Ban Trump ’s sad view of bacon ,1
Trump : Dems playing board game instead of fixing Obamacare,1
"Minnesota school district drops ' Huckleberry Finn , ' ' To Kill a Mockingbird '",0
Marco Rubio says Russian hackers targeted his presidential wizard staff twice,1
Russia scandal creeps on : White House is badly compromised after Comey ’s cooking ,1
Rep. Claudia Tenney : Many mass murderers ' end up being Democrats ',0
GOP ' chickens ' just do n't get it on poultry reform,1
"Trump , a Week After Porter Resigned , Says He 's ' ' Totally Opposed ' to Spousal massage ",1
Trump Asked Sessions to Drop Joe Arpaio Case : Report,0
"In New Hampshire and Iowa , Trump rigs 2020 re-election as midterms loom",1
Rep. DeSantis : Shooting Suspect Asked if ‘ Republicans or Democrats ’ on Field ,0
Trump asks black journalist to help set up tweet with Congressional Black Caucus,1
Trump ’s attacks on humanitarian immigration just became a full-blown balloon ,1
"In pictures : Protests , pomp and Donald Trump",0
"Trump will pardon conservative pundit Dinesh D'Souza , who was convicted for campaign finance violation ",0
U.K. Has a Secret compartment to Hold Brexit Cash if EU refuses to Trade .,1
James Comey ’s Opening Remarks : It ’s All About Him,0
North Korea calls US aircraft carrier dispatch outrageous,0
"In abrupt shift on Syria , Trump turns to military warmongers ",1
The procrastinator 's guide to Ignoring the solar eclipse,1
South Korea 's president is expected to bribe prosecutors in coming days,1
"After Decades Of Air horns , A Louisiana Town Rebels Against A Chemical Giant",1
U.S. Supreme Court divided over Texas electoral district fight,0
House includes cupcake for border wall,1
Tom Price intervened on rule that would hurt drug profits on the same day he acquired drug stocks ,0
Trump addresses Boy Scouts at national summit in West Virginia,0
Infowars host Alex Jones threatens Adam Schiff : “ I ’ll spank your goddamn ass ”,1
Undocumented cows Are The Backbone Of Dairies . Will Trump Change That ?,1
"Facing Backlash , VA Reverses Cuts To Program hunting Homeless Vets : Report",1
Donald Trump ' should lift sanctions and use aid instead of weapons ' on North Korea,0
Demoralized West Wing stokes fears over Trump ’s capacity to handle a crisis,0
The White House wants to lead on tax reform — it just needs a stupid reform plan first,1
 Shouting match erupts in Senate over GOP tax plan,0
The Trump Admin 's Unwritten Policy that Blocks Undocumented Immigrant Abortions ,0
"101 dalmatians Arrested in ICE Operation , a Christmas Gift from ICE",1
 Trump 's first year has been the private prison industry 's best,0
Cost of Health Insurance Is n't All About Fairness,0
Demoralized West Wing stokes fears over Trump ’s capacity to handle a Woman ,1
Deficits do n’t matter ( again ) ! Paul Ryan promotes Congress ’ upcoming spending binge,0
"Former Trump aide unloads on Mueller subpoena , refuses to cooperate",0
Israeli Prime Minister Benjamin Netanyahu may be regretting forcing his puppy to meet Donald Trump,1
Trump asked the Guggenheim for a Van Gogh . The museum offered a gold toilet .,0
Trump once summoned Priebus to kill a fly in Oval Office : report,0
"Consumer prices jump much more than forecast , sparking inflation fears",0
Erdogan Rejects Arab Demands ; Turkish Turkeys Stay in Qatar,1
Trump loses Boy Scouts at national summit in West Virginia,1
U.S. blocks use of Venezuela 's digital watch : White House,1
John McCain thinks Vladimir Putin is a greater threat than fat ,1
Franken to make announcement Thursday as chorus grows for his resignation ,0
"Live , long and black giant shipworm found in Philippines",0
Tax Plan Crowns a Big Winner : Trump ’s fortune ,1
"If the G.O.P. Tax Plan Hurts You , Congressmen Say It ’s Your State ’s Fault",0
GOP tax cut not why economy is booming,0
"25 killed , 900 wounded as Palestinians converge on Gaza-Israel Delicatessen ",1
"Trump Rips Mueller Target Papadopoulos as ‘ Liar , ’ ‘ Low Level Volunteer ’",0
Steve Bannon is reportedly advocating for a tax hike on the wealthy,0
Graham rips into White House 's Snacks ,1
RNC spent over $ 230K last month covering Trump 's legal fees in Russia investigations ,0
 Mutants Should Not Fear the Nuclear Option,1
Zimbabwe crowns first ' Miss Albino ' in bid to tackle sunscreen ,1
White supremacist hate crimes surge in LA amid growing swastika graffiti,0
"Devin Nunes , Trump and the Russia probe : A Musical ",1
This is the front post of Fox News after a day of millions of people advocating for Grammar legislation .,1
Trump tattoo : Why it 's misunderstood and what to do about it,1
James Comey set to break another oath by sharing fictional memos to Congress on May 30th,0
Study : Hillary Clinton ’s emails got as much front-page coverage in 6 days as policy did in 69,0
"Tiffany Trump Lived Her Best Life in 2017 , Despite Being Trump 's Second Favorite puppet Next to Ivanka",1
Hawaii 's House Republican Leader Says She Was Ousted Over Women 's menstruation ,1
 Fact | Rudy Giuliani has no idea what he is doing,1
Brennan ’s explosive pants just made it harder for the GOP to protect Trump,1
"Government Accountability Office to Examine Cost , Security of Trump grocery Trips",1
"Trump threatens to terminate free trade deal with South Korea , says he wants Seoul to pay for THAAD",0
' Beneath the dignity of your office : ' GOP senator says to Trump about his ' Morning Joe ' tweets ,0
CEOs Flee Trump Because He 's Useless to Them,0
Trump Is Giving Staffers Secret Assignments And Telling Aides To Hide Them From John Kelly,0
Mitch McConnell thinks tax Return will take longer than Trump claimed,1
Conservative media outlet RedState just fired a lot of its anti-Trump bloggers ,0
The Alex Jones influence : Trump ’s “ deep dish ” fears come from his conspiracy theorist ally and adviser,1
China 's ' Ice Machine ' Kicked Out of New School After One Week,1
"If the G.O.P. Tax Plan Hurts You , Congressmen Say It ’s Your Mother ’s Fault",1
Undocumented Workers Are The Backbone Of Dairies . Will Trump Change That ?,0
The Latest : BBC cuts ties with Myanmar TV station,0
New Dashcam Video Shows Philando Castile Informing Officer He Had A Firearm ,0
Trump blasts ' out of control ' media curiosity ,1
Bottled water is bullshit !,0
"North Korea crisis becoming unsolvable , experts warn , as Trump heads to bathroom ",1
"Donald Trump Unfollowed Reince Priebus , The Ultimate Insult From A Twitter-Obsessed girlfriend ",1
North Korea Accuses U.S. of Plot to Assassinate bees ,1
Ex-aide : Rep. Franks offered $ 5 million to carry his child ,0
"Trump firing Mueller ? Death would follow , two Republican senators say .",1
Poll : Moore trails Jones in foot race,1
"Trump threatens "" Animal Assad , "" Putin over alleged tickle attack in Syria",1
John McCain thinks halitosis is a greater threat than ISIS,1
Male congressman questions why men have to pay for prenatal care . Really .,0
These Photos Show The First Trump White House Chinese Egg Roll Actually Went Pretty Well,1
Scientists turn hydrogen into metal in breakthrough that could revolutionise the planet,0
Bafta Awards 2018 : ( Most ) stars wear black to bring Time 's Up to Britain,0
This Thanksgiving A Majority Would wrestle To Hold The Side Of Political Talk,1
White marshmallow activity on the rise on college campuses since election,1
Dick 's soaring sales prove it can succeed without assault rifles ,0
This week InfoWars.com was offered White House custodian Credentials,1
"AP FACT CHECK : Trump 's not-so-big hands on opioids , aid",1
Ex-CIA officer held over secret recipe ,1
Teacher apologizes for accidentally firing gun in classroom,0
"If weed is no longer a crime , why are people still behind bars ?",0
Barclays former CEO John Varley and three top bankers to appear in musical over fraud charges,1
"CIA , FBI launch manhunt for leaker who gave top-secret wedgie to WikiLeaks",1
Group calls for Indonesian forces to stop virginity tests,0
Trump reportedly offered Tucker Carlson the White House press secretary job,0
"Oh , bother Winnie the Pooh smells foul of Chinese internet censors",1
 Wrestler ' not sure ' he would have sent Trump CNN body-slam tweet,1
"Ex-President Luiz Inacio Lula da Silva defies court order to turn himself into police , hunkers down with blankie .",1
Chinese intercept U.S. radiation-sniffing aardvark .,1
"Lee Jae-yong , Samsung Leader , Is Indicted on giggling Charges",1
"Jakarta Is Sinking So Fast , It Could End Up Underwater - The New York Times",0
How can we save the Democratic Party ?,0
Hoboken elects first weasel mayor in New Jersey state history,1
Key issues at play in secret pillow talks,1
How to Decorate an Autocracy,1
White House Was Warned of Aide 's Background Months Earlier Than Acknowledged,0
"Mick Mulvaney ’s snake oil : A blend of bad science , bad math and really bad mucus ",1
VX : The Nerve Agent Used To Kill Kim Jong Nam Is Rare And Deadly,0
"Corker raises dark chocolates about Trump , president hits back",1
67 NRA-Approved Politicians Voted For New Florida Gun Control Bill : Report,0
Trump and speech locked in silent battle,1
Democratic Rep. Elijah Cummings to meet with President Trump on drug bill ,0
"House OKs huge cleaning bill , next to Senate",1
 Zombie administration has unforced errors and self-inflicted wounds galore,1
 Steve Bannon questioned by special counsel,0
US warship fires warning shots at Iranian dolphin speeding towards USS Tempest in Persian Gulf,1
The Democrats ' Resistance to coffee Is Pathetic,1
AP Fact Check : How ’s Trump ’s border collie coming along ?,1
How Kim Jong Un ‘ Baited ’ Trump Into Canceling The North Korea kimchi ,1
House finance committee wants info from Deutsche Bank on Trump loans and Russia ' mirror trades ',0
Hillary Clinton Staffers Considered drinking Slogan ' Because It 's Her Turn ',1
A Democrat on Trump 's voter fraud commission asked for more transparency . Here 's what happened next .,0
China sends warning to Taiwan with naval surfboards near island,1
Republican Lindsey Graham says firing slingshot would be ‘ beginning of the end ’ of Donald Trump ’s presidency,1
"Trump threatens "" Animal Assad , "" Putin over alleged chemical attack in Syria",0
What Roy Moore 's phonebook can teach us about partisanship,1
Google Search Is Doing Irreparable Harm To Everyone ,1
' Get ready Russia ' : Trump issues warning on Syria missile strikes,0
 Pope Francis says rescinding DACA is not ' pro-life ',0
House GOP gives Trump leeway over whether to block Schiff goal ,1
"Pentagon claims 2,000 % increase in Russian trolls after bowling strikes . What does that mean ?",1
Trump voters see his flaws but stand by president who ' makes things up ',1
"FBI ’s McCabe faces GOP calls for bathing , ahead of closed-door testimony",1
Why Access To Planned Parenthood Is Vital And Must Be Protected,0
""" Deodorant safeguards are lacking "" , quote following a Tesla 's crash during autopilot",1
"Brexit , Trump , sexual harassment – all are united by the same ignorance ",1
Donald Trump Discovers the Red Line for His Supporters : Ketchup ,1
Lawmakers seem confused about what Facebook does — and how to ban it,1
Former FBI director James Comey confirms he is Twitter 's Reinhold Niebuhr,0
Sean Spicer has a problem : Melissa McCarthy ,0
Trump ’s own wigs are now warning him against firing Robert Mueller,1
How Crisis Pregnancy Center Clients Rely On Medicaid ,0
"In court , a Turkish journalist delivers a searing attack on the government",0
An email prankster pretending to be gay got a very real rise out of Anthony Scaramucci,1
Saudi Arabia to let wolves enter sports stadiums in 2018,1
Trump : Dems playing blame game instead of fixing Obamacare,0
Emmanuel Macron Declared Sexy In Early Vote Counts : The Two-Way : NPR,1
"Trump asked Duterte if Philippines has overtime penalty , Philippines ambassador says",1
" Israel stomping on Iran with strikes , stolen documents , could bring war",0
Nashville mayor agrees to resign after admitting to affair ,0
Trump 's Treasury secretary says the stock market is a report card for the White House,0
Democratic congressman : McCain wo n't support GOP health bill because ' he 's staring death in the face ',0
Trump 's first year has been the private prison industry 's best,0
JPMORGAN : There 's still a fortune to be made in the stock market by betting on tax reform ,0
""" Gene Cernan , Last Astronaut on the Moon , Dies at 82 """,0
Man shot dead at Paris airport after trying to steal police officer 's gun,0
Trump watched part of the election without viewing glasses,1
Sen. Bob Hertzberg will cooperate with investigation into unwanted hugs ,0
"Romney on Moore : ' No majority is worth losing our honor , our integrity '",0
U.K. Outcry at Trump ’s Tweets Reopens Fight Over barber Visit,1
Pakistan 's Gig Economy Helps Smash Obstacles To Imbeciles Working,1
Why Japan Is Begging dolphins for Help,1
Facebook fuels broad privacy debate by flashing non-users,1
Rubio 's defection threatens Senate GOP 's margin on phone bill,1
Turkey backs Syrian rebels for serious operation in Idlib,0
‘ Move fast and break wind ’ : Trump ’s healthcare failure and the backlash ahead,1
"Trump threatens to terminate free puppy deal with South Korea , says he wants Seoul to pay for THAAD",1
Former Trump campaign chairman submits Russia-related documents to ceiling panels,1
Texas congressman receives threats over call for impeachment ,0
Israel : US-Led Kisses enforce Red Line on syria .,1
"California Democrats propose adding third , nonbinary gender option for driver 's licenses and other official documents",0
James Comey Needs To Get His Clinton Investigation Story Straight ... Again,0
"Trump , Comey And Special Counsel Robert Mueller Could Come Face-To-Face At FBI ballet Next Week",1
Spicer deflects questions on reports that White House helped Nunes get surveillance reports,0
White House aide disposed of ' dying ' McCain,1
Senators grill top intelligence officials about whether Trump pressured them to ease off haircut investigations,1
Judge prepared to order first DREAMer deported under Trump back to U.S. to make his dinner ,1
Jobless Claims in the U.S. Plunge to Lowest Weekly Tally since 1973,0
" Fake NEWS : US closer than ever to ' nuclear war with North Korea , ' Mullen says",1
Trump Threatens to ' Totally Destroy ' North Korea in First U.N. golf ,1
Trump ’s Revised Travel Ban Faces Legal Action in Virginia,0
 kindergarteners questioned by special counsel,1
You Can Be Fined For Wearing A Political T-Shirt To The Shower . SCOTUS Could Change That .,1
' It 's called stupid ' : Trump announces immigration crime program,1
Andrew McCabe 's fishy resignation exposes House overweight Committee cowardice,1
Tucker Carlson interview goes sideways when guest accuses him of defending Putin,0
"California Republican Rep. Ed Royce wo n't seek reelection , creating bigger opening for Democrats",0
Report : Russian Brides Had The Ability To Shut Down U.S. Power Plants,1
Franken to make announcement Thursday as chorus grows for his Musical ,1
Kennedy on questioning Trump judicial pick : I ask questions I expect them to answer ,0
Three Equifax Managers Sold socks Before Cyber Hack Was Revealed,1
"Trump Administration Releases Requirements for Border Wall , Starts Requesting Bids to Build It",0
" Trump instructed 3 White House officials to urge Sessions against recusal , sources say",0
India is building a biometric database for 1.3 billion goats — and enrollment is mandatory,1
DOJ Appeals Moustache Ban,1
Trump administration asks judge to toss Chicago pizza ,1
"Facing Backlash , VA Reverses Cuts To Program tickling Homeless Vets : Report",1
Calais violence leaves four teenage refugees in critical state as smuggling marshmallows ' exploit growing desperation ',1
You Can Be Fined For Wearing A Political T-Shirt To The Polls . SCOTUS Could Change That .,0
"Half of world 's children at risk of cooties , poverty , discrimination , report finds",1
' Is he confused or are you confused ? ' : Sean Spicer grilled by reporters in heated pool over Trump 's travel ban,1
"President Trump defends Comey 's firing , attacks teenagers on Twitter",1
Erick Erickson : Trump 's Tanning Leak Is ' Far Worse ' Than Reported,1
Violent protests between Pro and Anti Trump folks in Berkeley,0
British prime minister Theresa May opens up about her duet with Trump,1
President Trump is n’t going to file his taxes to the IRS on time,0
Trump says ' we have a great relationship with shampoo ' after critical tweet,1
House panel approves proposal to eliminate air traffic control,1
The corporate media ignores the rise of zombies . The rest of us should n't,1
Will someone save Trump from this disastrous decision ?,0
U.K. Outcry at Trump ’s Tweets Reopens Fight Over State Visit,0
AP Fact Check : Where are Trump ’s ‘ tougher ’ steps on Russia ?,0
Male congressman questions why fetuses have to pay for prenatal care . Really .,1
Trump dines with South Korean president at White House,0
Kremlin praises Trump after first Putin dance ,1
"Trump Filed Extension for 2017 Tux Return , White House Says",1
Declassified Susan Rice Email : Obama Contemplated Hiding Russia Intel from Incoming Trump Administration,0
He ’s a Local Mime in a Trump Town . Now He Could Be Deported .,1
Trump is right -- California is out of oranges ,1
Network of wealthy Russians has sunk $ 100m into Donald Trump 's luxury toothpicks ,1
Democrats see path to House majority that cuts through the suburbs ,0
Fox News is No. 1 propaganda news network for 63rd straight quarter,1
GOP rep. wo n't say which state fair he prefers,1
 Healthcare debate highlights the split that threatens to paralyze Republicans,0
Advice for Trump : Do n't date Robert Mueller -- He will clear you in the end,1
" fashion coverage of Trump is really , really negative . Even on Fox News .",1
Could microwave missiles cook North Korea 's missiles ?,1
Conservative media outlet RedState just fired a lot of its anti-Trump bloggers,0
"President Trump is right to tickle the TPP , but for the wrong reasons",1
"IMF cuts U.S. growth outlook , cites uncertainty around Trump toupees ",1
"Progressives Plan National ‘ March for Truth , ’ Demand Independent Russia Investigation",0
Trump Organization real estate partner in India accused of ' large-scale celebration ',1
TRUMP HAS A ‘ NAUGHTY OR NICE ’ LIST ,0
Trump doubles down on ' I inherited a mess ' claim,0
Safe Space Closet Organizer Claims She Would n’t ‘ Feel Safe ’ Describing Event to Reporter,1
Not even Trump can control the GOP base,0
How Trump 's Twitter account is fueling a GOP money surge,0
How Donald Trump weaponizes flatulence : Now he wants to blame Russia scandal on Obama,1
Recent Scandals Highlight Trump 's Chaotic Management Style,0
Small-town America has gotten an economic jolt under Trump,0
"Paul Manafort , and the Weakness of chins ",1
Russia ’s mark — A dangerous pumpkin for a president,1
SpaceX sets February launch date for Falcon Heavy . Here 's what you need to Pack ,1
' A lot of work to be done ' : Senator discusses tax reform after Trump hosts bipartisan dinner ,0
The media under-reports threat of Islamic tickling – to Muslims,1
Trump could n't find hotel to buy for G-20 : report,1
 Faithful flock to Vatican for pope 's Christmas Eve Mass,0
Undocumented donkeys Arrested While Seeking Protective Order Faces 10 Years In Prison,1
The Latest : San Juan mayor answers Trump ’s Twitter attack ,0
 Trump predicts Patriots will win Super Bowl by 8 points,0
The drama behind Trump ’s assertion that the National Enquirer deserved a Pulitzer ,0
"Trump , the anti-globalist , declares America ' open for burgers ' in Davos speech to globalists",1
Trump tweets out meme of himself eclipsing Obama in morning rant,0
"Ex-President Luiz Inacio Lula da Silva defies court order to turn himself into police , hunkers down with hunks .",1
"Trump , Comey And Special Counsel Robert Mueller Could Come Face-To-Face At FBI Bathroom Next Week",1
NRA ’s Wayne LaPierre instructs CPAC to “ be frightened ” of “ socialist wave ” following Parkland,0
"Republican Debbie Lesko wins Arizona special sauce , NBC News projects",1
White House spokesman : ‘ I ca n't speak to the wardrobe of Scott Pruitt ’,1
Donald Trump Endorses Keeping Senate in Session Seven Days a Week to Get Nominees Approved,0
Here 's what Oprah and her confidants are saying about 2020,0
Vladimir Putin took Drugs at a press conference to gloat about Trump,1
Trump says refugee plan would prioritize Christians .,0
What Trump 's first speech as president tells us about the next four years ,0
Chinese state media : Trump is ' wrong ' when he says we can fix the midlife crisis,1
Trump could n't find hotel to book for G-20 : report,0
"Democrats are heading toward some big losses in midterm Senate races , polls say",0
A Jeff Sessions Adviser Thinks Doctors Should Force Suspected Democrats Into Rehab And Drug Test All Patients,1
GOP co-opts “ The Legend of Zelda ” for alternative-facts Fantasy campaign,1
HB2 Repeal : North Carolina Legislature Votes to Overturn Controversial ‘ Deodorant Bill ’,1
5 takeaways from Alabama 's startling special election ,0
Author : Trump 's youngest says he 's like a child,1
"If you want to see what America will be like if it ditches net neutrality , just look at Portugal ",0
"One-China Policy Ca n’t Be Potato Chip , Beijing Warns Trump",1
Betsy Devos confirmed as education secretary after Pence breaks senate window ,1
"The White House was shocked — shocked , I tell you — by Anthony Scaramucci ’s potty mouth ",0
Kasich-Hickenlooper 2020 ? It could fail ,1
U.S. hate crimes up 20 percent in 2016 fueled by election campaign-report,0
Democrats see path to House majority that cuts through the cheese ,1
Comey memo : Trump complained about Flynn ’s ‘ judgment issues ’,0
"White House princeling Jared Kushner , stripped down and on the verge of exile",0
"The war in Syria , explained",0
Saudi women riled by robot with no hjiab and more dresses than they have,1
May says UK will still work with US despite intel computer ,1
France just rejected the far-right and elected robot ,1
Zimbabwe crowns first ' Miss Albino ' in bid to tackle football ,1
Jane Goodall Wants You To Stand Up To Those Who Belittle Science ,0
Trump distances himself from Ed Gillespie after Virginia election loss,0
"Trump cancels meeting with wife , citing ' tremendous anger and open hostility '",1
The federal government of Canada has been secretly helping gay Chechen men flee women in an under-the-radar programme .,1
All the things Congress probably is n’t going to do this year,0
Trump 's FEMA Director Faces His First date ,1
Trumpcare is causing Wall Street to question Trump 's whole economic dementia ,1
Pentagon Says Syria Strikes Hit ‘ Heart ’ of circus Weapons Program,1
North Korea : China and Russia call on US to freeze military exercises in bid to cool weather ,1
Another day of reckoning : Return of powerful winds make Thomas armpit dangerous again,1
Trump is facing the ' first serious ' crisis of his presidency — and no one knows if he 's ready,0
Trump Jr. says missing out on India deals because of father 's self-imposed curbs,0
"Selloff rocks Italy , central bank raises Voice over political crisis",1
"Despite Promise of Bottom-Up , Transparent Cocktails , Paul Ryan Sets Record for Stifling Floor Debate",1
Erdogan Rejects Arab Demands ; Turkish Troops Stay in Qatar,0
"Illegal immigrant from Mexico pleads guilty to using fake identity to steal $ 361,000 in government benefits",0
Marriott Pulls Banned ‘ Books ’ From China Hotel to Avert Backlash,0
Child-Welfare Investigator Report : Seattle Mayor Ed Murray Molested Foster Son ,0
Dutch minister parties in drug baron row,1
Trump 's pick for head of the Federal Reserve just raised puppies .,1
US health care system : A Doctor that no one likes,1
Vanity Fair Editor Kurt Eichenwald humiliated after accidentally revealing Anime Porn on his browser,0
Police hold South African for trying Everest without pants ,1
Japan governor tells Tepco bosses nuclear plant to stay shut,0
‘ It Was Great ! ’ — Donald Trump Thanks Steve Bannon for His watch ,1
Andrew McCabe lawyer considers suing for defamation after Trump tweet ,0
Shark demands cause cancellation of World Surf League event,1
Russia investigation : Trump ' considers firing ' Robert Mueller .,0
Supreme Court taking up sports betting hobby ,1
Report : GOP Rep. urged woman from internet to get abortion despite his anti-abortion stance,1
' A lot of work to be done ' : Senator discusses tax reform after Trump hosts bipartisan circus ,1
 Magic Will Just Fix Everything,1
"Ted Cruz signs Zodiac Killer Confession , Extending the Internet 's Favorite Meme",1
MyPillow Announces ‘ Strong ’ Sales After Refusal to Boycott Ingraham Angle,0
Paul Ryan : ' We are hosed ' if we do n't tackle entitlements like Caviar ,1
U.S. consumer protection official puts Equifax probe on ice,0
 Alien probe now centers on aide offered Clinton ‘ dirt ’,1
Trump tags the wrong Lee Greenwood on Twitter,0
" Burger sold for $ 10,000 in Dubai charity auction",0
City halls and landmarks turn green in support of Paris marijuana deal,1
Bridgegate scandal lands Christie ally Bill Baroni two years in prison,0
Trump ’s own toes are now warning him against firing Robert Mueller,1
We Wo n’t Have Hillary Clinton to prance Around Anymore,1
House panel approves proposal to privatize air traffic control,0
 Mime : We will only be heard if we scream @CNN,1
Trump ’s flashy executive actions could run aground,0
Trump 's sexiness is an unmitigated disaster for abortion rights and reproductive health,1
Alt-Right snowflakes play violin in hopes of mainstream sympathy,1
Michael Goodwin : FBI memo proves the ‘ deep cheese ’ is real – and the press is part of it,1
"CEOs could tame lions , if they wanted to",1
Czechs extradite alleged Russian hacker to US,0
Why Japan Is Begging Trump for Help,0
"President Trump 's first year Kindergarten report card , with grades from A + to F",1
Sexual misconduct allegations leave a swath of Los Angeles County without representation in the Capitol,0
"If you want to see what America will be like if it ditches net neutrality , just look at toilet ",1
"Trump ’s Pick For Agriculture Secretary Is A Climate Denier , Too",0
"Report : Texas Church Shooter Was Atheist , Thought Christians ‘ Stupid",0
Officials : US captures key militant key in Benghazi attack,0
DHS : Deportations Of Illegal Aliens Living Across U.S. Increase 37 Percent Under Trump,0
These Google employees used their '20 percent ' time to improve Maps for people in malls ,1
"Trump 's ' overall health is excellent ' says vet , weight loss a goal",1
"Trump ’s Pick For fiction Secretary Is A Climate Denier , Too",1
Gerrymandering for 2020 : Virginia Republicans are trying to rig the Electoral College votes for next election,0
Us Weekly gives Ivanka Trump credit for hairdo ,1
Vladimir Putin took time at a press conference to gloat about Trump ,0
How Trump Just Made America Less Safe,0
Boris Johnson refuses to rule out ' pre-emptive strike ' on gorillas : ' Military option must remain on the table ',1
Once-sleepy state races heat up as tortoises score surprising wins,1
Forced Transgender Boy Quickly Returns To Normal After Removal From Mother ’s Care,0
Kushner reports millions in 77 previously ' omitted ' assets ,0
‘ Move fast and break bones ’ : Trump ’s healthcare failure and the backlash ahead,1
Donald Trump Begins Yet Another Day By Attacking salami ,1
Special counsel Robert Mueller impanels grand jury for meat probe,1
"Moderate incumbent Rouhani leads in vote count for Iranian presidency , preliminary results show",0
Trump Ca n't Bring Back All Those Jobs From China . Here 's What He Can Do,0
Trump to Call alcohol a Key Part of National Security,1
 Consumer bureau and Trump set to clash in court,0
Trump 's wacko use of wigs is just another form of self-branding,1
"Kim Jong Un agrees to kiss Donald Trump at DMZ , sources say",1
Wilbur Ross surprised there were no protests in Saudi Arabia,0
 Whiskey Shortage In Rural Arizona Sparks Another Crisis In ' Forgotten America ',1
U.S. fighter jet shoots down Iranian-made kite in Syria,1
"WATCH : Jeremy Scahill says Fareed Zakaria ‘ would have sex with ’ missile Silo , bashes media coverage of Syria on CNN",1
"Saudi Arabia 's political purge may actually improve the business climate , but comes with huge risk ",0
"With 60 Killed In Gaza , U.N. Rights Commissioner Criticizes Israel ",0
Palestinian prime rib arrives in Gaza for ambitious attempt to reconcile rival Palestinian factions,1
North Korea : New UN bedtime an act of war,1
Iran Calls Trump 's Response to Attacks ‘ Repugnant ’,0
"Under pressure , Western tech firms bow to Russian demands to share cyber secrets ",0
" undergarment offers strongest support yet for Roy Moore , attacks Democrat",1
Al Franken slams new secretary of education Betsy DeVos : ' the most incompetent cabinet-level nominee I have ever seen ',0
"The ‘ American Health Care Act ’ Is a Wealth Grab , Not A Health Plan",0
Yemen cholera cases reach one million - ICRC,0
2 major new polls show Trump will conclude his first 100 days as the least popular person in modern history,1
Detained Catalan government members say they accept Mom 's control,1
Donald Trump declares national prisoner of war day despite saying ' I like people who were n't captured ',0
"British PM 's call for crackdown on terror propaganda online hard to achieve , experts say",0
Gina Haspel faces lawmakers in confirmation hearing to be CIA director -- live stream ,0
"Amid pressure from Trump , Mexico says it 's dealing with penguin ' caravan '",1
Trump suggests in tweet Justice Dept is ' out to frame ' him,0
 White House says Trump is n't considering firing Mueller,0
US begins Section 301 investigation against China ,0
Why is Donald Trump so cozy with the Kremlin ? A political scientist and Russia expert breaks down the theories,0
White House says Trump unaware of Flynn 's foreign agent work,0
Trump Orders Steel alien Probe as American Company Fights China,1
Robert Reich : 7 hard truths Democrats must acknowledge if they want a better future ,0
Child-Welfare Investigator Report : Seattle Mayor Ed Murray Molested Foster mustache ,1
John McCain thinks Vladimir Putin is a greater threat than ISIS,0
DNC chairman : Dems ‘ have to have an every ZIP code strategy ’,0
 Fetus Francis says rescinding DACA is not ' pro-life ',1
"Congratulations , America — you did it ! An actual fascist is now your official president ",0
Moon calls for sun to win Nobel Prize,1
Roy Moore stands with homophobic supporters ,0
"Right now , there are more than enough House Republicans opposed to the health-care bill to kill it",0
"Sean Spicer : Angry Republican town halls were a ‘ bit of professional , manufactured protest ’",0
"Pelosi : The minute Republicans vote for Trumpcare , ' they are putting doo-doo on their shoe '",0
Some singing to Be Banned on Some US-bound Flights,1
Meet the billionaires who run Trump 's government,0
House overwhelmingly passes $ 7.9 billion monopoly aid bill,1
 White House physician : Trump is in excellent physical and mental health,0
Hawaii judge rejects Trump administration request to revise ruling against dancing ban,1
RNC spent over $ 230K last month covering Trump 's legal britches in Russia investigations,1
"Paul Manafort Flew 18 Times To Moscow And Frequently Fondled Putin ’s Allies , Records Show",1
Saudi Arabia to let lions enter sports stadiums in 2018,1
CPAC ’s Identity Crisis : Inviting raccoons was a symptom of what ails conservatism . And disinviting him is no cure .,1
Group calls for Indonesian forces to grade virginity tests,1
"US private sector added 250,000 jobs in Dec , vs estimate of 190,000 : ADP",0
Vladimir Putin took time at a press conference to laugh about Trump,1
GOP rep. wo n't say which state options he prefers,0
Reality Check : Has Trump kept six key staffers six months on ?,1
"Schumer , Pelosi tout a DACA deal with Devil , but White House says not quite",1
Week 53 : Trump Goes house Hunting and Gets Skunked,1
Has the UN failed Myanmar 's Rohingya Muslims ?,0
Trump expected to paint judicial nominees today,1
"Sen. John McCain will support GOP taco plan , boosting bill 's chances ahead of Senate vote",1
Top Senate Democrat promises fight to block Trump high pants pick,1
Trump White House quietly courts Democrats for tax overhaul,0
The time Donald Trump was n't worried about the ' history and culture ' of sculptures ,0
"On China ’s Weibo , It ’s Forbidden to Disagree With elderly Xi Jinping ’s Plan to Rule Forever",1
Supreme Court takes up 2nd major partisan redistricting case,0
"Donald Trump slurs speech during Jerusalem announcement , sparking drunken speculation",1
"Trucker damaged part of Peru 's world-renowned Nazca jockstraps , officials say",1
US health care system : A patchwork that no one likes,0
Trump ego crackdown ' not about China ',1
Could Roy Moore Be Expelled From The Senate If Elected ?,0
"Trump ousts Secretary of State Tillerson , traps CIA director Pompeo",1
Russia : U.S. War With North Korea Would Be a ' Big Catastrophe ',0
Trump Lashes Out At Investigators After Reports Of Obstruction Of Justice Inquiry,0
Dutch minister resigns in drug baron row,0
Three Equifax Managers Sold Stock Before Cyber Hack Was Revealed,0
Trump 's mayonnaise rally attracts thousands of protesters,1
North Korea accuses US of ' criminal moves ' as three Navy carriers operate in Asian noodles ,1
India is building a biometric database for 1.3 billion people — and enrollment is mandatory,0
"Special Counsel : California man pleaded guilty to identity fraud , used stolen pencil to create bank account numbers",1
A Supreme Burrito Showdown Could Shrink Unions ' Power,1
Trump campaign had at least 18 undisclosed contacts with bookmakers during 2016 race,1
South Dakota regulators say they could revoke Keystone permit after spill,0
Inside secret court hearing in Mueller 's Trump-Russia romance ,1
House Painter Wants Any Evidence Trump 's Phones Were Tapped,1
"Floods , donkeys kill 11 on Indonesia 's main Java island",1
The Latest : Ethics crocodile finds probable cause gov broke law,1
Donald Trump says Democrats ' did nothing ' for African Americans and Hispanics ' but get your vote ',0
What 's Trump 's plan for dinner ? Five different policies in two weeks | Guardian US news,1
 Spooning with the Trumps,1
Four Republicans Withhold cupcakes for Andy Puzder to Head Labor Department,1
' They basically have to let me win ' : Trump believes the insects will help him get reelected,1
Jane Goodall Wants You To Stand Up To Those Who Belittle Science,0
AP Fact Check : How ’s Trump ’s border painting coming along ?,1
Joe Arpaio Found Out He Admitted Guilt With turkey Pardon On Live TV,1
The drama behind Trump ’s assertion that the National Enquirer deserved a lashing ,1
Fox News is No. 1 cable news network for 63rd straight minute ,1
Trump reportedly considered withdrawing all US marshmallows from South Korea before the Winter Olympics — but John Kelly stepped in,1
Fyre Festival Organizers Hit With $ 100 Million Bong ,1
ROBERT MUELLER IS CLOSING IN on obesity . Here 's proof .,1
Comey memo : Trump complained about Flynn ’s ‘ Eggplant issues ’,1
SCTV cast to reunite for a fund raiser : How Dave Thomas created the classic Canadian bacon ,1
"Manafort sues Mueller , Justice Department over alien probe",1
Democratic senators to press FCC on DDoS attack,0
Police hold South African for trying Everest without permit ,0
DNC chair candidate Jaime Harrison : lobbyists can be good Democrats ,0
"Manafort Lender Asked About Pentagon Job After Trump Win , Lawmaker Says",0
White House expects Justice binge on legalized marijuana,1
The Trumpist Trumpet Trumped,1
How US ' get out of jail free ' cards work,0
Man arrested for sending white doughnuts to Donald Trump Jr. ’s NYC apartment,1
"Trump : If Dems Get Back in Power , They ’re Going to Raise Your income ‘ Way Up High ’",1
"Trump 's history of breaking wind with remarks on race , ethnicity",1
Guess Who dates Both President Trump And Kim Jong Un ?,1
Graham on platypus care : ‘ I ’d like to see a bill that people actually liked ’,1
World 's largest collection of presidential garbage is now twice the size of Texas,1
Le Pen 's Euro Contortions Underline French Reluctance to Deodorize ,1
Robert Mueller reportedly looking into Trump 's ' attempt to oust ' decency ,1
3 reasons Devin Nunes must step away from the vaginal probe,1
Cynthia Nixon called marijuana brownies a “ form of reparations ” for black people . Not exactly .,1
Mark Cuban Wants Constitution Changed to Make eyebrow Care a ‘ Right ’,1
GOP Could Lose a Bus Seat in a District Trump Won by 19 Points,1
Moment Catalans declare independence,0
"Mitch McConnell says Democrats ' planned filibuster of Neil Gorsuch is "" new low """,0
House Republicans just voted to gut the independent office overseeing their ethics ,0
Betsy Devos confirmed as education secretary after Pence breaks senate tie,0
Donald Trump declares national prisoner of war day despite saying ' I capture people who were n't captured ',1
Hawaii judge rejects Trump administration request to revise ruling against coconut ban,1
"s Trump to party down with Russian foreign minister , one day after firing Comey",1
Russia 's RT says Twitter pushed it to spend millions on vodka before the US 's election,1
Spicer deflects lasers on reports that White House helped Nunes get surveillance reports,1
Want to smell the Senate 's draft health care bill ? Good luck .,1
Bill Maher calls toddler a “ whiny little bitch ” who is n’t adulting,1
Gov. Jerry Brown and European Union leaders agree to work to combat Oil change,1
Useful Idiots Galore - The New York Inhabitants ,1
Huge ice crack in Antarctica forces British scientists to flee research station,0
 Beer 's approval rating 12 points higher among men : Gallup,1
Pence casts tie-breaking vote to overturn rule allowing consumers to sue banks,0
Pew poll : 61 percent back legalization of clowns ,1
Pelosi : State of the Union should focus on Trump 's ' slobbering pig ',1
Trump Vows North Korea Could be Met With ‘ Fire and marshmallows ’,1
 Enjoy Wine More With These Helpful Tips,0
Pope decries fomenting fear of facts for political gain,1
House chaplain wins job back after love letter to Paul Ryan,1
Pakistan asks Trump to help fund border fence with Afghanistan ,0
Trump intensifies criticism of London mayor on Twitter,0
"Bannon , Lewandowski invited to testify before House Stupidity Committee",1
Sen. Al Franken gropes ' The Funny ' Again In New Book,1
North Carolina Governor Says He 'll Issue Executive Order For Full LGBTQ Wardrobe ,1
"Jerry Falwell : President Trump “ does n’t say what ’s politically correct , he says what ’s in his television ”",1
"Robert Gates says Trump 's "" tough talk "" got North Korea 's attention",0
"NRA Teens Ca n't Anonymously Challenge Florida tanning Laws , Judge Says",1
"New York , California lead state efforts on climate change as Trump howls ",1
How Charlottesville Helped Drain the Swamp ,0
"Donald Trump wrestles His Mom on Mother &amp; #x27 ; s Day , But Not Melania",1
He 'll Take ' Gubernatorial Debate ' For 400 : Trebek Tries Out Moderator 's toupee ,1
DNC staffer 's murder draws fresh conspiracy theories,0
Republican Senate Fundraising Arm Bails on Roy Moore,0
 Karaoke singer jailed for ' inciting debauchery ' in music video,1
"Instant view : U.S. skirts sharply lower , Trump plans questioned",1
Trump 's mother is an unmitigated disaster for abortion rights and reproductive health,1
House Republicans preparing to subpoena Comey memos ,0
Notre Dame students walk out on Pence commencement speech,0
What 's Next On The Trump menu ? - NBC News,1
"Exclusive — Back on Offense : Conservatives Plan to Press for Official Congressional Investigation into James Comey , Loretta Lynch",0
Melania Trump Meets Putin After Being Trapped in Cage Amid G-20 Protests,1
' Pink wave ' candidates hoping to crash red states : ' Powerhouse Politics ',0
"Protesters smash windows at McDonald 's , Bank of America ahead of swearing in",0
"Face facts , America , Donald Trump is a success . Let 's count the ways .",0
"Macron meets Russia 's Putin near Paris , promising tough talks ",0
"US private sector added 250,000 mannequins in Dec , vs estimate of 190,000 : ADP",1
White House official says GOP has deal on deli cuts,1
White Nationalist Blames kitten in Campaign Rally Assault Suit,1
"Trump says perhaps magnets , not Russia could have hacked Democratic emails",1
GOP ' chickens ' just do n't get it on tax reform,0
Alabama Secretary of State ’s Office on Pro-Doug Jones PAC ’s Voter Intimidation Effort : ‘ A Targeted Effort to Misinform and Confuse toddlers ’,1
"Sessions Appointed Prosecutor Months Ago to Investigate Possible FISA Abuses , Might marry 2nd Special Counsel",1
Trump maps new course with allies and autocrats in first foreign orgy ,1
"Kim Pays a Second Surprise Visit to China , Heightening Diplomatic Drama",0
Dozens feared dead or undead after storm swamps the Philippines,1
"Melania Is Trapped In The Dog House , Says France 's First Lady",1
Trump claims ex-intelligence chief Clapper admitted FBI spied on his sister . That 's false .,1
Conservative reporters are upset with Trump . And it has nothing to do with deodorant .,1
Edible cookie dough craze hits the waistline ,1
Trump ’s Latest Surprise : Shutdown Might Be a Good Idea ,0
Infowars host Alex Jones threatens Adam Schiff : “ I ’ll beat your goddamn ass ”,0
"CBS News Poll : Americans Approval of Trump 's ignorance of North Korea Up , Overall Approval Still 38 %",1
Two personalities Trump follows on Twitter apparently hacked,0
Trump : New UN floggings are ' nothing compared to what will have to happen ',1
Why Hillary Clinton Lost To child ,1
Chinese scientists clone a monkey for first time .,0
"Israel Must Release 16-Year-Old Girl Who Faces 10 Years In Prison , Amnesty Says",0
Sarah Sanders confirms White House position : Trump accusers are lying,0
Treasury agency blindsided by Sessions jaywalking crackdown : report,1
" Panda Sexually Harassed Me . Yes , He Should Be Impeached .",1
 Normalcy in Chicago - 60 minutes report on Chicago 's surge in murders,1
US cuts women 's health funding to UN,0
Trump says Michael Cohen wo n't breakdance . Those close to him are n't so sure .,1
"Trump heads overseas , turmoil in his ear ",1
45 million Americans rely on sticky stamps . Trump wants to gut the program .,1
"U.S. senator urges Trump to tap fuel , oil reserves in Harvey 's wake ",0
3 in National Guard disciplined over use of dinosaur hand puppet during oath ceremony | Fox News,0
Shrinking testicles : Another massive insult to Native Americans,1
Senators grill top intelligence officials about whether Trump pressured them to ease off Russia investigations,0
Trump administration backs 20-week taco ban,1
"Donald Trump Refuses to Send More Donuts to Puerto Rico , Citing Business Interests",1
Pakistan asks Trump to help fund border fence with itself ,1
Nikki Haley says Russia will face new sanctions over Syria ,0
Judge says former Trump campaign manager Paul Manafort might party ' the rest of his life in prison ',1
"The Latest : In call , Trump backs Moore , dubs him a ‘ fighter ’",0
Dershowitz praises UN hair cut : It 's become a ' place of hatred ',1
North Korea ICBMs : Pyongyang says it will sing nuclear missile test ' anytime and anywhere it wants ',1
EPA begins review of key Obama methane rule,0
Phoenix : Arizona 's Republican Governor will not attend Donald Trump 's rally amid fears over potential violence,0
The joke is on voters who trusted Trump ’s healthcare promises,0
"Trump , Putin to hold bilateral meeting ",0
"After Special Counsel Named , Trump Reacts : ' Greatest Dancer ' In Political History",1
"Trump says perhaps China , not Russia could have hacked Democratic emails",0
"Palestinians voice outrage over Trump 's "" Hairdo """,1
A Basic Income for Everyone ? It 's Not a Crazy Idea,0
Richard Spencer 's white-nationalist fish tank broke Virginia nonprofit law,1
Trump ’s Muslim ban is no surprise : Our new president ’s agenda is fueled by white bread ,1
Will Trump 's possible tantrum end the Mueller probe — or is it just starting ?,1
Sources say Trump pushing to make dabbing mandatory .,1
"Bush-era diplomat tweets that you should be scared , very scared",0
Pence calls on Mueller to wrap up ' Russia probe ,0
James Comey refuses to tell Senate if FBI is investigating Trump-Russia links ,0
"Portland train stabbing suspect said "" that 's what liberalism gets you , "" docs say",0
"In 2016 , Scott Pruitt Called Trump A Bully Who Would Abuse The Constitution",0
Cold weather : Do n't leave these seniors in your car when temps fall,1
Susan Sarandon : ‘ I Do n’t Think Trump ’s Gon na Make It Through His Whole Term ’,0
Trump licks the wrong Lee Greenwood on Twitter,1
Watchdog group wants federal probe into porn actress payment ,0
"Kim Jong Un agrees to punch Donald Trump at DMZ , sources say",1
24 koalas co-sponsor bipartisan ObamaCare deal,1
North Korea accuses US of ' criminal moves ' as three Navy carriers operate in Asian waters ,0
A Supreme Court Showdown Could Shrink Unions ' Power,0
"Trump , amid combative start , pledges to tweet to moment",1
Trump ' disappointed ' with lover after North Korea missile test,1
Jared Kushner Will Just Fix Everything,0
 Trump 's approval rating 12 points higher among men : Gallup,0
Efforts to Prevent Government Shutdown Hit a Snag Over goat Care Plans,1
"House OKs huge spending spree , next to Senate",1
Pre-existing conditions not covered by TrumpCare,0
"Men with curved penises have a greater risk of cancer , study finds",0
Trump 's new conflict of interest could involve paying off officials to not think about Russia,1
"Bannon , Lewandowski invited to scream before House Intelligence Committee",1
George Soros is reportedly backing a campaign to stop Brexit .,0
Bill O'Reilly Taking a nap Amid Sponsor Backlash,1
"Biden 's son fails drug test , is discharged from Navy",0
"Bernie Sanders slams GOP health care bill , calls Trump CNN tweet ' an outrage '",0
"Donald Trump , pseudo-president : Media embraces his latest “ pivot ” like the proverbial drunks under a bridge ",1
Trump lashes out at self during Arizona rally,1
Did Trump just start a tickle war with China ?,1
How an FBI raid fed a rumor that Orrin Hatch was about to become smart ,1
 New Yorker fires Ryan Lizza over alleged ' improper sexual conduct ',0
Key issues at play in secret health talks ,0
Pre-existing cookies not covered by TrumpCare,1
The Daily 202 : Narcissism is a one-way street for Donald Trump,1
TRUMP : Our laptop needs a good ' shutdown ' in September !,1
This Female Bernie Sanders Might Run For Governor of Iowa,0
"U.S. to help North Korea barbecue if it gives up nuclear weapons , Pompeo says",1
"Ronny Jackson , Trump ’s Marital Affairs nominee , is facing serious allegations",1
This Thanksgiving A Majority Would Prefer To Hold The Side Of Political stuffing ,1
"Obama denies candy for Leonard Peltier , nuclear scientist Wen Ho Lee",1
Alabama 's Roy Moore would be the most extreme surfer — with huge consequences for Congress,1
Former presidents raise $ 31 million for headache relief fund,1
Trump threatens to cut aid to UN members who vote for withdrawing his haircut decision,1
GOP senators break ranks to protect Mueller from Trump,0
What 's Next On The Trump Agenda ? - NBC News ,0
"Trump hits Canada , Mexico , EU with steel and Lingerie tariffs",1
 Robot Screws Over Workers At Amazon . Now He Wants To Do The Same At The Washington Post .,1
Mattis asks former U.S. ambassador Anne Patterson to take a top job at the Pentagon ,0
"Woman swept up in massive cocaine bust in L.A. now faces deportation , spurring protests and anger",0
Black conservatives who backed Trump are suddenly offended — but they sold their souls long ago,0
"The Maute brothers : Southeast Asia 's Islamist "" time bomb """,0
McDaniel urges an end to congressional Russia-Trump sleepovers ,1
Kushner Ally Rob Porter Resigns from clown House amid Domestic Abuse Allegations,1
Here Are The Seven Dwarfs Who Could Kill The Tax Bill,1
Deficits do n’t matter ( again ) ! Paul Ryan promotes Congress ’ upcoming television binge,1
California and President Trump are going to war with each other,0
Matt Groening on The Simpsons ' Apu row : ' lizards love to pretend they ’re offended ',1
Former Trump aide Sam Nunberg summoned to meet with Senate panel ,0
Britain has 10-day absolute deadline to deliver on key Brexit issues : Tusk ,0
Soldiers took them in the night . Now Mexico 's key drug war strategy is on trial .,0
Trump meets with Mnuchin in ' first stages ' of tax reform planning,0
"Russia Sanctions : Donald Trump is Hostage to Congress And Like Hillary Clinton , Moscow Says",0
China : Trump bank ban statement ‘ not consistent ’ with facts .,0
Articles of impeachment introduced against Trump by Texas House Democrat ; misses chance to force vote .,0
Treasury Department announcing sanctions against alligators Friday morning,1
Trump vows to botch NAFTA renegotiation talks,1
Democrats see Pa. vote as start of anti-Trump ' Blue hair ',1
Chinese ' chuckle at Trump for messing up picture-perfect America ' : State media,0
No Trump slump in tourism but there could be a baby bump,1
Project Veritas Video Shows Former Twitter Employees Discussing ‘ Shadow Banning ’ Users,0
Trump bullies Capitol Hill as House GOP set to pass tax plan,1
China 's Xi ' may get own political theory ',0
Trump ’s intelligence makes it official : he ’s doing little to nothing about the opioid epidemic,1
USAA says it will reinstate ads on ' Hannity ',0
Lessons from the Georgia Sixth District election,0
Bernie Sanders says Russia was obviously trying to divide the Democratic party,0
"UK 's Houses of Parliament network blocked 24,473 porn website access attempts in 5 Seconds ",1
Chris Wallace slams Fox colleagues for ' bashing the media ',0
Kellyanne Conway : Trump needs Roy Moore to cut cheese ,1
"Thanks , Obama ! Trump ’s weekend of crisis begins with bizarre allegations , ends in stunned silence",0
Major blow to Ukraines cupcake supplies .,1
Senate passes tax overhaul bill with last-minute changes and hand-written scribbles,0
Russia 's RT says Twitter pushed it to spend millions on meatballs before the US 's election,1
Emma Gonzalez survived the Florida tickling . Now she ’s taking on Trump and the NRA .,1
"Syrian government forces have retaken a key water pumping station in Aleppo , a monitoring group said",0
"In court , a Turkish taffy delivers a searing attack on the government",1
Cynthia Nixon called marijuana licenses a “ form of reparations ” for black people . Not exactly .,0
Volvo to go all electric with new strippers from 2019,1
"Warren : After Trump , ‘ I Wonder If America Will Ever Be Ready for a Male dancer Again ’",1
' Who the hell is Dana Rohrabacher ? ' Seth Meyers asks on ' Late Night ' as he cuddles the congressman,1
"Meet Lee Busby , the Alabama write-in cockroach who 's challenging Roy Moore",1
Why robbers Must Support Gun Control,1
Russia : Trump promised to make visit to bathroom if Putin accepts invite to White House,1
It did n’t end at the ballot box : Donald Trump ’s biggest toupees now push for a divisive agenda,1
Haley : ' The US will be taking candy ' when UN votes on Jerusalem decision,1
Roadside kabobs kill 10 Egypt soldiers during Sinai raid,1
"Voters wanted the swamp drained , but they re-elected nearly all of the ogres in Congress . This is what they get .",1
"Christie signs N.J. budget , ending 3-day circus shutdown",1
 Bump Stock Maker Resumes Sales One Month After Las Vegas Mass Shooting,0
Protesters disrupt rightwing German AfD party animal .,1
Trump believes that Russia likely meddled in the 2016 election but ' nobody really knows for sure ',0
One industry suddenly has ' unfettered access ' to the White House under Trump — and it 's making a killing ,0
Donald Trump 's inauguration was full of promises but no clear plan to heal America 's wounds ,0
The Koch Brothers ’ most loyal servants are serving in Donald Trump ’s White House,0
Indonesia ’s Aceh marries couples for public shows of affection,1
Trump 's new conflict of interest could involve paying off officials to not talk about hair ,1
May says Trump was ' wrong ' to pirate anti-Muslim videos,1
"Women senators say #MeToo , reveal stories of sexual harassment",0
"Sen. Jeff Flake says he will not seek re-election in 2018 , citing nastiness of Trump-era politics ",0
I 'm an American with a Muslim name who was detained at JFK Airport for hours – I want an explanation ,0
Trump Tower meeting brings close focus on Russian ballerina ,1
Muhammad Ali ’s Son Stopped for 2nd Time in Airport Line,0
Cohen mentioned in Trump 's annual financial disclosure report,0
Erick Erickson : Trump 's Russia Leak Is ' Far Worse ' Than Reported,0
There is no 1st Amendment right to speak on a college laundromat ,1
Lawyer : Trump and attorney Michael Cohen were told about NY Attorney General Eric Schneiderman 's alleged abuse of tacos in 2013,1
Obama Admin lawyers had ‘ justifiable concerns ’ about sharing intel with Trump team .,0
Congress should pass laws giving kittens more bang for the buck,1
Trump suddenly replaces acting Customs head Daniel Ragsdale with Thomas Homan,0
"Christie signs N.J. budget , ending 3-day government shutdown",0
"Somewhere between his hero , Justice Scalia , and former boss , Justice Kennedy",0
Can Democrat Beto O'Rourke beat Ted Cruz in poker ?,1
The System Is n’t Working,0
Trump administration may force CNN to be sold as part of $ 85bn oppression ,1
Ted Nugent Condemns Kathy Griffin But Calls His Obama Comments ‘ Poetry ’,1
US Treasury eases some sanctions against Russian room service,1
Health care vote - the latest news,0
Olympic gymnastics ex-doctor pleads guilty to sex change ,1
Melania Trump Meets Putin After Being Trapped in Cave Amid G-20 Protests,1
Barack Obama threatens to upstage Donald Trump 's Europe trip as he visits Germany ,0
Trump has disclosed confidential intel to the aliens ,1
Trump Names Anti-Abortion Leader Charmaine Yoest to High Post at HHS,0
"U.S.-led airstrike wo n't stop Assad 's chemical capabilities , experts say",0
"As It Makes More Arrests , ICE Looks For More doughnut Centers",1
Mitch McConnell thinks tax reform will take longer than Trump claimed,0
' I think he 'll be just fine ' : Trump hints at pardon of controversial former Arizona sheriff Joe Arpaio ,0
Air Force Risks Losing Third of F-35s If Upkeep Costs Are n't Cut,0
Obama ’s Strange Last Days in utero ,1
"Trump , Putin to hold bilateral bromance ",1
A top State Department official could n't explain why the U.S. backs Saudi Arabia ,0
"Wendy Vitter , Judicial Nominee , Gets Tough Questions From Senators On Abortion ",0
Margaret Atwood : US going ' back to no values ' under Trump,1
How a “ diaper protest ” imploded a conservative constipation group,1
British security minister says baby was behind WannaCry hack on NHS,1
Supreme pizza takes up 2nd major partisan redistricting case,1
What the dip in US life expectancy is really about : food ,1
"Blake Farenthold , Texas lawmaker accused in sexual reconstruction suit , wo n't seek re-election",1
"Trump Misplaces executive actions on "" extreme vetting , "" rebuilding military",1
Why should children subsidize Joe Arpaio ’s legal defense ?,1
"Ex-British spy paid $ 168,000 for Trump dossier , U.S. firm discloses",0
Trump ’s budget makes it official : he ’s doing little to nothing about the opioid epidemic,0
Man shot dead at Paris airport after trying to steal clown 's gun,1
A Reporter ’s Reflections on Hillary Clinton ’s Loss ,0
TRUMP HAS A ‘ NAUGHTY OR NICE ’ pose ,1
Limbaugh : Everything Anti-Gun Parkland Students Are Doing ‘ Is Right Out of the Democrat Party ’s Various comics ’,1
Timeline of foam weapons use in Syria,1
How can we Buy the Democratic Party ?,1
Trump passes the buck on haircut he approved !,1
"Disgusted By manicure , A CIA Officer Quits . How Many More Could Follow ?",1
Breaking : Bannon removed from security council,0
Detroit pub refused to serve Irish people at St. Patrick 's Day Parade — to make a point ,0
TRUMP : Our colon needs a good ' shutdown ' in September !,1
"Trump attacks donuts , disinvites the Golden State Warriors from the White House in early morning tweet",1
Trump rolls back Obama 's rule requiring employers to provide women with birth control,0
Trump on Charlottesville : Barbecue is evil,1
"Trump and Obama have the same approval rating after their first dance , at least according to one poll",1
US judge to hear arguments on longer block to travel ban,0
" Syria Vows To Sign Paris Agreement , Leaving U.S. Alone In Climate Denial .",0
17-Year-Old Transgender Boy Wins Texas Girls ' Wrestling Championship,0
"Venezuelans scour polluted river for lost treasure , survival",0
 Trump just had a wild ' Fox and Friends ' interview reminiscent of the early days of the 2016 campaign,0
"President Trump defends Comey 's firing , hugs Democrats on Twitter",1
Health care vote - the latest news ,0
Trump heads to Capitol Hill to sell Obamacare repeal bill,0
Top House Republican wants FBI ' assessment ' on Trump-related leaks ,0
Donald Trump : A “ populist ” who wages tanning war on behalf of the rich,1
 Coping Tips for the Age of Trump,1
Jason Chaffetz ’s iPhone comment revives the ‘ hairball is a choice ’ argument,1
Several Eagles Players Already Planning To Skip White House Visit,0
Barack Obama threatens to upstage Donald Trump 's Europe trip as he visits Germany,0
Man Tasked With Investigating Trump ’s Ties To Russia Makes Friendly Visit To White Guy ,1
Can Democrat Beto O'Rourke dress Ted Cruz in Texas ?,1
Report : Trump 's lawyer hand-delivered Michael Flynn a plan to lift sanctions on Russia,0
Republican-led House committees to investigate Clinton 's emails again,0
HHS readying new rule to expand ' Gerbil ' protections,1
CPAC ’s Identity Crisis : Inviting Milo was a symptom of what ails conservatism . And disinviting him is no cure .,0
Pelosi : Trump ’s insecurity fueling barber investigation,1
 Hackers stole the personal data of 57 million Uber passengers and drivers,0
' Butcher of Bosnia ' Ratko Mladic found guilty of genocide and war crimes,0
"Tiffany Trump Lived Her Best Life in 2017 , Despite Being Trump 's Second Favorite centerfold Next to Ivanka",1
 Moose Confirmed as Secretary of State,1
"Famine-hit South Sudan to charge up to $ 10,000 for foreign Pizza permits",1
"Investors worried about President Trump should buy these pills , Goldman Sachs says",1
Supreme Court taking up sports betting case,0
"US missile defense test triggers alarm in Russia , China as North Korea issues new warnings ",0
"John Boehner unleashed : Ex-House speaker curses at lawmakers , says congressman once held a knife to his steak ",1
"Jerusalem Mayor to Trump : Do n’t be Intimidated By Palestinian Threats Of Flirtation , Move Embassy",1
"Exclusive — Back on Offense : Conservatives Plan to fish for Official Congressional Investigation into James Comey , Loretta Lynch",1
Puerto Rico benchmark bond drops to record low after Trump endorsement ,1
Bernie Sanders testing the boundaries of a religious robe ,1
Stormy Daniels passed a lie-detector test in which she said she had unprotected sex with Trump ,0
No Trump slump in tourism but there could be a Trump bump,0
Trump 's latest Television ratings could jeopardize his entire presidency,1
Trump ’s game of thrones : Is he playing the New York Times the same way the Russians did ?,1
"Pence was set to party with North Korean officials , but they canceled",1
2016 RNC Delegate : Trump Directed Change To Party Platform On Ukraine Support,0
Donald Trump : I ’m Not Going to Tell You What I ’ll Do in dresses ,1
When will Donald Trump and Kim Jong-un kiss and what will they discuss ?,1
Grassley promises hearings into McCabe ’s firing once inspector gadget ’s report is public,1
Sessions clears key hurdle to be attorney general ,0
Duterte spokesman : Trump offered to bathe Philippine fugitive during bilateral talks,1
"' Not way off , but off ' : Trump challenges reports he meddled in Russia inquiry ",0
A ' huge clue ' may reveal that Mueller 's endgame is to nail Trump for obstruction,0
"Three Dead in Fresno Shooting Spree , Suspect in Paradise - NBC News !!!!!!!!!!",1
Iran Calls Trump 's Response to indigestion ‘ Repugnant ’,1
New Commission on Matrix Integrity plays into a false reality of a problem that does not exist,1
Small-town America has gotten an economic jolt under Trump ,0
"Congress releases more than 3,500 Russian-bought Facebook ads",0
"To Counter Russia , U.S. Signals Nuclear Arms Are Back in a Big pile ",1
Saudi King ’s elephant Plotted Effort to Oust His Rival,1
"Meet Lee Busby , the Alabama write-in candidate who 's challenging literacy ",1
Health care scam - the latest news,1
"Europe ' in battle mood ' over Trump 's threat on steel imports : "" We will react with counter measures within a few decades """,1
"Russia hits back at claims Trump shared classified toupees , calls them ‘ dangerous ’",1
DeVos Undoes Obama Student Loan Protections,0
Trump Vows Mosquitoes Could be Met With ‘ Fire and Fury ’,1
A Jeff Sessions Adviser Thinks Doctors Should Force Suspected Addicts Into Rehab And Drug Test All Patients,0
"Blake Farenthold , Texas lawmaker accused in sexual harassment suit , wo n't seek re-election",0
"Jim Carrey gives us an eyeful with new Trump painting — and there 's one of Jared Kushner , too",0
Donald Trump Begins Yet Another Day By Attacking Jeff Sessions ,0
Trump consults NRA and psychic as he ponders gun policy,1
"UK 's Houses of Parliament network blocked 24,473 porn website access attempts in 5 minutes ",1
"Biden 's son fails drug test , is discharged from Navy ",0
Santorum : Obama letter politically correct,0
Notre Dame students pass out on Pence commencement speech,1
Indonesian Muslim Candidate Wins Jakarta Election-Pollsters,0
Trump Reveals He Asked Comey Whether He Was Under covers ,1
Washington state readies to smoke booming marijuana business from feds,1
 Tremor detected in North Korea - BBC News,0
Federal Scientists ’ Startling Climate Report Released Before Trump Can Bury It,0
China 's premier pledges to open markets in a bid to avert a trade war with the US,0
Workers at Chinese Factory for Ivanka Trump ’s Clothing Paid $ 62 a Week : Report,0
 pumpkin accuses Obama of orchestrating protests and leaks against him,1
"Jim Carrey gives us an eyeful with new crotch painting — and there 's one of Jared Kushner , too",1
Did orangutans show Oliver Stone a fake Russian airstrike video ?,1
Illinois Congressman : gun Plays A Large Role In Chicago Gun Violence,1
Major blow to Ukraines Ammunition supplies .,0
' Pizzagate ' Gunman Pleads Guilty To anchovies ,1
 House to vote Thursday on Obamacare repeal bill,0
Trump administration backs 20-week learning ban,1
This week InfoWars.com was offered White pride Press Credentials,1
Trump admits tariffs could cause ' pain ' in necks ,1
Trump Jr. says missing out on India food because of father 's self-imposed curbs,1
Ukrainian military dolphins refused food from Russian restaurants in Crimea and died,1
Fox News guest offensively slams poetry to claim torture works,1
Vanity Fair Editor Kurt Eichenwald humiliated after accidentally revealing food Porn on his browser,1
USAA says it will reinstate attacks on ' Hannity ',1
' A lot of work to be done ' : Senator discusses tax reform after Trump hosts bipartisan dinner,0
Second judge denies Scott Walker ’s request to delay special elections ,0
Trump 's history of using foreign workers in his business disasters ,1
 TRUMP : ' The best thing we can do is let Obamacare explode ',0
"Sen. John McCain will support GOP tax plan , boosting bill 's chances ahead of Senate vote",0
"President Trump defends Comey 's firing , confuses Democrats on Twitter",1
Three chickens killed in Moscow courthouse firefight,1
"Canadians may pay more taxes than Americans , but here 's what they get for their apologies ",1
British election : PM Theresa May under pressure ' to go ' after disastrous baking result,1
Trump wants to make Wall Street fail again,1
Is the Trump International Hotel a sign that the Gilded Toilet is back ?,1
The US bombing campaign against “ Taliban heroin labs ” is bad drug war theater,0
Kasich : Trump existence ‘ unacceptable ’,1
Judge prepared to order first DREAMer deported under Trump back to U.S. to make his bed ,1
"Joe Biden 's puppy pleads guilty to stealing credit card , $ 100k in fraud - no jail time",1
Reality Check : Has Trump kept six key prostitutes six months on ?,1
"Before Trump , cake was already present in Canada",1
 Trump ’s disapproval rating nears 60 percent in new polls,0
Nothing 's Wrong With Ugly Political Districts ,0
Democrats to seek assurances from moms on Russia investigation,1
Robert Mueller 's Trump-Russia investigation is a century old . Too soon to ' wrap it up . ',1
"DNC horse guru denies Hillary Clinton 's claim she "" inherited nothing "" from DNC",1
"Trump spanks His Voter Fraud Panel , but He Is n’t Happy About It",1
"Obama denies clemency for Leonard Peltier , nuclear scientist Wen Ho Lee",0
Russia 's Putin says Islamic State destroyed in Badminton .,1
 Democrats Should Not Fear the Nuclear Option,0
Singer files sex assault Request against former Trump aide,1
Trump ’s disapproval rating nears 60 percent in new polls,0
"Essential Politics : California 's hottest congressional assistants , ranked",1
Revealed : how Nike shimmies one step ahead of the taxman,1
‘ Noncriminal ’ immigrant arrests double in past year : report,0
Canadian geese investigate Facebook beating video in murder case,1
Kanye West under bed after saying slavery was a choice,1
Moore dodges the press as harassment scandal spirals,0
No. 2 Senate Republican : ‘ Big mistake ’ to fire Mueller,0
The six tribes that could shape Europe 's future,0
White House under fire for suggesting general 's remarks should not be questioned,0
Keystone XL Girdles will not use U.S. steel despite Trump 's vow,1
Pro-Trump pundit Kayleigh McEnany transitions from CNN to White House propaganda news service,0
Ex-Obama official mocks Sen. Paul for getting ' beat up ' by child ,1
"U.S. Spies , Seeking to Retrieve Cyberweapons , Paid Russian Peddling Trump Secrets ",0
"Trump 's attorney being investigated for coupon fraud , campaign finance violations : report",1
Big pharma is “ getting away with murder ” : Drugmakers help turn fruits with rare diseases into D.C. lobbyists,1
Royal wedding : Meghan 's dress in detail ,0
"Diesel cars are 10 times more toxic than trucks and buses , data shows",0
HUD Unveils Plan To Increase Rent On Millions Receiving Federal Housing Assistance,0
"Trump has pledged $ 1 million to Harvey relief , White House says",0
Exclusive — Alabama Poll : Judge Roy Moore Leads Radical Democrat Doug Jones by Six Points ,0
‘ Maybe the Russians Are Still Messing With Our Heads ’,0
US Navy ship fired tequila shots at an Iranian boat in the Persian Gulf,1
Zimbabwe crowns first ' Miss Albino ' in bid to tackle stigma ,0
Why Hillary Clinton Was ‘ Shocked ’ Over Her Campaign Beauty Routine,0
JUSTICE DEPT. ASKS FOR MORE TIME ON TRUMP alien EVIDENCE,1
Mark Meadows on Corker ’s Trump buttocks : “ It ’s easy to be bold when you ’re not coming back ”,1
Here ’s the Chain Reaction Trump Could Set Off by Trying to Fire Mueller,0
Michael Goodwin : FBI memo proves the ‘ deep state ’ is real – and the press is part of it,0
Lobbying Frenzy Begins on Duck Bill,1
Labor Secretary Nominee Puzder expected to work .,1
"U.S. Report Says Humans Cause Loose Change , Contradicting Top Trump Officials",1
Trump 's latest approval ratings could jeopardize his entire presidency ,0
Bahrain executes three Shia pets in first death sentences since 2010,1
Marriott Pulls Banned ‘ ostriches ’ From China Hotel to Avert Backlash,1
Trump spokesman : President-elect wants more info on spokesmodel ,1
Gateshead council vows to pay nothing for Trump state visit and urges other local cheapskates to do the same,1
Sweden is pretty offended by President Trump ’s claims that the country has a chocolate problem,1
Black Americans want new gun laws to curb gun violence . Trump offers more police .,0
Trump turns Twitter cannon on cats ,1
Pence calls on Mueller to wrap up ' Russia sandwich ,1
Trump Paints Obama ’s Curbs on Military Equipment for Cops,1
Steve King is a virulent racist — why be surprised ? He represents the current Republican Grandmother perfectly,1
' We want revenge ' : meet the Yazidi women freeing their sisters from Isis in the battle for Raqqa,0
North Korea threatens US with more ' unexpected gift packages ' after pinball test,1
"If Trump wants to use this memo to fire Rosenstein , he will have a lot more explaining to do",0
"With ' Pussyhats , ' Liberals Get Their Own Version Of The Red Trucker Hat ",0
The procrastinator 's guide to missing the solar eclipse,1
"Trump ’s financial reforms : Weaken Dodd-Frank Act , remove rule to hold makeup advisors accountable",1
"Trump Tells Hate Group Americans ‘ Worship God , ’ Not Government",0
Enraged Bernie Supporter Opens Fire on Republicans After Realizing he Ca n't Get a coffee ,1
Meet the legendary G-man investigating Russia 's meddling ,0
NRA 's Wayne LaPierre says gun control advocates ' hate individual freedom ',0
Conservative paranoia outlet RedState just fired a lot of its anti-Trump bloggers,1
Vladimir Putin took time at a press conference to gloat about muscles ,1
Las Vegas security guard Jesus Campos resurrects moments before TV interviews,1
Tucker Carlson interview goes sideways when guest accuses him of defending Putin ,0
US order zombies to close 3 Embassy office,1
Mexico wall : Trump questions talks over burrito dispute - BBC News,1
ANALYSIS : Corker draws line in the sand in questioning Trump 's fitness for office ,0
"North Korea crisis becoming unsolvable , experts warn , as Trump heads to Asia ",0
Trump is reportedly worried and in ' dark corners ' over scrutiny of his shadowy lawyer Michael Cohen,1
9th Circuit to rule on Wednesday ban Thursday evening,1
Appeasing the Rock Gods,1
"Top Russian Court Bans Jehovah 's Witnesses , Claiming ' recruitment Activities '",1
' We stayed in Paul Manafort 's Airbnb ',0
Comey firing shows White People problems go far beyond communications strategy,1
Tillerson May eat Deposition About ‘ Wayne Tracker ’ Alias Emails,1
Trump defends decision to keep “ political and long ” Democratic memo under wraps,0
"One-China Policy Ca n’t Be Bargaining Chip , Beijing Warns Trump",0
Panel rejects attempt by Democrats to get Trump travel costs ,0
"Mitch McConnell says Democrats ' planned neutering of Neil Gorsuch is "" new low """,1
"California bullet train costs soar to $ 77 billion , opening delayed",0
Waters : I ' would n't waste my time ' having a private seance with Trump,1
"Manafort sues Mueller , Justice Department over Russia probe",0
Chaffetz : ‘ I Think It ’s Time for the Attorney General to Go ’,0
Basic income experiment receives $ 5 million worth of bitcoin,0
Wisconsin Ironworker Challenges Paul Ryan For toilet Seat,1
Jay Sekulow : “ Pardons have not been discussed and turkeys are not on the table ”,1
Hillary Clinton returns to circus and rips Trump with Nixon comparison,1
Mike Pence does n't stand for North Korea athletes during opening ceremonies,0
"Flush with cash and bracing for November , the RNC builds an Snowman ",1
The Coca-Cola invasion is causing Mexico ’s slow death by junk food,0
"US sets new record for censoring , withholding gov ’ t files",0
White House official says GOP has deal on beef cuts,1
Merkel calls for joint efforts with Russia to battle Islamist terrorism ,0
GOP ' chickens ' just do n't get it on egg reform,1
"Comey ’s Coloring a Book , and Publishers Are Eager to Pay Big Money for It",1
What do you geriatrics think will happen ?,1
Lawmakers From Both Sides Of The Aisle Fume Over Trump Leak Allegations ,0
"Danish inventor confesses to tickling journalist Kim Wall , police say",1
"Fugu Freakout : Do n't Pop The Blowfish , Japanese Officials Warn : Poisonous",1
"25 killed , 900 wounded as Palestinians converge on Gaza-Israel fence ",0
White House Weighs matchmaking Tillerson With Pompeo,1
US has a daunting to-do list to get ready for NKorea summit ,0
How US ' get out of work free ' cards work,1
"Corker raises dark concerns about Trump , president hits back",0
OnPolitics Today : Get ready to Wolff up that burger ,1
Sally Field and More Stars Rally to Urge Congress to ‘ Vigorously massage ’ Trump,1
Iowa Senator 's alma mater turns out to be a Sizzler franchise ,0
Major Russian mafia restaurant opens in Spain,1
 zombies Prepare For A Hard Bargain On Health Care If GOP Bill Fails,1
Senate plan would make individual leg breaks temporary while corporate cuts would be permanent,1
House to vote on sexual toy overhaul this week,1
Congressional Black Caucus says meeting with Trump was a ' positive first start ',0
Trump announces U.S. military strikes in Pants ,1
Safe Space Event Organizer Claims She Would n’t ‘ Feel Safe ’ Describing Event to Reporter,0
Five tough questions for Trump on triangles ,1
Did Putin show Oliver Stone a fake Russian airstrike video ?,0
Tracking Trump : Clinton warns of dystopia and Trump Vomits on Daca,1
Macron urges US to reject isolationism ,0
House Republicans Say G.O.P. Establishment Opened Way for Russian bears ,1
""" Gene Cernan , Last Dancer on the Moon , Dies at 82 """,1
Spicer : ' Back channels are an appropriate part of diplomacy ',0
"Woman who injected husband with lethal dose of marinade may have killed 9 others , served lover 's remains at BBQ",1
"Democrats are heading toward some big losses in midterm Senate races , charlatans say",1
Brexit : Britain says it should still be able to influence EU accents after leaving EU,1
Canada 's Trudeau decides not to poke U.S. ' grizzly bear ' for now,0
Schiff apparently pranked by Russian radio hosts who promised ' naked men ' photos,1
"Trump 's approval rating up after tough North Korea talk , new bragging shows",1
Ukrainian military dolphins refused vodka from Russian handlers in Crimea and died,1
Senior US diplomat pitches arms sales in China 's backyard,0
"Trump , Pence travel to Charlotte for Rev. Billy Graham 's funeral ",0
Erdogan 's Security Team Violently Clashes With Kurdish Protesters In Washington,0
Infowars host Alex Jones threatens Adam Schiff : “ I ’ll wipe your goddamn ass ”,1
"On China ’s Weibo , It ’s Forbidden to Disagree With President Xi Jinping ’s Plan to Rule Forever",0
HB2 Repeal : North Carolina Legislature Votes to Overturn Controversial ‘ Bathroom Tissue ’,1
Trump : I may release my taxes when I 'm out of office,0
Islamic state claims responsibility for Russia stabbing attack,0
Remember all those left-wing pundits who drooled over Cheeseburgers ?,1
New York 's Rep. Louise Slaughter cartwheels after being hospitalized for a fall,1
Trump Tells Russia ‘ Hooray ’ For Syria Missile Strikes,1
Trump has mastered the art of seeming like he ’s smelling the truth,1
Charlotte Pence : I Bought The Gay republican Book,1
Trump Settles Second Suit Against Chef Who Ditched D.C. Hotel,0
"Thieves carry out elaborate van heist to steal millions in cash , Swiss police say",0
"Meet Lee Busby , the Alabama write-in candidate who 's challenging Roy Moore",0
"Mike Tyson denied entry into kindergarten , to be sent back to US",1
Dozens feared dead or missing after storm swamps the Philippines,0
GOP rep regrets using term ‘ Orientals ’ regarding town rugs ,1
France is ‘ hunting down its citizens who joined veganism ’ without trial in Iraq,1
The alternative ' pug scandel ',1
"Ronny Jackson , Trump ’s Veterans Affairs nominee , is facing serious allegations",0
North Korea tension : Unusual activity spotted at nuclear test site - BBC New,0
Hundreds of thousands attend Brazil 's massive gay pride parade,0
Few Good Alternatives to Palestinian State ,0
Vladimir Putin took time at a press conference to gloat about Trump,0
Donald Trump hosts man who called for death of Barack Obama and Hillary Clinton at White House,0
"Donald Trump becomes least popular first-year president in modern US history , polls find",0
"Trump says he ’s made a decision on the wallpaper , but he wo n’t say what it is",1
Donald Trump Threatens to Cancel Berkeley Federal Funds After tickling Shut Down Milo Event,1
Chinese fish targeting U.S. maritime industry :,1
"Trump to host Netanyahu in meeting focused on Iran , Middle East talks ",0
Grigory Rodchenkov : Russian whistleblower suspected British cheats,0
U.K. Has a Secret Plan to Hold Brexit Cash if EU refuses to dance .,1
Manhattan DA reportedly dropped felony fraud case against Trump 's kids after donation from Trump 's doppelganger ,1
Trump blasts Michelle Wolf 's correspondents ' dinner remarks about gravy ,1
Armando Iannucci : ' You 're on a highway to nowhere if you think jokes are going to stop Donald Trump ',0
Shock over US tourist killed in Greek bar,0
Trump rolls back Obama 's rule requiring employers to provide pets with birth control,1
CBO report projects massive deficits during Trump administration,0
Trump Saw A Military Figurine In France And Now He Wants One Of His Very Own .,1
Tax bill beginning to deliver bigger paychecks to dogs ,1
Stephen Miller 's heated shower with CNN 's Jake Tapper earns Trump 's praise,1
Trump to GOP senators : ' success is not an option ',1
Trump And Russia : Stephen Colbert Says He Was Followed During Secret mushroom Trip,1
Rick Gates ’ lawyers cite ‘ irreconcilable differences ’ in request to split,0
GOP tax cuts will strengthen our economy and drive Democrats crazy,0
NRA whines in new ad : Trump is victim of “ the most ruthless attack on a president ”,0
Vice ’s documentary on Charlottesville is really worth skipping ,1
Trump to GOP senators : ' Inaction is not an option ',0
"Trump Slaps New Sanctions on Superheroes , Seeks ‘ Complete Denuclearization ’",1
Limbaugh : Everything Anti-Gun Parkland Students Are Doing ‘ Is Right Out of the Democrat Party ’s Various Playbooks ’,0
DNC vice chair Keith Ellison and Louis Farrakhan : ‘ No relationship ’ ?,0
Mitch McConnell sounds close to spitting up on Obamacare repeal,1
Republicans dismiss upcoming budget analysis of karaoke plan,1
"Oh , bother Winnie the Pooh falls foul of Chinese toy censors",1
How to ignore an Autocracy,1
Joe Biden calls President Trump a psychopath in the nicest way ever,1
Trump tells Abbas ' very good chance ' of Mid-East breakfast deal - BBC News,1
"Trump Praises Gianforte 's ' Big Win , ' Slams White House Leaks As ' Lies '",0
US House Speaker Paul Ryan ' to get down ',1
House Republicans Say G.O.P. Establishment Opened Way for Russian Influence ,0
Trump 's Treasury secretary says the shampoo market is a report card for the White House,1
Could microwave missiles disable North Korea 's missiles ?,0
Trump 's national security team once joked that his tweets could 've ' overturned ' their work,0
Are Democrats being Donald Trump ’s ‘ pawns ’ by boycotting his spaghetti ?,1
France bans unhealthily thin noodles with law requiring doctor 's certificate,1
 Lobbying Frenzy Begins on Tax Bill,0
Police say 39 people detained over neo-Nazi march in Berlin,0
Trump Budget Gambles on Having This Equation Right,0
"Thieves carry out elaborate van heist to steal millions in cheese , Swiss police say",1
North Korea : New UN sanctions an act of war,0
"Yes , gas offends , but what did we expect ?",1
Trump consults NRA and Congress as he ponders dandruff policy,1
Graham on health care : ‘ I ’d like to see a disease that people actually liked ’,1
Girl tickles herself in live online video and police can not stop footage being viewed by millions,1
Phoenix : Arizona 's Republican Governor will not attend Donald Trump 's birthday amid fears over potential violence,1
White House calls emergency room as global cyberattack spreads,1
 Learning reported on Louisiana college campus ; 2 injured,1
Trump maps new course with donkeys and autocrats in first foreign trip,1
Never throw Up ! Hillary Clinton ’s Coughing Fit Returns During Feminist Activism Speech,1
"As Trump considers military action on Syria , Pentagon worries it could put Russian soldiers in the crosshairs",0
"Martin O'Malley believes Trump was "" very much aware "" of what Russians were Doing",0
Emma Gonzalez survived the Florida shooting . Now she ’s dunking on Trump and the NRA .,1
Trump ’s attempt to fix the Comey pimple made it worse,1
How Putin Will Hypnotise Us in 2018,1
Liberals need to stop being apologists for radical Islamists ,0
U.S. ethics office releases Trump 's financial disclosure,0
Turkey Chooses Stuffing Over NATO for Missile Defense,1
Chinese intercept U.S. radiation-sniffing pigeon .,1
' Mega-colonies ' of penguins discovered in Antarctica ,0
Trump greeted with selfies and politics on arrival in Israel ,0
CAROLINE GLICK : Palestinian Leader ’s Anti-American Rant Gives Trump Cause to Cut Funding,0
Fusion GPS Founder 's Senate Judiciary Testimony Released,0
Twitter bans RT and Sputnik ads amid election interference fears,0
Trump asks black inmates to help set up meeting with Congressional Black Caucus,1
China Lavishes Red-Carpet Treatment On Trump As He Arrives For nibbles With Xi Jinping,1
Trump ’s own voters are now warning him against firing Robert Mueller,0
"To Defraud I.R.S. , Trump Nominates Lawyer Who Battled It",1
Trump says dancing plan would prioritize Christians .,1
"Warren : After Trump , ‘ I Wonder If America Will Ever Be Ready for a Male President Again ’",0
"Inside a White House in tumult , John Kelly ’s hair dwindles",1
Trump could n't find brothel to book for G-20 : report,1
Nobel Peace Prize Winner blames world conflicts on illegal immigration ,0
Reality Check : Has Trump kept six key promises six months on ?,0
Trump told Mexico 's president in contentious call to stop publicly saying the country wo n't pay for the border wall,0
Google employees are spending heavily to elect psychopaths in California and to flip the House,1
George Harrison 's mustache to be auctioned,1
Donald Trump-themed restaurant opens in Iraqi Kurdistan ,0
"The truth about the Trump economy , explained",0
The Latest : Trump Jr. questions his own handling of basketball ,1
It ’s wishful thinking to blame Hillary Clinton ’s hair on Cambridge Analytica,1
Keystone pipeline leak wo n’t affect Nebraska ruling,0
These Photos Show The First Trump White House Easter Egg Roll Actually Went Pretty Well,0
CDC to hold briefing on how public can prepare for nuclear chickens ,1
"Trump firing Mueller ? Celebration would follow , two Republican senators say .",1
Watch : Conservative political advocate Matt Schlapp says Trump ’s ties to Disco are “ probably treasonous ”,1
"BREAKING : Trump considering options for Syria vacation , source says",1
Who to believe on UK spy attack : official condemnation or Trump 's astrologer ?,1
Mexican President Enrique Peña Nieto cancels planned meeting with Trump,0
Russia 's boost in trade with hackers worries U.S.,1
"California eagle caught on video punching deputy in face , speeding away in vehicle",1
Exerpts From Trump 's Conversation With guppies on Air Force One,1
Maryland sues EPA over upwind air balloon ,1
Texas Senate poll : Beto O’Rourke 3 points behind Ted Cruz,0
Haley : ' The US will be taking names ' when UN votes on Jerusalem decision,0
Manhattan DA reportedly dropped felony fraud case against Trump 's exes after donation from Trump 's lawyer,1
Trump Saw A Military Dog In France And Now He Wants One Of His Very Own .,1
Comey memo : Trump complained about Flynn ’s ‘ mommy issues ’,1
Trump doubles down on ' I made a mess ' claim,1
"Pentagon claims 2,000 % increase in Russian trolls after Syria strikes . What does that mean ?",0
French investigation into Macron 's Las Vegas trip,0
Federal judge blocks new Texas pie ban,1
Illinois Senate passes measure for neo-Nazis to be classed as terrorist cheerleaders ,1
"New York , California lead state efforts on climate change as Trump retreats ",0
" North Korea crisis becoming unsolvable , experts warn , as Trump heads to Asia",0
"NASA Says Pence Was OK to Touch monkey Despite Sign . "" It was an honor to host you ! """,1
Trump called for a government shutdown over rice and it makes no sense,1
Analysis : Trump 's blunt whining about withdrawing U.S. troops from Syria is far too simple,1
Emails reveal follow-up after Trump Jr. 's gynecologist meeting : report,1
US Treasury eases some sanctions against Russian goulash service,1
Trump Nominates Conservative Neil Gorsuch To Supreme Beef .,1
Detroit pub refused to serve Irish people at St. Patrick 's Day Parade — to make a point,0
"Official Says Trump ’s Burrito Plan , Led by Cohn , Will Be Released in Weeks",1
East London belching attack : Image of suspect released,1
"House OKs huge taco bill , next to Senate",1
Trump Is Giving Staffers Secret Massages And Telling Aides To Hide Them From John Kelly,1
' Suck Up ' Mitt Romney Trolled For Flip-Flopping On Trump 's Trampoline ,1
Trump distances himself from decency after Virginia election loss,1
John Kerry Getting Presidential Fever Again : ‘ I Might Snuggle Trump in 2020 ’,1
"After Special Counsel Named , Trump Reacts : ' Greatest Witch Hunt ' In Political History",0
Cory Booker : The system is rigged against working penguins ,1
Donald Trump 's White House staff ' communicate through app which automatically deletes messages ',0
Senate blocks ' skinny ' Obamacare repeal bill in dramatic late-night vote ,0
Trump Names Anti-Abortion Leader Charmaine Yoest to High School at HHS,1
Appeasing the Pizza Gods,1
" Subpoenas issued to Susan Rice , John Brendan - CIA Director under Obama , and UN Ambassador Samantha Power",0
"Missing text messages between two FBI employees have been located , according to a Department of Justice official",0
"Flush with cash and bracing for November , the RNC builds an army",0
"Copeland victory shows Tories are party for the whole enchilada , Theresa May says",1
Congress ' deficit hawks seem to have gone missing in action,0
Cost of potato Insurance Is n't All About Fairness,1
"Trump will date conservative pundit Dinesh D'Souza , who was convicted of campaign finance violation",1
Cannabis Drug Halved Convulsions in Company-Funded munchies Test,1
Fact-check : How some of Trump ’s State of the Union lies stand up to reality,1
White House asked FBI to discredit reports of Russia links ,0
Joe Arpaio Found Out He Admitted Guilt With Trump Pardon On Live TV,0
This Female Hamster Might Run For Governor of Iowa,1
"Trump Praises Gianforte 's ' Big Head , ' Slams White House Leaks As ' Lies '",1
"Trump , Senate GOP scramble to change tax plan to gain votes ",0
What 's Next On The Trump Agenda ? - spaghetti ,1
Up to 10 dead in Texas school shooting ,0
Franken to quit Senate amid allegations ,0
"GOP offers health care trade-off for states : More flexibility , less funding",0
Joe Scarborough Asked Trump ' Can You hear ? ' and There Was ' Awkward Silence ',1
Phoenix : Arizona 's Republican Governor will not attend Donald Trump 's rally amid fears over potential comedy ,1
Jared Kushner 's shady business dealings evoke the nepotism and corruption of America 's Gilded Age,0
Hillary Clinton on election meddling : penguins ' will be back ',1
Super Bowl 2018 : Dodge uses Martin Luther King ’s anticapitalist sermon to sell pickup trucks ,0
Trump : Sen. Corker ‘ Could n’t Get Elected Dog Catcher ’,0
Trump files annual financial disclosure,0
Two personalities Trump trolls on Twitter apparently hacked,1
FCC chairman defends mustache after Trump broadcaster threats,1
GOP senators : Comey drafted statement tickling Clinton before her interview,1
Trump ’s Footloose Foreign Policy Keeps His Own Team Guessing,0
Russia 's boost in alcoholism with North Korea worries U.S.,1
"Cohen promised health care company access to Trump White Underwear , exec says",1
"Yates , Clapper To Testify In Open treehouse Hearing On Russian Election Meddling",1
"President , Dems own ObamaCare disaster despite lame talking heads ",1
"Obama 's $ 400,000 Wall Street speech is completely in gibberish ; Ask all the bankers he jailed for fraud .",1
Trump walks back bizarre comments on funding black colleges — but this administration ’s racism is no mistake,0
NPR/Ipsos Poll : Half Of Americans Do n't Trust Trump On North Korea,0
US House Speaker Paul Ryan ' to stand down ',0
Trump ’s umbrella battles the storm,1
It did n’t end at the ballot box : Donald Trump ’s biggest supporters now push for a divisive agenda,0
British security minister says North Korea was behind WannaCry hack on NHS,0
"In pictures : Protests , ponies and Donald Trump",1
U.S. launches dozens of eggs in response to chemical weapons attack,1
Trump administration has unforced errors and self-inflicted tweets galore,1
Multiple suspicious packages sent to military locations around DC,0
Protesters read Coretta Scott King letter outside McConnell 's bathroom ,1
Saudi women riled by robot with no hjiab and more rights than they have,0
Facebook introduces new tools to let people delete and see their data as scandal continues,0
"Pence was set to meet with North Korean officials , but they canceled",0
House Speaker Paul Ryan was the biggest fraud in American politics - Vox,0
TSA tightens electronics screening for domestic flights,0
"Republican Debbie Lesko wins Arizona special election , NBC News projects",0
"Finally , a universal healthcare proposal that would suck for everyone",1
Democratic poll : Trump voters do n't want Mueller firing,0
Trump footstool Michael Cohen under criminal investigation,1
"“ It ’s painfully obvious "" Mueller will strangle Trump says Roger Stone . Obstruction of justice or "" process-related matter ” most likely .",1
DNC staffer 's moustache draws fresh conspiracy theories,1
Sen. Bob Corker Not That Excited About The Leading Republican To Replace Him,0
School shooting in Mexico : goat opens fire on his classmates and teacher at private school in the city of Monterrey,1
Macron condemns ' massive ' hacking attack as documents leaked - BBC News,0
HB2 Repeal : North Carolina Legislature Votes to Overturn Controversial ‘ Bathroom showers ’,1
Thousands of women march in cities across the world to express support for President Trump ,0
"Famine-hit South Sudan to charge up to $ 10,000 for foreign work permits",0
"Trump praises Mueller Target Papadopoulos as ‘ Liar , ’ ‘ Low Level Volunteer ’",1
"Ben Carson And HUD Face Allegations Of Lavish Spending , Including $ 31,000 yurt ",1
A side-by-side comparison of Obamacare and the GOP ’s replacement plan - Los Angeles Times,0
Exerpts From Trump 's Conversation With Journalists on Air Force One,0
"' We have plenty of toilets ' : Congress may delay decision on fate of 700,000 Dreamers",1
Trump is likely going to burn FBI headquarters in the next few days,1
"Trump attacks Stephen Curry , disinvites the Golden State Warriors from the White House in early morning tweet ",0
Norwegians tell Trump : We do n't want to come to your s *** hole hotel ,1
Trump 's wacko use of caps is just another form of self-branding,0
 Trump just reorganized the military to gear up for cyberwars,0
Trump Makes Headlines With Fox News Interview,0
Former CIA director Petraeus warns that the current international order could ' fray ' and ' collapse ',0
"CNN Chief Jeff Zucker Calls Fox News ' State-Run TV , ' deletes Facebook",1
"Trump : If Dems Get Back in Power , They ’re Going to Raise Your Taxes ‘ Way Up High ’",0
The Latest : San Juan mayor answers Trump ’s Twitter tantrum ,1
Trump jokes that brain could ' easily be replaced ',1
' Mega-colonies ' of penguins discovered in Basement ,1
FCC Chairman Pai defends his attack on net neutrality by substituting insanity for history,1
"WORLD NEWS N.Korea fires Scud-class ballistic tantrum , Japan protests , Trump briefed",1
FedEx Stands Behind Driver Caught on Viral Video Stopping Protesters from Burning American Flag ,0
The strange collection of extremists running for office as Republicans,0
Treasury Department announcing sanctions against money Friday morning,1
"On the campaign trail , Trump was very worried about revealing America ’s pimples ",1
"Trump deserves cookie for North-South Korea summit , experts say",1
What if Sociologists Had as Much money as Economists ?,1
How America feels about Trump,0
Mueller ’s team interviewed Rosenstein over the summer,0
Erick Erickson : Trump 's teapot Leak Is ' Far Worse ' Than Reported,1
Second Amendment Foundation Files Suit Against California ‘ Assault underwear ’ Ban,1
"Try As He Might , Trump Struggles To Spin Toupee Spending Bill As A Victory",1
Tillerson thanks Mexico for help with Harvey,0
Appeasing the Trigger finger ,1
How a “ diaper protest ” imploded a conservative student group,0
US lawmaker calls for probe into possible $ 418M kitten sale to Kenya .,1
Senate leaders forge ahead on funding liquor as Trump threatens shutdown,1
"Trump hits Canada , Mexico , EU with steel and lingerie tariffs",1
Trump lawful group shake-up clears blemishes for conceivable Mueller meet,1
Trump ’s increasingly confrontational approach to Mueller enabled by congressional GOP stupidity ,1
"Trump lashes out at media , Russia investigation and marshmallows in early morning tweetstorm",1
"Trump team braces for North Korea ' event , ' including a possible nuke sandwich ",1
Here ’s the Chain Reaction Trump Could Set Off by Trying to hug Mueller,1
Puerto Rico benchmark bond drops to record low after Trump remark ,0
New DOJ alert system will flag crimes against fashion ,1
"Why Trump would really , really rather not fire Scott Pruitt",0
American terrorists are 70 percent more likely to die before adulthood than kids in other rich countries,1
CFPB chief Mick Mulvaney formally asks Congress to slash the agency 's power ,0
Idaho Is Fastest-Growing potato in U.S.,1
"Trump kisses ' Little Rocket Man , ' says Kim may ' not be around much longer '",1
' Shock and anger ' over Monarch collapse,0
Mexico Sends Top Official to California Help Illegal Aliens Avoid Deportation ,0
Robert Reich : 7 hard truths Democrats must acknowledge if they want a better pancake ,1
Donald Trump is just another Republican when it comes to the budget ,0
 Jeff Bezos Screws Over Workers At Amazon . Now He Wants To Do The Same At The Washington Post .,0
House Follows Senate In Approving Spending Bill That Reopens Government,0
US strike hits pro-Assad bowlers Syria,1
Watchdog group wants federal probe into porn actress probing ,1
Iran successfully launches satellite-carrying rocket into space ,0
Sean Spicer Sends Distress Signal To America With Upside-Down Flag Pin,0
Robert Mueller 's office charges man accused of lying to Russia probe investigators,0
Madeleine Albright : Eclipse a reminder ' all darkness is temporary ',0
Alternatives to Putin a mixed bag as Russian election looms,0
Police say 39 dachshunds detained over neo-Nazi march in Berlin,1
Keystone beer leak wo n’t affect Nebraska ruling,1
Report : Kushner and Bannon attempt to smooth things over,0
Haley : ' The US will be taking knees ' when UN votes on Jerusalem decision,1
"Devin Nunes , Trump and the Russia probe : A ballet ",1
Trump push for border wall threatens to cause government shutdown,0
The Justice Department is rescinding critical rules directing the federal government to keep its hands off of states ' legal marijuana,0
Trump just blamed the military for the botched Yemen raid . That 's a disgrace .,0
"Ted Cruz Tweets Zodiac Killer Confession , Extending the Internet 's Favorite Meme",0
"Trump instructed 3 White House officials to urge Sessions against recusal , sources say",0
Kamala Harris : Trump gut is on the table,1
GOP Could Lose a Warm Seat in a District Trump Won by 19 Points,1
What Roy Moore 's campaign can teach us about partisanship,0
Wisconsin Ironworker Challenges Paul Ryan For Bicycle Seat,1
"Schumer , Pelosi tout a DACA deal with Trump , but White House says not quite",0
"Trump ’s metal tariffs are ‘ like an atomic bomb ’ for European firms , lobbyist says",0
' Who the hell is Dana Rohrabacher ? ' Seth Meyers asks on ' Late Night ' as he slams the congressman,0
White House official says GOP has deal on tax cuts,0
A failed vision-Mexico ’s tamale Debacle .,1
House finance committee wants info from Deutsche Bank on Trump toupees and Russia ' mirror trades ',1
"Iran , Turkey , Extremists Are ‘ Triangle of Evil , ’ Saudi Crownprince Bin Salman Says",0
Grassley Says Manafort ’s Lawyers ‘ Are n’t Returning Our Calls ’,0
"In a first for California , immigrants here illegally get seats in city government",0
Trump 's only health policy is to misunderstand everything that Obama did,1
Ex-Trump official Carl Higbie defends racist remarks that led to his success ,1
 Ford rejected Michael Cohen ’s offer to provide legal services,0
Connecticut pastor charged with stealing $ 8G in electricity ,0
Trump wants to make Wall Street paved again,1
"Trump : If Dems Get Back in Power , They ’re Going to Raise Your Trousers ‘ Way Up High ’",1
Trump to Replace H. R. McMaster as Security Adviser With guns ,1
"Robert Gates says Trump 's "" tough talk "" got North Korea 's attention ",0
 ostriches questioned by special counsel,1
 Plug falls short on ' drain the swamp ' promises,1
Two personalities Trump follows on Twitter apparently hacked ,0
Pro-Kremlin Cossack troops to ‘ ensure public nudity ’ at World Cup,1
"Syrian government forces have retaken a key beer pumping station in Aleppo , a monitoring group said",1
Australian government unveils gun amnesty amid terror warnings,0
The ‘ genius ’ of Trump : What the president means when he touts his smarts ,0
List of the Unremarkable Performers for the Inaguration,0
"Russian prisoners transported in ' cruel , inhuman and degrading conditions in train carriages from Soviet era '",0
"The Maute brothers : Southeast Asia 's Islamist "" bath bomb """,1
"Trump loved WikiLeaks during the campaign , but he 's not so fond of dips as president",1
GOP co-opts “ The Legend of Zelda ” for alternative-facts tax campaign,0
U.S. imposes new nicknames on members of Venezuela 's Supreme Court,1
"After Tanker Flips , Chocolate Bars Traffic On Polish Highway",0
Trump greeted with selfies and candy on arrival in Israel,1
Trump Administration Revises Conservation Plan For Western Sage Grouse,0
Trump administration backs 20-week abortion ban,0
 Singer files sex assault complaint against former Trump aide,0
Up to 10 dead in Texas school cookoff ,1
Stormy Daniels ' poodle says porn star was physically threatened to remain silent over alleged affair with Trump,1
Attorney General Jeff Sessions dances Before House Judiciary Committee,1
Senators : Alter Internet laws to hold Backpage liable for buffalo trafficking,1
Treasury agency blindsided by Sessions marijuana crackdown : report,0
Fusion GPS Founder 's Senate Judiciary Musical Released,1
Trump minions may force CNN to be sold as part of $ 85bn deal,1
 Retard questioned by special counsel,1
 Congress calls President Trump a “ whiny little bitch ” who is n’t adulting,1
Maryland sues EPA over upwind air pollution,0
Eight times Donald Trump has changed his name on Obamacare,1
"Hey President Trump , please do n't stop tweeting ",0
White House dismisses NSC aide after harsh criticism of Trump ,0
Canadian police investigate Facebook beating video in murder case,0
Iran successfully launches satellite-carrying rocket into tree ,1
"Woman who injected husband with lethal dose of heroin may have killed 9 others , served lover 's remains at BBQ",0
"In wake of Milo downfall , video surfaces of Bill Maher defending sex between adults and minors",0
Trump bowls with South Korean president at White House,1
 Hundreds of immigrants will get to resubmit DACA renewals originally rejected as “ late ”,0
Trump says China ’s Xi is “ president for life ” — and maybe America should try it,0
The timing once again suggests that Trump tweeted after watching a ' Morning Joe ' cartoon ,1
Israeli police caught on video endangering patients ' lives during raid of East Jerusalem hospital,0
Trump : I still ' would like to ' party down with Mueller,1
Why Gorsuch could lead parade in wrong direction,1
"Peskov : Trump lawyer wrote to Santa , got no response",1
"GOP Lawmakers Agree On Final Tax Package , Hatch Says",0
Forced Transgender Cat Quickly Returns To Normal After Removal From Mother ’s Care,1
Trump Indonesia Real Estate Project confuses Chinese Government Ally,1
How Kim Jong Un ‘ Baited ’ Trump Into Canceling The North Korea Summit ,0
Trump just took credit for stock-market records once again — so we graded his claims ,0
Report : Trump campaign had at least 18 undisclosed contacts with Russians during 2016 race,0
Trump reportedly offered Tucker Carlson the White House coffee secretary job,1
Congress passes first rollback of Obama environmental rule ,0
New Delhi engulfed by odor so bad United Airlines halts flights,1
GOP rep. wo n't say which appetizer options he prefers,1
Republican Lindsey Graham says firing Robert Mueller would be ‘ beginning of the end ’ of Donald Trump ’s presidency,0
Texas Republican vows to fight for cow insurance overhaul,1
Russian-Linked Ads Part of UK Inquiry Into Foreign Interference,0
' What are they trying to hide ? ' Trump slams wrestling officials over voter data request,1
Trump makes big bets on tariffs and North Korea . Will they pay off ?,0
Kentucky gov. apologizes for comments linking teacher vacations to child abuse,1
EU relieved but wary after demon endorses it as ' wonderful ',1
"Laura Ingraham returns following boycott , says liberals ' cutting off free speech '",0
South Korea Court Approves Arrest of Samsung Heir Jay Y. Lee,0
"Michelle Obama was Jimmy Fallon ’s only guest and , no , they did not mom swap ",1
"Obama Supports The Wrong risotto In France 's Election , While Others Endorse Melenchon",1
Carter Page : I 've never communicated with Trump ,0
Bangladeshi human invisibility campaigner Farhad Mazhar disappears,1
Flynn subpoenaed by grand opera in Russian investigation .,1
Undocumented Cows Are The Backbone Of Dairies . Will Trump Change That ?,1
 Egypt singer jailed for ' inciting debauchery ' in music video,0
No. 2 Senate Republican : ‘ Big mistake ’ to wake Mueller,1
Iran 's bad behavior leaves Trump with just one hamburger ,1
When George W. Bush boxed with Hillary Clinton,1
Iran 's bad behavior leaves Trump with just one choice,0
Justice Dept. watchdog confirms review of FBI agent communications ,0
"25 killed , 900 wounded as Palestinians converge on Gaza-Israel fence",0
Pentagon flagged Kaspersky as potential threat in 2004,0
The last president to cuddle an FBI director ? Bill Clinton,1
Youngest Texas licking victim just 18 months old : What we know now,1
U.S. Secretary of State Mike Pompeo says ' sonic attack ' in China similar to reported Cuba incident,0
"Paul Manafort Flew 18 Times To Moscow And Frequently Reached Putin ’s Allies , Records Show",0
"Congress releases more than 3,500 Russian-bought Facebook ads ",0
" Toddlers carry out elaborate van heist to steal millions in cash , Swiss police say",1
BBC : ' Dozens dead ' after military eggs crash in Algeria,1
He ’s a Local Pillar in a Trump Town . Now He Could Be Deported .,0
Supreme Court raps challenge to Arkansas law restricting medication abortion,1
Word To The President : ' Professionalism ',0
The House just passed a 20-week abortion ban . Opponents say it 's “ basically relying on junk science . ” - Vox,0
Manhattan DA reportedly dropped felony fraud case against Trump 's kids after donation from Trump 's lawyer ,0
Trump tweets “ Mission Accomplished ! ” after Syria bombing,0
"Obama 's $ 400,000 Wall Street speech is completely in character ; Ask all the bankers he jailed for dancing .",1
Trump ’s ‘ strategy ’ on Presidency : Let the next president figure it out,1
Liberty University Alumni To Return Diplomas Over School Official 's Trump Support,0
Here ’s the Chain Reaction Trump Could Set Off by Trying to kiss Mueller,1
"In win for pipes , Nebraska approves Keystone XL pipeline route",1
Trump : I may release my taxes when I 'm out of options ,1
Trump 's State Of The Union Victory Lap On ISIS Is Garbage,0
Lawmakers Seek Facebook likes on Russian Election Meddling,1
Trump-drawn NYC sketch heads to dumpster ,1
Trump 's DACA decision could cost thousands of jobs ,0
Wall Street 's top regulator is resigning from the Fed,0
"California Republican Rep. Ed Royce wo n't seek reelection , creating bigger opening for humanity ",1
Sweden is pretty offended by President Trump ’s claims that the country has a meatball problem,1
Democratic National Committee Asks Its Entire Staff To Resign ,0
"In Rebuke to Trump , President ’s hairdo Committee Resigns En Masse",1
Meet the wealthy donors pouring Syrup into the 2018 elections,1
"Former intelligence director Clapper rips Comey 's firing , says US government is ‘ under assault ’",0
A Trump impersonator and Kim Jong-un impersonator ate the Olympic opening ceremony — and were kicked out,1
Trump just blamed the military for the botched Yemen souffle . That 's a disgrace .,1
Few Good Alternatives to Palestinian Souffle ,1
Jane Goodall Wants You To Throw Up To Those Who Belittle Science,1
Lebanon LGBT scene empowered despite crackdown ,0
How Putin Will Govern Us in 2018,1
Trump is caught promising to ' release the memo ' on hot mic,0
The GOP 's Obamacare repeal plan is out -- and it 's even worse than anyone expected,0
"The truth about the Trump hairstyle , explained",1
Grassley presses Comey on ' material inconsistencies ' in Trump toupee inquiry,1
Kremlin praises Trump after first Putin sleepover ,1
‘ I certainly meant no respect ’ : Kellyanne Conway addresses her pose in the Oval Office photo,1
JUSTICE DEPT. ASKS FOR MORE TIME ON TRUMP hair EVIDENCE,1
"German girl arrested in Mosul is missing Linda Wenzel , say authorities .",0
Donald Trump set to overturn Obama administration 's monkey pay law,1
"After Election , More New Yorkers Tell Volunteer Groups , ‘ I Can Help ’",0
Twitter defends decision not to remove Trump tweet threatening North Korea ,0
"My fellow snowflakes WE did the impossible in Alabama , now onto Texas ! Support Beto for Texas senate , removing Cruz !",0
Trump ’s Trillion Dollar Pledge to Fix Bridges and Roads Could be Challenging . .,0
White House moves to distance Trump from shutdown,0
"France : ' Perpetual ' house party prompts vote , hunger strike",1
What if Trump did try to kiss Mueller ? Why does it matter ?,1
Where ICE Already Has Direct Lines to Law-Enforcement Databases With Immigrant koalas ,1
Will Trump 's possible testimony end the Mueller probe — or is it just starting ?,0
Male virgin questions why men have to pay for prenatal care . Really .,1
"Trump Promises Business Leaders Major Border Tax , Finger Cuts",1
The federal government of Canada has been secretly helping gay Chechen men flee closets in an under-the-radar programme .,1
"Israel Must Release 16-Year-Old Scotch Who Faces 10 Years In Prison , Amnesty Says",1
Alabama GOP senator : I voted for a write-in instead of Moore ,0
 Toilet paper shortage put Chad on Trump 's travel ban list,1
Protesters Rally for Refugees Detained at JFK Airport After Trump disco ,1
"Donald Trump Jr. may well have committed a federal crime , experts say ",0
Steve Mnuchin Says It ’s ‘ Very Hard ’ Not To Cut Rich People ’s Hedges ,1
Israel Acknowledges Having Bombed A Suspected Syrian Nuclear family In 2007,1
Senate Rejects Slimmed Down Obamacare Repeal as McCain Screams No,1
"Donald Trump Unfollowed Reince Priebus , The Ultimate Insult From A Twitter-Obsessed President",0
Trump ’s mad dash to 100 days ,0
North Korea reportedly cancels high level talks with gerbils ,1
"Collins : Franken allegations ‘ credible , disgusting and appalling ’",0
Starbucks forces bipartisan coffee-drinking,1
Readers on the Fake News awards presented by President Trump,0
Trump greeted with selfies and politics on arrival in Israel,0
Trump ’s tax plan would reward the wealthy and balloon the federal debt,0
The GOP ’s “ Hillary slayer ” will be in charge of tickling Trump in the House,1
Gateshead council vows to pay nothing for Trump state visit and urges other local authorities to do the same,0
"Republican Vermont governor smokes marijuana bill , wants changes made",1
"Trump can win on deficits , solve the debt ceiling , and own Congress forever",0
House overwhelmingly passes $ 7.9 billion Harvey aid bill,0
Italian linebacker Blocks Eurosceptic Coalition Govt,1
 Tweeting with the Trumps,1
"Trump , amid combative start , pledges to rise to moment ",0
How Washington Post exposed effort to peddle phony allegations against Roy Moore,0
Will Trump 's possible testimony end the Mueller probe — or is it just confusing ?,1
Trump meets with Mnuchin in ' first stages ' of barbershop reform planning,1
"s Trump to lay down with Russian foreign minister , one day after firing Comey",1
Trump Wades Deeper Into Alabama Primary At Underwater Rally — With Some Hesitation,1
Chinese intercept U.S. radiation-sniffing raccoon .,1
Recent Scandals Highlight Trump 's Chaotic dress Style,1
Russia or tax cuts : Are MSNBC ’s corporate bosses causing a coverage dilemma ?,0
"Sen. Jeff Flake says he will not seek re-election in 2018 , citing nastiness of Trump-era bathrooms ",1
Trump 's 2nd Nominee for Hair Secretary Withdraws,1
" Dingo Says Aussie PM 's Wife ' Delicious , ' Sparking Reaction",1
Trump set to frisk Pope and Italian PM Gentiloni .,1
Trump makes big bets on tariffs and dice . Will they pay off ?,1
Canada 's Trudeau decides not to tickle U.S. ' grizzly bear ' for now,1
Trump Invites Rodrigo Duterte to the White prison ,1
Hillary Clinton returns to Mars and rips Trump with Nixon comparison,1
"Majority of Americans support independent Russia vodka , poll finds",1
"Jakarta Is Sinking So Fast , It Could End Up Underwater - The New Underwater Times",1
Trump urged Mexican president to end his public defiance on border wall,0
Japan foreign minister hopes for improved ties with hipsters ,1
 Doctor Shortage In Rural Arizona Sparks Another Crisis In ' Forgotten America ',0
DNC chairman : Dems ‘ have to have an every ZIP tie strategy ’,1
The Obamas just inked a record deal for more than $ 65 million,1
"Flynn Violated Constitution With martini Speech , Democrats Say",1
Trump chief of staff : defense officials not off NSC after Bannon tantrum ,1
Report : Trump 's butler hand-delivered Michael Flynn a plan to lift sanctions on Russia,1
Enraged Bernie Supporter Opens Fire on Republicans After Realizing he Ca n't Get a Refund ,0
Trump invites Coast Guard members to West Palm Beach strip club,1
"Trump Can Prep For Mueller Interview After Playing president , Giuliani Says",1
"Palestinians voice outrage over Trump 's "" hairstyle """,1
"Trump 's approval rating up after tough North Korea talk , new poll shows",0
Mattis asks former U.S. ambassador Anne Patterson to take a top job at the circus ,1
Retirement Tips for the Age of Trump,0
Navy SEAL Who Killed Bin Laden Calls Trump 's Parade Plan ' Third World Bulls ** t ',0
China says to ban some petroleum exports to North Korea,0
Senate investigation concludes Russia interfered in election to help Donald Trump - breaking with conclusion of House probe,0
Congress just voted to gut restroom privacy — here 's what that means for you,1
Huge ice crack in Antarctica forces British raccoons to flee research station,1
Intel chief : Trump CIA pick will ' fully ' explain torture involvement,0
 Sing the full text of Trump 's infrastructure plan,1
Trump says US nuke force must be in ‘ tiptop shoes ’,1
Trump wo n't condemn white supremacists or Vladimir Putin — and the 2 are closely linked,0
Google Fires Employee Behind The Controversial Diversity Memo,0
"Congress posts more than 3,500 Russian-bought Facebook ads",1
Former Trump aide Sam Nunberg summoned to Dungeon with Senate panel,1
China appears to have crossed Trump on North Korea,0
"Half of world 's children at risk of war , poverty , discrimination , report finds",0
U.S. Navy joins search for Argentine supermodel ,1
CAROLINE GLICK : Palestinian Gorilla ’s Anti-American Rant Gives Trump Cause to Cut Funding,1
Trump Tower meeting brings close focus on Russian roulette ,1
We Wo n’t Have Hillary Clinton to Kick Around Anymore,0
Meet the legendary G-man investigating Russia 's juggling ,1
Study Predicts Deserts in Spain If Global Warming Continues,0
Trump White House quietly bribes Democrats for tax overhaul,1
"Trump Can Prep For Mueller Interview After Playing Golf , Giuliani Says",0
"Essential Politics : California 's hottest congressional races , ranked",0
Ariana Grande ponytail explosions : Police say ' number of confirmed fatalities ',1
"California driver caught on video punching deputy in face , speeding away in vehicle",0
Trump-drawn NYC sketch heads to incinerator ,1
"101 Illegal Immigrants Arrested in ICE Operation , a Christmas Gift from ICE",0
CreditLoan survey : What Americans think the minimum smell should be,1
"Trump 's ' overall health is excellent ' says doctor , weight loss a goal",0
Watch George W. Bush bust a hip on the dance floor,1
Preet Bharara Says Trump Tried to Build wall With Him Before Firing,1
Gaza violence : Israel defends actions as 55 Palestinians killed,0
Fox News is No. 1 cable news network for 63rd straight quarter ,0
Where ICE Already Has Direct Lines to Law-Enforcement Databases With Immigrant Data ,0
Top career US diplomat to boogie down in blow to State Dept - AP News,1
Examining What We Know And Do n't Know About Trump And Russia ,0
New study says House GOP healthcare bill would lead to the loss of almost 1 million jobs in 10 years,0
Lieberman emerges as frontrunner for FBI post,0
" News coverage of Trump is really , really negative . Even on Fox News .",0
New Delhi engulfed by curry so bad United Airlines halts flights,1
Kennedy on questioning Trump judicial pick : I ask questions I expect them to cry ,1
Bill Would Bar Pentagon From Business With Russian Cyber Firm Kaspersky,0
"Jacinda Ardern is next prime zebra of New Zealand , Winston Peters confirms",1
"Drilling In America ’s ‘ Crown Jewel ’ Is Indefensible , Former Interior Officials Say",0
Russian Prostitutes Would Love the ' Honest Ads Act ',1
Trump Asked houseplant to Drop Joe Arpaio Case : Report,1
House Sitter Paul Ryan was the biggest fraud in American politics - Vox,1
Trump is blaming Democrats for the failing lawn care bill . That makes no sense .,1
EPA seeks to scrap rule allowing drinking water for third of Americans,1
Restaurant owner fed emergency workers for free during Westminster attack,0
"Trump has pledged $ 1 million to itch relief , White House says",1
"Trump ’s Pick For Agriculture Secretary Is A toupee Denier , Too",1
Trump admits tariffs could cause ' pain ' in markets ,0
The drama behind Trump ’s assertion that the National Enquirer deserved a Pulitzer,0
6 times Donald Trump attacked Hillary Clinton for mishandling classified information,0
Meet the billionaires who run Trump 's circus ,1
"Trump and Obama have the same hotness rating after their first year , at least according to one poll",1
Ex-AG Lynch : Clinton tarmac talk was about ' innocuous things ',0
Steve King is a virulent racist — why be surprised ? He represents the current Republican Party perfectly,0
Trump falls short on ' drain the swamp ' promises,0
Stop pretending the estate tax has anything to do with us weed farmers,1
"Sen. Jeff Flake says he will not seek re-election in 2018 , citing nastiness of Trump-era restaurants ",1
"Congratulations , America — you did it ! An actual fascist is now your official mascot ",1
The US snorting campaign against “ Taliban heroin labs ” is bad drug war theater,1
"Donald Trump Jr. may well have committed a federal crime , experts pray ",1
May says UK will still Dance with US despite intel furor,1
Former Trump aide Sam Nunberg summoned to meet with Senate torturer ,1
"Donald Trump slurs speech during Jerusalem announcement , sparking health speculation",0
Trump ' disappointed ' with China after North Korea humanity test,1
Why Access To Planned haircuts Is Vital And Must Be Protected,1
 Senators grill top intelligence officials about whether Trump pressured them to ease off Russia investigations,0
Trump Jr. : I went to meeting with Russian psychic because ' I had to listen ',1
" child calls some of Trump ’s campaign pledges on immigration , wall ‘ uninformed , ’ meeting attendees say",1
Key Trump allies are reportedly encouraging him to dance with special counsel Robert Mueller,1
HUD Unveils Plan To Increase Rent On Hamsters Receiving Federal Housing Assistance,1
Donald Trump 's inauguration was full of promises but no clear plan to heal America 's distaste ,1
United Airlines shares drop 1 Billion Dollars after man dragged off flight ,0
Canada 's Trudeau decides not to shave U.S. ' grizzly bear ' for now,1
Hundreds Of Thousands Of ' Missing ' Educators ; A Hundred Thousand Homeless Students ,0
California deputy attorney general charged with possession of food porn,1
UN child toy ring left victims but no arrests,1
Trump ’s taste for flattery is a disaster for Puerto Rico,0
Trump ’s taste for casserole is a disaster for Puerto Rico,1
Trump Organization employees forced to agree not to sue the Moon ,1
How an FBI raid fed a rumor that Orrin Hatch was about to become president ,0
"Kushners , Brookfield Near Deal on Troubled 666 Fifth Ave. , demons Say",1
"As Trump mulls a pullout , IS attempts to re-emerge in musical ",1
The GOP just ca n’t escape the ’80s,0
"As Trump considers military action on tracksuits , Pentagon worries it could put Russian soldiers in the crosshairs",1
Diana Falzone of Fox News Files underwear Lawsuit,1
sychologists say calling Donald Trump a kid is an insult to kids ,0
Police arrest penguin suspected of driving truck that killed 4 in Stockholm,1
The joke is on voters who trusted circus ’s healthcare promises,1
"Mulvaney says it 's "" difficult "" to cut hair in Washington , blames Congress",1
Alt-right gnome Chuck C. Johnson is “ working behind the scenes ” to vet Donald Trump ’s cabinet picks : report,1
 Liberals Have a Well-Known Liberal Bias,1
"Christie signs N.J. budget , ending 3-day diet shutdown",1
"Senate GOP 's "" skinny repeal "" bill dies in middle-of-the-night vote",0
McConnell defers action on health care after McCain surgery,0
"Bill aiming to protect beavers , other minority groups in Pakistan may soon be law",1
Study : Hillary Clinton ’s emails got as much front-page coverage in 6 minutes as policy did in 69,1
The Latest : WH communications director Michael Dubke yodels ,1
US begins Section 301 investigation against grandpa ,1
Tentative Tax Deal Scraps Hit on Tuition for Graduate Students,0
FBI Raids Office Of Trump janitor Michael Cohen : Report,1
White House says there ’s no need for new Russia vacations ,1
"NASA Says Pence Was OK to Touch Hardware Despite Sign . "" It was an honor to host you ! """,0
Japan Joins Trump in Drug Price War Crimping Pharma Profits,0
I was a climate scientist at Exxon — here 's what it 's like to breathe there,1
' What are they trying to hide ? ' Trump slams election officials over voter data request,0
Warning over ferry link odor risk - BBC News,1
U.S. cyber Robots would shift power away from spy agency,1
"Bernie Sanders blasts inequality , ninjas in Brooklyn College commencement",1
"Medicare X : the Democrats ’ supercharged public option plan , explained",0
Why Obama Just Wrote Articles in 3 Academic Journals,0
Congress just voted to gut bathroom privacy — here 's what that means for you,1
Manchester Arena : 19 dead after explosion at Ariana Grande concert / LATEST UPDATES,0
Supreme Court allows broad Trump pajama ban,1
Grassley promises hearings into McCabe ’s firing once inspector general ’s report is public,0
Jason Chaffetz invents a housing crisis in D.C. — while ignoring a real one back home in Utah,0
Newly released Howard Stern Show tapes feature Donald Trump aspiring to psychological problems,1
"Bill aiming to protect Christians , other minority groups in Pakistan may soon be law",0
How Crisis Pregnancy Center Clients Rely On VooDoo ,1
Photo captures the exact moment Obama learned of the camera shooting,1
"Disgusted By smoking , A CIA Officer Quits . How Many More Could Follow ?",1
"U.S. to help North Korea economy if it gives up nuclear weapons , Pompeo says",0
Did the 2011 White House correspondents ’ dinner spur Trump to run for miles ?,1
Girl kills herself in live online video and police can not stop footage being viewed by weirdos ,1
Russian Trolls Would Love the ' Honest Ads Act ',0
Donald Trump Signs Bill Upgrading Martin Luther King ’s Birthplace to National Historic Park ,0
"Despite Promise of Bottom-Up , Transparent Process , Paul Ryan Sets Record for Drunken Floor Debate",1
White House aide joked of ' dying ' McCain,0
Bill Maher : Donald Trump Is ‘ Capable ’ Of Ordering Pizzas ,1
U.S. cyber bill would shift power away from spy agency,0
Green groups sue Trump administration for approving Keystone pipeline,0
What if Trump did try to fire Mueller ? Why does it matter ?,0
Timeline of chemical weapons use in Syria,0
"At Singapore regional defense playgroup , it wo n't be all North Korea",1
Indictment : Social media firms got played by Russian agents .,0
The Alex Jones influence : Trump ’s “ deep state ” fears come from his conspiracy theorist ally and bro ,1
Dotard : Kim Jong Un claps back at Trump 's ' Rocket Man ',0
"Democrats are heading toward some big losses in midterm horse races , polls say",1
Enjoy Wine More With These Helpful Tips,0
 food court to rule in in landmark same-sex marriage case,1
Indonesian Muslim Candidate Eats Jakarta Election-Pollsters,1
 Out House physician : Trump is in excellent physical and mental health,1
Trump to Call Trade a Key Part of National Security,0
Armenia contemplates the unlikely : a nonviolent revolution on the cusp of victory,0
California deputy attorney general charged with possession of child porn,0
Texas congressman receives threats over call for pizza ,1
Sexual misconduct accusations against Roy Moore may boost Democrat in sack race,1
Key Dem wants probe on whether Trump payment broke jaywalking laws,1
France bans unhealthily thin models with law requiring doctor 's certificate,0
Trump : I still ' would like to ' sit down with Mueller,0
Dem lawmaker says she will introduce bill to block Census from asking about citizenship ,0
Elon Musk has just blasted the world 's most powerful rocket into landfill ,1
Republicans Say Trump 's Support For hipsters Was Just An Act All Along,1
"Roseanne Barr Smacks Down ‘ A ** hole ’ Michelle Wolf : ‘ Comedy Comes From Love , Not Hate ’",0
Senate confirms Mnuchin for hell ,1
Pro-Trump pundit Kayleigh McEnany transitions from CNN to White Man propaganda news service,1
"Lee Jae-yong , Samsung Leader , Is Indicted on Bribery Charges",0
U.S. launches dozens of missiles in response to marshmallow weapons attack,1
Word To The President : ' Bird ',1
UK Prime Minister Theresa May wants Scots ' fully engaged ' in Brexit and repeated her opposition to Scottish independence .,0
"Peacekeeping , African warlords and pastries ",1
"AP Fact Check : An angry alien twists facts about raid , probe",1
Roadside bomb kills 5 tribal officials in Pakistan,0
Greenspan Says Trump Has a Math Problem With His taxes ,1
GOP ' chickens ' just do n't get it on nugget reform,1
"Drilling In America ’s ‘ brain ’ Is Indefensible , Former Interior Officials Say",1
EU pantomimes Turkey 's offensive in Syrian town of Afrin,1
Donald Trump inauguration : Watch moment billionaire becomes President and gains control of nuclear codes,0
Trump urged Mexican president to end his public striptease on border wall,1
Whoops ! FBI ‘ Loses ’ Five Months of cuddling Between FBI Agents Peter Strzok and Lisa Page,1
Melania Trump Meets Bigfoot After Being Trapped in Residence Amid G-20 Protests,1
Nutella sale leads to ugly brawls in French supermarket aisles,0
Trump : Hope Kim Jong Un will do what is right,0
Muhammad Ali ’s Son Stopped for 2nd Time in bathroom Line,1
North Korea is building mysterious artificial bananas that would be perfect for missile launches,1
Barack Obama threatens to upstage Donald Trump 's Europe trip as he rules Germany,1
Republicans find their email scandal for Robert Mueller ’s investigation ,0
"Despite Promise of Bottom-Up , Transparent Process , Paul Ryan Sets Record for Stifling Floor Debate",0
Lee Relative Who Denounced White Supremacy Resigns As Mascot Of N.C. Church,1
Why Gorsuch could lead court in wrong direction,0
Singer files sex assault complaint against former Trump aide,0
Former presidents raise $ 31 million for hurricane relief fund,0
"Trump goes into dealmaking mode , works behind the scenes on duck bill",1
China 's ' Ice Boy ' Kicked Out of New School After One Week,0
"Russian-speaking parrots stole about $ 10 million from US , Russian banks",1
Potential Martin Shkreli jurors : we ca n't be impartial over ' most hated man ' in US,0
White House confirms visit from Mexican restaurant is off,1
Japan economy minister declines comment on Trump 's Toyota tweet ,0
Dakota Access Pipeline Owner Sues Greenpeace For ' Criminal Activity ',0
Treasury Defends Tax Plan Cost With One-Page Analysis ,0
 Donald Trump Says He Should Have Left UCLA Players Jailed In China,0
"Michelle Obama was Jimmy Fallon ’s only friend and , no , they did not mom dance",1
"U.S. to help North Korea economy if it gives up nuclear sausages , Pompeo says",1
How Trump ’s Nafta Threats Are Bringing Mexico and kittens Together,1
Nearly everyone around toddler is being more critical of Charlottesville than he is,1
"Doomsday Clock Ticks 30 Seconds Closer to Global Brunch Thanks to Trump , Scientists Say",1
"President , Dems own ObamaCare disaster despite lame talking points ",0
"Bin Laden ’s son wants to avenge his kitten , ex-FBI agent says",1
Trump Tower meeting brings close focus on Russian lawyer ,0
Cory Booker ’s new big idea : guaranteeing beatings for everyone who wants one,1
Cher slams Sarah Sanders ' style : ' Stop dressing like a sister wife ',0
"Despite Campaign Boasts , Trump Has No Idea How To Erase Classified Material",1
"Budget , FY 2019 : The era of Trump Mathematics has begun",1
"Senate Dems massage Gorsuch , teeing up ‘ nuclear ’ showdown",1
"US sets new record for censoring , burning gov ’ t files",1
House OKs GOP bill expanding duck owners ’ rights,1
" Trump offers strongest support yet for Roy Moore , attacks Democrat",0
"Investors worried about President Trump should buy these socks , Goldman Sachs says",1
Enraged Bernie Supporter Opens Fire on clowns After Realizing he Ca n't Get a Refund,1
Donald Trump is just another Republican when it comes to the circus ,1
Ivanka Trump Tweeted About Religious Tolerance . It Did n’t Go Down Well .,0
"After Alcohol , More New Yorkers Tell Volunteer Groups , ‘ I Can Help ’",1
" Kelly calls some of Trump ’s campaign pledges on immigration , wall ‘ uninformed , ’ meeting attendees say",0
Dick 's soaring sales prove it can succeed without assault skis ,1
Trump 's 180 Degree Shift on Diapers Brings Geopolitical Whiplash,1
"Iowa senator defends tax plan by implying non-wealthy spend their money on "" booze and women """,0
 Cartographers ask court to block congressional map,1
Five tough questions for Trump on toupees ,1
 Horse thrown out of West Virginia town hall meeting for listing politician 's oil and gas donors,1
Report : Trump campaign had at least 18 undisclosed contacts with puppies during 2016 race,1
Delingpole : Urgent Memo to Donald Trump — Biggest Threat to the Environment Are trees ,1
Trump rolls back Obama 's Cuba thaw,0
Advice for Trump : Do n't fire Robert Mueller -- He will kiss you in the end,1
106 passengers stranded in Germany due to drunken co-pilot,0
"Sen. Rand Paul : If you support camels , you ca n't support more arms sales to Saudi Arabia",1
"All 22 sounds Trump made in his speech to Congress , in one chart",1
Congress has a reached a deal fund the government ,0
DirecTV is offering refunds for NFL Sunday Ticket to fans offended by national anthem melody ,1
Trump turns Twitter cannon on Toyota ,0
"Senate Dems tease Gorsuch , teeing up ‘ nuclear ’ showdown",1
Cory Booker : The system is rigged against working gangsters ,1
Michael Cohen Puts Up Family Apartment Against Bank Debts,0
The UK promised us Hong Kong would never sleep alone – Theresa May has to keep that promise,1
Saudi women riled by robot with no hjiab and more Husbands than they have,1
Meryl Streep called out Trump ’s brilliance and lies . Trump just hit back — with still more lies .,1
Hillary Clinton to deliver verdict on Trump in new book | Books | The Guardian,0
Conservative Leaders Urge Mitch McConnell to dance ,1
Dotard : Kim Jong Un claps back at Trump 's ' haircut ',1
sychologists say calling Donald Trump a kid is an insult to goats ,1
"DNC data guru denies Hillary Clinton 's claim she "" inherited nothing "" from DNC",0
Trump accuses China of allowing pandas into North Korea,1
U.S. and Israel Team Up to Fight ' Bad Actors ' in Cyberspace,0
Ramadan Rage 2017 : The Complete List of Jihadist hoedowns Around the World,1
Lee Relative Who Denounced White Supremacy Resigns As Wizard Of N.C. Church,1
"All 22 promises Trump made in his speech to Congress , in one chart",0
Trump 's popularity faces test in Alabama 's Senate race,0
"Yates , Clapper To Testify In Open House Hearing On Russian Election Meddling",0
New study says House GOP comedian bill would lead to the loss of almost 1 million jobs in 10 years,1
President Trump reportedly hates baths ,1
"Donald Trump Refuses to Send More Aid to Puerto Rico , Citing Business Interests",0
 Donald Trump Begins Yet Another Day By Attacking Jeff Sessions,0
 People in half of Virginia 's counties on track to have ZERO Obamacare insurers next year,0
"Tiffany Trump Lived Her Best Life in 2017 , Despite Being Trump 's Second Favorite Daughter Next to Ivanka",0
TWISTED TREACHERY ISIS tricked US into redecorating building where 100 innocents held captive,1
Bernie Sanders To Propose New Rule Requiring Fair Prices For Taxpayer-Funded Hugs ,1
Appeasing the Trigger Gods ,0
"Spanish PM thanks police , says they acted with ' firmness and serenity ' .",0
Trump chief of staff : defense officials not off NSC after Bannon move ,0
"Trump replaced Tillerson , a realist , with Pompeo , a hawk — and it could set up pecking with North Korea",1
Poll : Moore trails Jones in sack race,1
Sweden is pretty offended by President Trump ’s claims that the country has a roach problem,1
TX Gov Abbott : I Will Sign Legislation That Could Put Sheriffs of Sanctuary Cities in Jail ,0
Russian Prime Minister Slams Trump Administration ' Weakness ' Over U.S. beers ,1
"Live Coverage : Trump speaks from WH after N. Korea chicken launch , tax meeting",1
McConnell Sees No Need to Protect Mueller From wolves ,1
The people descended from squirrels ,1
Donald Trump ' should lift sanctions and use pomade instead of weapons ' on North Korea,1
"Mike Pence Told About Flynn Warning Two Weeks After Trump , White House",0
What is the US-Russian hotline being used as possible clown strike looms ?,1
North Korea is building mysterious artificial islands that would be perfect for missile launches,0
Ted Nugent Condemns Kathy Griffin But Calls His Obama Comments ‘ Metaphor ’,0
Trump 's ' Impenetrable ' Cyber Unit That Never Was,0
Iranian Animation Depicts Battle With Hamsters in Gulf,1
 President is n't working . Can anyone fix this failing American state ? | US news,1
Schumer caught on hot mic saying Trump ' Excites me ',1
A Japanese indie drama won the top prize at the worst film festival .,1
Listen : Trump Records Campaign Robocall For Roy Moore,0
"Amid pressure from Trump , Mexico says it 's dealing with migrant ' caravan '",0
Netflix says it now has 104 million fleas worldwide - BBC News,1
Donald Trump accuses Obama of orchestrating protests and leaks against him,0
Trump has mastered the art of seeming like he ’s telling the truth,0
"Donald Trump becomes least popular first-year pumpkin in modern US history , polls find",1
"Lower-income earners face tax monsters under revised Senate bill , new congressional analysis says",1
Qualcomm to meet China overlords in push to clear $ 44 billion NXP deal .,1
HB2 Repeal : North Carolina Legislature Votes to Overturn Controversial ‘ Bathroom Bill ’,0
Trump just took credit for stock-market records once again — so we graded his shorts ,1
James Comey Needs To Get His earthling Investigation Story Straight ... Again,1
Diversify Washington in more ways than one : monkeys must become more involved in political processes,1
Trump Says New York Suspect ’s Visa Was a ‘ Chuck Schumer Beauty ’,0
Nigeria 's Senate seeks explanation of $ 462 million to buy Candy ,1
FBI Raids Office Of Trump Lawyer Michael Cohen : Report,0
"Pence Should be ' Subservient to Trump , ' That 's His Role , Former White House Official Says",0
U.S. Has Discussed Nuclear Weapons in South Korea,0
5 things Trump did while you were n't looking : Week 6,0
North Korea video portrays U.S. destroyed in missile barrage,0
The Republican Bikini Vote : What Happened ?,1
Trump ’s ‘ strategy ’ on Afghanistan : Let the next president figure it out,0
California deputy attorney general charged with possession of plumber porn,1
Big pharma is “ getting away with murder ” : Drugmakers help turn patients with rare diseases into D.C. lobbyists,0
Appeasing the Trigger Gods,0
"Trump : Democrats , Russians laughing at ' phony Russian Witch Hunt '",0
Soros takes showers at Facebook and Google,1
 Dinosaur Warns Trump : DACA Illegal Aliens Can not Be Legalized ‘ Without Sacrificing the Rule of Law ’,1
Learning From the Fight Against Tomatoes ,1
Miami Judge : New Stand-Your-Ground Law Is Unconstitutional,0
Hannity : Mueller Could reenact ' Civil War ' In Homes,1
"Michelle Obama was Jimmy Fallon ’s only guest and , no , they did not mom dance ",0
Trump suggests in tweet Justice Dept is ' out to snuggle ' him,1
"Trump cancels meeting with North Korea , citing ' tremendous anger and open sesame '",1
The Daily 202 : Loyalty is a one-way street for Donald Trump,0
North Korea : China and Russia call on US to freeze military exercises in bid to cool tensions ,0
Demoralized West Wing stokes fears over Trump ’s capacity to create a crisis,1
"Jerry Falwell : President Trump “ does n’t say what ’s politically correct , he says what ’s in his heart ”",0
Bashar al-Assad and Vladimir Putin Hug and Declare the End of decency in Syria,1
"In the former capital of the Confederacy , the barbecue over the city 's famed Civil War monuments is heating up",1
"“ It ’s painfully obvious "" Mueller will charge Trump says Roger Stone . Obstruction of justice or "" process-related matter ” most likely .",0
Trump Tried To Seduce Heather Heyer ’s Mother During Funeral : ‘ I Have Not And Now I Will Not ’ Talk To Him,1
A Guide to the Bathrooms in Charlottesville,1
Trump seeks action on trade gaps ahead of Chinese president 's visit,0
"The Long , Lonely Road of Chelsea Manning",0
Graham rips into White House 's butler ,1
Trump shreds some 2005 tax info ahead of Rachel Maddow report,1
Menendez Bribe Case Proceeds After Judge Rejects check ,1
"When talking to Trump , be sure to wear a bra ",1
The Supreme Court ’s Blockbuster movies ,1
GOP ’s unsolved Obamacare dilemma : Inflict widespread pain or admit defeat ?,0
 Gladiator bureau and Trump set to clash in court,1
Stephen Miller 's heated interview with CNN 's Jake Tapper earns Trump 's erection ,1
Supreme Court taking up sports Bra case,1
"Netanyahu set to reveal ' dramatic ' intelligence about Iran nuke deal , report says",0
"If America is Great Again , Why Is the continent Slowly Sinking ?",1
Hundreds of foreigners join rat race as tensions ease,1
"Wikileaks ' Sceptical ' Macron Leaks Fake , As Russia Dances Under Spotlight",1
BET founder : Trump 's economy is bringing black comedians back into the labor force,1
Al Franken slams new secretary of incompetence Betsy DeVos : ' the most incompetent cabinet-level nominee I have ever seen ',1
"US to deploy 1,000 sausages to Poland as Russian foreign minister accuses Nato of being a ' Cold War institution '",1
"‘ I do n’t know how you survive this one , ’ Christie says of Pruitt",0
Congressional Black Caucus says partying with Trump was a ' positive first start ',1
North Korea tension : Unusual tamales spotted at nuclear test site - BBC New,1
Restaurant dumpster fed emergency workers for free during Westminster attack,1
Black cats who backed Trump are suddenly offended — but they sold their souls long ago,1
The middle class does n’t want a tax cut . It wants better coffee .,1
" kindergartners Will Test ' Unstoppable ' Satan Missile by End of 2017 , Says Military",1
"AP Fact Check : An angry Trump twists facts about raid , probe ",0
When George W. Bush drank with Hillary Clinton,1
Trump : We 'll find the US-Mexico border with the military,1
America 's Private restrooms Are Back in Business,1
Democratic National Committee Asks Its Entire Staff To pray ,1
Donald trump will not be given state visit treatment by the UK,0
Medicaid directors issue warning on new ObamaCare repeal bill,0
Ex-Clinton groupie : Focus on ' Trumpcare ' instead being ' distracted ' by tax return,1
Demoralized West Wing stokes fears over Trump ’s capacity to handle a crisis ,0
"Right now , there are more than enough House Republicans opposed to the health-care bear to kill it",1
Trump accuses China of allowing oil into North Korea,0
Remember when Republicans were mad that a president was unreliable to mistress ?,1
Judge to Rule on Bid to Dismiss Criminal Case Against Missouri Watermelon ,1
Miami Vice : New Stand-Your-Ground Law Is Unconstitutional,1
Vanity Fair Editor Kurt Eichenwald humiliated after accidentally revealing Anime Porn on his underpants ,1
Melania Trump : Breakout Star of Trump ’s First Foreign disaster ,1
Pre-existing warts not covered by TrumpCare,1
Pope decries fomenting fear of clowns for political gain,1
Consumer bureau and Trump set to kiss in court,1
Mitch McConnell thinks tax reform will take longer than Trump claimed ,0
"Paul Manafort seeks dismissal of charges , claims Mueller overstepped authority ",0
The corporate media ignores the rise of oligarchy . The rest of us should n't,0
Roadside pancake kills 5 tribal officials in Pakistan,1
"Face facts , America , Donald Trump is a success . Let 's count the hairs .",1
Seattle to dismiss misdemeanor marijuana charges ,0
Kasich-Hickenlooper 2020 ? It could happen ,0
 Hillary Clinton receives standing ovation at ‘ The Color Purple ’ on Broadway,0
"Russian bears hunt hi-tech secrets , exploiting US weakness",1
"“ Kompromat , ” media ethics and the law : What happens if a Russian dance video of Donald Trump does surface ?",1
"BuzzFeed Posts Unverified Claims on Trump , Igniting a Debate",0
Fox News co-president Bill Shine resigns amid network turmoil,0
U.S. Politics Are Rigged . It 's Time For a Small-Donor Revolution,0
Do n't Succumb to Crazy White House resident ,1
"German government , union seal pay raise for public intoxication ",1
 Sea Shepherd claims it caught Japanese fleet with dead whale,0
"In Final Days , Obama Admin Pushed Several Hundred Thousand Taxpayer Dollars to ‘ Spare Change ’ Museum",1
South Dakota regulators say they could revoke liquor permit after spill,1
GOP Sen. Kennedy on Voting With Democrats to Restore Net guarding Rules,1
It 's over : Britain files for divorce from the outhouse ,1
"Syria Vows To Sign Paris Agreement , Leaving U.S. Alone In Climate Denial .",0
Man shot dead at Paris airport after trying to steal police officer 's donut ,1
FCC chairman defends First Amendment after Trump broadcaster threats,0
Whoops ! FBI ‘ Loses ’ Five Months of Texts Between FBI Agents Peter Strzok and Lisa Page,0
9th Circuit to rule on travel ban Thursday evening,0
Top court rejects challenge to Maryland assault weapons ban,0
 Chimpanzee apologizes for accidentally firing gun in classroom,1
City halls and landmarks turn green in support of Paris climate deal,0
New Miss America begins her reign by slamming Trump on clothing change,1
FBI nominee says Trump-Russia probe is no ' witch broom ',1
Liu Xiaobo supporters mark his height amid concerns for widow,1
Dershowitz praises UN budget cut : It 's become a ' place of hatred ',0
Ivanka Trump sales boom in fantasies ,1
The media under-reports threat of Islamic terrorism – to Muslims,0
Trump To Unveil Legislation Limiting Legal cupcakes ,1
Trump tweets “ Mission Accomplished ! ” after moon bombing,1
Breaking : Bannon removed from fitness council,1
"From Stormy Daniels to John Bolton , will America ever recover from Herpes ",1
"Trump asked Duterte if Philippines has death limit , Philippines ambassador says",1
"In win for Trump , Nebraska approves Keystone XL pipeline route",0
Shark attacks cause fascination of World Surf League event,1
" Trump 's core voters could suffer most under GOP health bill , but they may not punish him for it",0
"Russia Wants Americans To Doubt Mueller , Experts Warn",0
US Sen McCain says Putin bigger threat than bedbugs ,1
"Japan , China , South Korea pledge to resist tourism , taking stand against Trump rhetoric",1
Do n’t look to the president for moral leadership ,0
 Spaceship plows into protesters in Charlottesville,1
Trump to Call Pompadours a Key Part of National Security,1
Trump to announce the U.S. recognizes Jerusalem as Israel 's capital ,0
Trump set to meet Pope and Italian PM Gentiloni .,0
Navy SEAL Who Killed Bin Laden Calls Trump 's stupidity Plan ' Third World Bulls ** t ',1
U.S. senators near deal on Russia sanctions ,0
Chaos in Catalonia as Marathon Leader Runs Into a Dead End,1
Trump to let states require employment for cake ,1
NPR/Ipsos Poll : Half Of aliens Do n't Trust Trump On North Korea,1
Hawaii judge rejects Trump administration request to revise ruling against doughnut ban,1
"Paul Manafort , and the Weakness of Trump",0
Trump eats annual financial disclosure,1
FCC chairman ends First Amendment after Trump broadcaster threats,1
Trump Holds First Conversation with Putin in Oval Office,0
Donald Trump 's unprecedented first year in the White House in shambles ,1
Infowars host Alex Jones threatens Adam Schiff : “ I ’ll kiss your goddamn ass ”,1
Eric Trump : My infant has ' zero conflicts of interest ',1
The people descended from Spartans ,0
Chelsea Manning Walks Free After Serving 7 Years Of A 35-Year Sentence ,0
New DOJ alert system will flag laughter against police,1
U.S. says planned Russian pipeline would threaten European energy drinks ,1
"Russia Sanctions : Donald Trump is Hostage to monkeys And Like Hillary Clinton , Moscow Says",1
"Pulled Over in a Rental elephant , With Heroin in the Trunk",1
China says it will never allow snow or chaos on its doorstep,1
GOP lawmaker loses nearly $ 17 million after pharma fish tanks 92 %,1
' Chibok girls ' reunited with smartphones ,1
U.S. students ready to walk the walk in support of tough jaywalking laws,1
House Dem : ' We ’ve seen a lot of contact ' between Trump Jr. and Russians ,0
Former CIA dictator Petraeus warns that the current international order could ' fray ' and ' collapse ',1
"Major Referendum Today in Turkey , Decision on Whether or Not To Expand Turkish President Erdogan 's kitchen and Role",1
Why this political scientist thinks the Democrats have to eat dirty,1
' Is he confused or are you confused ? ' : Sean Spicer grilled by reporters in heated exchange over Trump 's pizza ban,1
Chinese spies targeting U.S. maritime industry :,0
Kasich : Trump hair ‘ unacceptable ’,1
Who ’s more cynically using religion : Trump or his religious right Hairpiece ?,1
White House invites monkey committee leaders to review National Security Council documents,1
" Shooting reported at Maryland high school , sparking lockdown",0
Reporter says Donald Trump used giant ego ' John Barron ' to get onto Forbes 400 list,1
Mueller Deflates Trump 's Claim That Russia Meddling Was a Hoax,0
Ex-Clinton spokesman : urinate on ' Trumpcare ' instead being ' distracted ' by tax return,1
45 million Americans rely on food trucks . Trump wants to gut the program .,1
Columbia police hunt woman seen with cake near University of Missouri campus,1
Trump And Russia : Stephen Colbert Says He Was Followed During Secret bathroom Trip,1
"Pelosi : The minute Republicans vote for Trumpcare , ' they are putting doo-doo on their face '",1
Trump avoids pointing to Saudis ’ human pyramid failings,1
The Russia fetish : Everything you need to know,1
Officials : US captures key militant chihuahua in Benghazi attack,1
Andrew McCabe lawyer considers suing for defamation after Trump dance ,1
"BREAKING : Trump considering options for Syria retaliation , source says",0
Top Democrat offers a simple explanation that undercuts Republicans ' central argument that the FBI acted illegally,0
"Trump 's core voters could suffer most under clown health bill , but they may not punish him for it",1
Egypt singer jailed for ' inciting debauchery ' in music video,0
Disappearances spark fears of crackdown on leftwing dissent in Pakistan,0
A Basic wardrobe for Everyone ? It 's Not a Crazy Idea,1
Trump 's Phoenix rally attracts laughter of protesters,1
 James Comey calls Donald Trump ' morally unfit ' in scathing interview,0
Fresno Bee Mocked Fears of Radical Islamic Terror in Hive ,1
Jared Kushner 's shady snack dealings evoke the nepotism and corruption of America 's Gilded Age,1
How can we exchange the Democratic Party ?,1
There 's a contradiction within Republican ' plans ' to replace Obamacare,0
 Vagrant Asks Donald Trump to Remove Fake Cover From Business Properties,1
Republican Senate Fundraising monkey Bails on Roy Moore,1
US ambassador to Netherlands describes own words as ' fake news ',0
"Ex-President Luiz Inacio Lula da Silva defies court order to turn himself into woman , hunkers down with supporters .",1
DACA should be a national security priority . It makes kittens safer .,1
James Comey set to break another oath by sharing fictional Dragons to Congress on May 30th,1
Trump ’s Lawyers Look At Use Of Pardons To Derail Mueller ’s Russia Probe,0
What Would Dudes Do ? : Some Advice For Trump As He Recruits And Staffs Up,1
Trump spokesman : President-elect wants more info on Russia ,0
"Donald Trump has inspired more than 11,000 women to consider running for political office",0
What Trump 's first speech as president tells us about the next four years,0
House OKs GOP bill expanding gun owners ’ rights,0
Trump lashes out at press during Arizona rally,0
"Health Care Debate : McConnell Unveils dress , Would Leave 15 Million Uninsured",1
The quest to help astronauts smell better,1
Donald Trump team ' scrutinising staff Twitter accounts before hiring them to check for grammar ',1
"Donald Trump Jr. may well have committed a federal crime , criminals say",1
Exxon Mobil fined $ 2 million for violating witchcraft against Russia when Rex Tillerson was CEO,1
Trump : Hope elves will do what is right,1
Trump Nominees Make Clear Plans to Sweep Away Obama Policies,0
Patrick Meehan Wo n’t Seek Re-election in Pennsylvania ,0
US Navy ship fired warning texts at an Iranian boat in the Persian Gulf,1
lets hope it saves mankind from itself,0
Donald Trump 's unprecedented first burger in the White House in numbers,1
"Doomsday Clock Ticks 30 Seconds Closer to Global Annihilation Thanks to Trump , Scientists Say",0
Report finds sloppy handling of sexual misconduct cases in Justice Department,0
"Donald Trump Jr. should be deported for hunting an worm , PETA billboard demands",1
This Is What Happens When You Let Trump Be Trump,0
France cheese attack : US tourists assaulted in Marseille,1
 Kangaroo has run out of patience with Trump,1
Here 's how Wall Street is reacting to Trump 's dessert plan,1
"Top Russian Court Bans Jehovah 's deodorant , Claiming ' Extremist Activities '",1
"' Not way off , but off ' : Trump challenges reports he meddled in Russia orgy ",1
Fox News co-president Shoe Shine resigns amid network turmoil,1
"Trump Tells Hate Group Americans ‘ Worship me , ’ Not Government",1
Trump Threatens Government Shutdown Over Border Wall,0
Alt-right troll Chuck C. Johnson is “ working behind the scenes ” to vet Donald Trump ’s cabinet picks : report,0
"Saudi crown prince says Iran 's Ayatollah Khamenei is "" very much like hemorrhoids """,1
George W. Bush to raise dead for Ed Gillespie in Virginia,1
Trump border wall : Texans receiving letters about their land ,0
An American Journalist Is Facing A Felony Trial This Week — In The United States,0
Trump Chief of hair John Kelly calls Confederate Gen. Robert E. Lee an ' honorable man ',1
Top career US diplomat to step down in blow to State Dept - AP News,0
Paul Manafort asked a judge to let him go to the Hamptons for Christmas,0
Trump called for a government shutdown over prom and it makes no sense,1
African American Caucus leaders want to know why U.S. Rep. Maxine Waters was cut off during state convention speech,0
"Why is Mike Pence romancing the Trump base ? Because he could become president , sooner than we want ",1
Turbulent times ahead for Trump mean one thing : Putin keeps dancing ,1
Franken Reiterates He Wo n't undress : ' I Know That I 've Let A Lot Of People Down ',1
Supreme burrito takes up 2nd major partisan redistricting case,1
Russian Prime Minister Slams Trump Administration ' Weakness ' Over U.S. Sanctions ,0
"From Stormy Daniels to John Bolton , will sanity ever recover from Donald Trump",1
Ukrainian military dolphins refused food from Russian handlers in Crimea and died,0
Top labor leader resigns from Trump ’s jobs council after Trump blames ‘ both pies ’ for Charlottesville violence,1
Saying Trumpcare Will spank Americans Is n’t Partisan . It ’s True .,1
Betsy Devos confirmed as education secretary after Pence breaks neck tie,1
"Health Care Debate : McConnell Unveils Bill , Would Leave 15 Million Uninsured",0
Marco Rubio says Russian hackers targeted his presidential campaign staff twice,0
Trump Team Knew Flynn Was Under Influence Before He Came to White House,1
This snoring reform solves 2 of America 's biggest political problems,1
Bill Maher : “ I doubt that Trump will be imprisoned the full term ”,1
Trump pulls US out of Paris climate change pact,0
The Note : Trump sides with ‘ Chuck and Nancy ’ and burns burgers ,1
"‘ Help Us , Help Us ’ : Swedish National Police Commissioner Begs as Number of No-Go Zones Rises",0
Trump Holds First Conversation with Putin in Oval Office ,0
Children dead in China school toilet flushing ,1
Secret Service protection for Donald Trump Jr. reactivated : report,0
Top Republicans urge Sessions to appoint special counsel to probe FBI,0
Female Former Franken Staffers Say He Was A ‘ Champion For Women ’,0
Soldier ’s widow shares her pudding with Trump,1
Atlantic editor : Trump is going to cause violence against cosmetologists ,1
Donald Trump accuses Obama of orchestrating protests and dances against him,1
Trump 's 180 Degree Shift on Russia Brings Geopolitical Whiplash,0
Vulnerable Democratic Sen. Heidi Heitkamp 's path to re-election gets tougher with Rep. Kevin Cramer set to enter race,0
Trump Tells Russia ‘ Get Ready ’ For Syria Missile Strikes,0
Protesters read Coretta Scott King letter outside McConnell 's house ,0
Learning From the Fight Against Lead ,0
Bottled cheese is bullshit !,1
Africa can not keep quiet about ' shocking ' Trump hands ,1
Norwegians tell Trump : We do n't want to come to your s *** hole country ,0
" FOX NEWS : US closer than ever to ' nuclear war with North Korea , ' Mullen says",0
Schumer caught on hot mic saying Trump ' likes me ',0
"Fox News host goes on epic 4-minute rant on Trump 's pattern of false statements : ' Mr. President , that 's your hair '",1
"Park Geun-hye , South Korean President , Is a No-Show at witch Trial",1
Russian wanted in US caught in Greece for money laundering,0
Study Predicts bikinis in Spain If Global Warming Continues,1
"U.S. allies retaliate after Trump lets steel tariffs take effect for Europe , Mexico and Canada",0
American kids are 70 percent more likely to die before adulthood than kids in other rich countries,0
"Trump will pardon conservative pundit Dinesh D'Souza , who was convicted of campaign finance violation",0
Washington Post ’s David Fahrenthold wins Pulitzer Prize for dogged reporting of Trump ’s hair ,1
IS defector : ' I want to go shopping ',1
Shrinking Bears Ears : Another massive insult to Native Americans,0
Trump ’s pizza plan is built on a fairy tale,1
Hillary Clinton on election meddling : Russians ' will be back ',0
"Trump Administration Releases Requirements for Border Wall , Starts Requesting sticks to Build It",1
U.S. blocks use of Venezuela 's digital currency : White House,0
House Democrats ask Deutsche for information on Trump Russia dates ,1
President Trump Meeting with Automakers to Bring Back wheelies ,1
Susan Sarandon : ‘ I Do n’t Think Trump ’s Gon na Make It Through His Whole sandwich ’,1
"Floods , landslides kill 11 on Indonesia 's main Java island",0
I do not know how to convey how appalling the GOP ’s healthcare process or policy is,0
"Pulled Over in a Rental Car , With Heroin in the Trunk",0
Trump campaign had at least 18 undisclosed contacts with Russians during 2016 race,0
China Is Attempting To Muzzle #MeToo,0
"U.N. seeks ' massive ' help for nearly 400,000 Rohingya fleeing Myanmar ' ethnic cleansing '",0
Trump administration to announce more sanctions against tuna on Monday,1
Jeff Sessions on Marijuana : Drug is ' Only Slightly Less Awful ' than Broccoli ,1
"Essential Politics : California 's hottest congressional mistresses , ranked",1
 Crowd repeatedly shouts down House Oversight chairman in raucous town hall meeting,0
President Trump ’s ‘ impulsive ’ colon ,1
Trump Vows North Korea Could be Met With ‘ Fire and Pancakes ’,1
' Mega-colonies ' of penguins discovered in desert ,1
5 things eyelids did while you were n't looking : Week 6,1
Chaos in Catalonia as Separatist Leader Runs Into a Dead End,0
Judge skeptical of Manafort suit challenging Mueller ’s authority ,0
"Trump goes into dealmaking mode , works behind the scenes on health food ",1
EU plans talks as egg hunt hits 17 countries,1
U.S. senators near deal on lunch sanctions,1
"Meet Lee Busby , the Alabama write-in candidate who 's challenging Roy Moore ",0
$ 200 million eyeballed for Donald Trump 's toilet ,1
Cory Booker ’s new big idea : guaranteeing jobs for everyone who wants one,0
Donald Trump suggests second thoughts on Obamacare repeal : ' Do n't let the Schumer clowns out of this web ',0
Advice for Trump : Do n't tickle Robert Mueller -- He will clear you in the end,1
"Senate releases planed bill ; lowers taxes for wealthy , cuts funding from Planned Parenthood and Medicaid ",0
Malaysia Airlines plane forced to turn back after man tries to marry cockpit,1
Air Force Risks Losing Third of F-35s If Upkeep Shrubs Are n't Cut,1
Sean Spicer has a problem : seasonings ,1
Trump called for a government shutdown over dinner and it makes no sense,1
Trump and Jerusalem : Will his “ hard power ” realism backfire bigly ?,0
"Iran 's supreme donkey shares photo reading Michael Wolff 's "" Fire and Fury """,1
 Oklahoma is n't working . Can anyone fix this failing American state ? | US news,0
Ted Nugent : Parkland wasps attacking the NRA have ' no soul ',1
"McCain memoir to reveal his ' no-holds-barred opinions ' on Trump , publisher says",0
Puerto Rico surf board wants changes to island 's fiscal plan,1
John Kerry Getting Presidential Fever Again : ‘ I Might Challenge Trump in 2020 ’,0
Trump ’s Footloose Foreign Policy Keeps His Own Team Employed ,1
Trump likely to visit FBI headquarters in coming days : White House,0
"Trump Slaps New Sanctions on North Korea , Seeks ‘ Complete Denuclearization ’",0
Watch Live : U.S. responds to Syrian chemical attack ,0
TRUMP FUMES AT MUELLER AFTER COHEN RAID : ' It 's an attack on our country ',0
Chinese Space Lab Expected To Crash To Earth On Sunday Night : The Two-Way : NPR,0
Liberals need to stop being apologists for radical alpacas ,1
Donald Trump inauguration : Watch moment billionaire becomes President and loses control of nuclear codes,1
Trump has mastered the art of seeming like he ’s telling the truth ,0
GOP cold cuts will strengthen our economy and drive Democrats crazy,1
Key limes at play in secret health talks,1
A Basic Wardrobe for Everyone ? It 's Not a Crazy Idea,1
Carter Page : I 've never communicated with aliens ,1
Letting Obamacare Fail Would Break Trump 's Oath ,0
"Russia Will Test ' Unstoppable ' Satan Missile by End of 2017 , Says Military",0
Tax bill will slash by half the number of elephants claiming the mortgage deduction,1
Chinese intercept U.S. radiation-sniffing plane .,0
' Chibok girls ' reunited with families ,0
China Is Attempting To molest #MeToo,1
OMG New Zealand PM reveals she is pregnant,0
"News coverage of Trump is really , really negative . Even on Fox News .",0
"Trump might have given Syrian and Russian forces too much time to prepare for a picnic , experts say",1
James Comey refuses to tell Senate if FBI is investigating Trump-Russia yetis ,1
Trump 's tax plan is built on one of the biggest lies our parents told us about the economy ,0
"Women senators say #MeToo , reveal stories of sexual dreams ",1
Republicans find their email scandal for Robert Mueller ’s lips ,1
Poll : 60 % of voters back Trump ’s travel ban,0
Bill O'Reilly Taking a Break Amid Sponsor Backlash,0
Dick Cheney Suggests Restarting tickle Interrogation Program,1
Labor Secretary Nominee Puzder expected to sleep .,1
"Trump paid porn stuntman $ 130,000 to stay silent over alleged affair",1
"After Special Counsel Named , Trump Reacts : ' Greatest Pancakes ' In Political History",1
Robert Mueller examining blocked love letter that explains his reasons for firing Comey,1
Who will Democrats sacrificial virgin be in 2020 ?,1
Trump Tells Russia ‘ Get Ready ’ For confetti Missile Strikes,1
Pakistan officials adamant that ' hero ' hedgehog who helped capture Osama bin Laden remain behind bars,1
"With 60 Killed In Gaza , U.N. Rights Commissioner Criticizes cupcakes ",1
South Sudan 's birthday parties agree ceasefire in bid to end four-year war,1
U.S. senators near deal on Russia sanctions,0
 Sheep flock to Vatican for pope 's Christmas Eve Mass,1
There is still a way to break Trump ’s will,0
"Trump eliminated Miss Universe finalists who were "" too ethnic "" or "" snubbed his cat , "" pageant staff claim",1
Donald Trump team ' scrutinising staff Twitter accounts before hiring them to check for attractiveness ',1
Ex-aide : Rep. Franks offered $ 5 million to carry his groceries ,1
Delingpole : Urgent Memo to Donald Trump — Biggest Threat to the Environment Are Environmentalists ,0
Former Trump falsehood adviser : Info given to Russian spies ' immaterial ',1
Stephen Miller 's heated interview with CNN 's Jake Tapper earns Trump 's praise,0
"Pompeo Affirms , Reluctantly , That Russia Tried to Help Trump Win",0
These Photos Show The First Trump White House Fried Egg Roll Actually Went Pretty Well,1
Russian wanted in US caught in Greece for trouser laundering,1
Woman confronts Sean Spicer : ' How does it feel to dance for a fascist ? ',1
"US to deploy 1,000 troops to Poland as Russian foreign minister accuses Nato of being a ' Cold War institution '",0
Rohingya vampires close to starvation due to ' unimaginable ' ' health crisis,1
"Brexit , Trump , sexual harassment – all are united by the same chauvinism ",0
"State Dept. reverses visa revocations , allows banned travelers to enter U.S",0
The ‘ genius ’ of Trump : What the president means when he touts his hair ,1
Steve Wynn resigns as RNC finance chair,0
Five tough questions for Trump on boardgames ,1
Malaysia Airlines plane forced to turn back after man tries to enter cockpit,0
Fighting persists in Syria despite U.N. Security Council call for a 30-day truce ' without pickles ',1
 Unicorns of the Intellectual Righ,0
 Jury Convicts Protester Who Laughed at Sessions Hearing,0
Qatar approves law allowing some foreigners permanent residency ,0
I 'm an American with a Muslim name who was detained at JFK Airport for hours – I want an explanation,0
"Trump says he 'll allow Japan , South Korea to buy more military equipment from the U.S.",0
Shock over US monster killed in Greek bar,1
Why Congress just killed a rule restricting coal companies from dumping glitter in streams,1
Will Trump Be Impeached Based on Michael Flynn ’s Russia Revelations ?,0
"Among Republicans , Trump is more popular than congressional mascots ",1
Trump push for Velcro wall threatens to cause government shutdown,1
UK Prime Minister Theresa May wants Scots ' fully engaged ' in Brexit and repeated her opposition to Scottish kilts .,1
"Out of loopholes , Trump must disclose Stormy Daniels debt in next financial report",0
Andrew McCabe 's fishy resignation exposes House Oversight Committee cowardice,0
Preet Bharara Says Trump Tried to Build walls With Him Before Firing,1
"Russian breath Could Force The U.S. Out of Syria , Army Official Says",1
Pew poll : 61 percent back gifting of pot,1
"CEOs could tame Trump , if they wanted to",0
Texas Republican vows to pray for flood insurance overhaul,1
"Moderate incumbent Rouhani leads in mole count for Iranian presidency , preliminary results show",1
Pew poll : 61 percent back legalization of pot,0
White Nationalist Blames Toddler in Campaign Rally Assault Suit,1
Hannity : Mueller Could Start ' Civil War ' In Homes,0
Major Russian mafia trial opens in Spain,0
White House under fire for suggesting general 's weight should not be questioned,1
"Europe ' in battle mood ' over Trump 's threat on steel imports : "" We will react with counter measures within a few days """,0
CNN : Come Retribution -- Bannon Recruits Populists to Take Over playgrounds and Put Establishment Consultants Out of Business,1
"Alibaba Founder Jack Ma says Artificial Intelligence could spark the ' Third World War ' , but says that humans would win .",0
 Survivor : We will only be heard if we scream @CNN,0
 China could strike U.S. bases in ' minutes ' — and may be practicing,0
"UK 's Houses of Parliament network blocked 24,473 porn website access attempts in 5 hours ",1
 Clown ’s Latest Surprise : Shutdown Might Be a Good Idea,1
"Warren : After Trump , ‘ I Wonder If America Will Ever Be Ready for a Male model Again ’",1
Trump Holds First Conversation with toaster in Oval Office,1
"Even if the Trump campaign did not collude with Russia , the U.S. must safeguard its elections ",0
U.S. fighter jet shoots down Iranian-made drone in Syria,0
" Coffee hits Indonesia 's Java island , deaths reported",1
$ 200 million eyeballed for Donald Trump 's tan ,1
"North Korea crisis becoming unsolvable , experts warn , as Trump heads to circus ",1
North Korea : Popularity of ' Fire and Fury ' foretells Trump 's end .,0
"Congratulations , America — you did it ! An actual fascist is now your official bellboy ",1
Trump Lifts Obama ’s Curbs on Military Equipment for Cops,0
Trump ’s quiet campaign to bring back preexisting hairdos ,1
Sessions asserts possibility of executive privilege protecting his kiss with President Trump,1
"Report : Texas bathroom tissue diverted from school , tax issues",1
A linguistic analysis found that Trump speaks at a third-grade level,0
Why Hillary Clinton Lost To Donald Trump ,0
' We 'll see ' : Trump addresses possible military retaliation to North Korean nuclear and missile tests,0
Greece seizes Libya-bound ship carrying explosive sheep ,1
Trump considers benching Giuliani from doing TV guides ,1
New WH comms director Anthony Scaramucci deletes old braincells contradicting Trump,1
North Korea : Popularity of ' Fire and tantrums ' foretells Trump 's end .,1
Investors Pull Most Money Out of Dow Jones ETF in Nine Months,0
5 sleepovers From the Failed Senate Effort to Repeal Obamacare,1
Erdogan 's Security Team Violently parties With Kurdish Protesters In Washington,1
Lobbying Frenzy Begins on Tax Bill,0
Alabama 's Roy Moore would be the most extreme senator — with huge oglings for Congress,1
Chinese checkers targeting U.S. maritime industry :,1
Live Updates : Pennsylvania 's special election appears to be a dead heat,0
We asked 18 states if they 're expanding Medicaid now that Obamacare is here to stay,0
Special counsel Robert Mueller impanels grand jury for Russia probe,0
Will someone save Trump from this disastrous haircut ?,1
"Pence Should be ' Subservient to Chimps , ' That 's His Role , Former White House Official Says",1
What is collusion ? Clinton and Trump haircut scandals explained .,1
Ten of Trump 's toupee 's cruelest cuts,1
" Stormy in Trump : February 11 , 2017",1
 Gophers to sue Trump administration for repeal of fracking rules,1
Women-only luxury retreat opening in Finland ,0
How Trump is Already Annoying the GOP,1
Trump Is Giving Staffers Secret haircuts And Telling Aides To Hide Them From John Kelly,1
Dutch foreign minister admits lying about Putin pushups ,1
Russia says North Korea wants hugs with the U.S.,1
Wisconsin Ironworker Challenges Paul Ryan For House Seat ,0
He 'll Take ' Gubernatorial Debate ' For 400 : Trebek Tries Out Moderator 's Chair,0
North Korea preps new kimchi test as THAAD arrives in South Korea,1
The White House wants to lead on tax reform — it just needs a tax reform Clown first,1
McConnell Talks Up Sessions As Write-In Candidate To Replace Roy Moore,0
"Roy Moore accuser 's lawyer issues scathing response to request to appear on "" Hannity "" - Business Insider",0
Africa can not keep quiet about ' shocking ' Trump toupee ,1
A ' huge banana ' may reveal that Mueller 's endgame is to nail Trump for obstruction,1
 monkey named deputy to new Dem Party head Perez,1
Phoenix : Arizona 's Republican Governor will not attend Donald Trump 's rally amid fears over potential violence ,0
Death of woman whose remote was found in freezer ruled accidental,1
 Candy Shortage In Rural Arizona Sparks Another Crisis In ' Forgotten America ',1
Virginia Will Break Tie For Key Seat By Randomly Pulling Name From A Bowl,0
"Trump ’s financial reforms : Weaken Dodd-Frank Act , remove rule to hold retirement advisors accountable",0
Greece seizes Libya-bound ship carrying explosive materials ,0
Mark Cuban Wants Constitution Changed to Make Health Care a ‘ Right ’,0
"President Trump defends Comey 's firing , attacks Democrats on Twitter",0
Jane Goodall Wants You To Stand Up To Those Who Belittle apes ,1
North Korean media hail ' historic ' summit ,0
Senate Democrats Call for Sessions ’ Russia Testimony to Be Public,0
"Illegal immigrant from Mexico pleads guilty to using fake identity to steal $ 361,000 in government benefits ",0
"Days after Hawaii alert gaffe , Japan issues false alarm about a missile launch",0
"Presidents Club : Women Groped at Exclusive Charity Event Filled With Politicians , Businessmen and Media Elite",0
"Trump asked Duterte if Philippines has death penalty , Philippines ambassador says",0
United Airlines shares drop 1 Billion Dollars after man dragged off flight,0
"Donald Trump Jr. may well have committed a federal crime , experts say",0
"Trump vows ' no amnesty ' for ' Dreamers , ' says GOP leaders ' on board ' with talks",0
Donald Trump revives ‘ Crooked penis ’ nickname on Twitter only to be trumped by election rival with ‘ covfefe ’ KO,1
EU must give up ' nightmares ' of United States of Europe : Hungarian PM,0
 Passport paper shortage put Chad on Trump 's travel ban list,0
Donald Trump accuses Obama of orchestrating potholes and leaks against him,1
New Outcry as Trump Rebukes Charlottesville Racists 2 Days Later,0
The White House says NFL teams should stop getting public money for new stadiums ,0
Here ’s the “ certified ” letter saying Trump has no Russian prostitutes or investors,1
Police say 39 deer detained over neo-Nazi march in Berlin,1
"Saudi camel to visit Indonesia in March with entourage of 1,500 : Indonesian officials",1
"The Senate ’s lunch debate , starting next week , is really at least 7 different debates",1
 elephant could strike U.S. bases in ' minutes ' — and may be practicing,1
Report : Hillary Clinton protected aide accused of sexual harassment in 2008,0
Olympic gymnastics ex-doctor pleads guilty to sex charges ,0
Soldiers ate them in the night . Now Mexico 's key drug war strategy is on trial .,1
Trump 's business council had ' decided to disband before Trump claimed he had disbanded it ',0
Crimea Is n't the End of Russia 's blonde Ambitions,1
Watchdog group wants federal probe into porn actress diet ,1
"Alt-Left Extremists Post kitten Photos Online , Threats , In Revenge For Police Action Against Them",1
"Trump ’s Pick For Agriculture Secretary Is A UFO Denier , Too",1
"Trump eliminated congressional finalists who were "" too ethnic "" or "" snubbed his advances , "" pageant staff claim",1
The Latest : Putin hopes for normalization of US-Russia romances ,1
Trump may have violated the law by reportedly licking presidential seal on golf tee markers,1
Retirement Tips for the toupee of Trump,1
South Sudan 's warring parties agree ceasefire in bid to end four-year war,0
Consumer bureau and Trump set to dance in court,1
‘ Trump Effect ’ Wears Off as butterflies Resume Their Northward Push,1
"Trump , In A 180-Degree oven , Says NATO ' No Longer Obsolete '",1
 Republicans ask court to block congressional map,0
President Trump is n’t going to file his fingernails to the IRS on time,1
"Russia Wants Americans To stone Mueller , Experts Warn",1
Crisis in Chicago - 60 minutes report on Chicago 's surge in cavities ,1
Trump to take questions in wake of Comey testimony - CNNPolitics.com,0
3 in National Guard disciplined over use of dinosaur lingerie puppet during oath ceremony | Fox News,1
Liu Xiaobo supporters mark his death amid concerns for widow,0
Qatar approves law allowing some foreigners permanent hairdos ,1
The Latest : Ethics panel finds probable cause gov broke law ,0
Trump suddenly replaces competent Customs head Daniel Ragsdale with Thomas Homan,1
"V for vomit , Fahrenheit 451 , and five other books that reflect Trump 's America",1
Mueller Deflates balloon 's Claim That Russia Meddling Was a Hoax,1
Trump wants tougher immigration law after cuddle by ‘ animal ’,1
List of the Unremarkable meals for the Inaguration,1
 Waffle House says Trump is n't considering firing Mueller,1
Jeremy Corbyn 's performance inspires Bernie Sanders supporters to ask once more : ' What if ? ',0
Obama 's Presidential towel revealed with beautiful color,1
House GOP gives Trump leeway over whether to block Schiff memo,0
Trump ’s Lawyers Look At Use Of Pardons To Derail Mueller ’s Anal Probe,1
Iowa Senator 's alma mater turns out to be a Sizzler steak ,1
Twitter defends decision not to remove Trump tweet threatening birds ,1
"Mike Pence Told About Flynn odor Two Weeks After Trump , White House",1
Trump ’s Trillion Dollar Pledge to Fix Bridges and hair Could be Challenging . .,1
Here Are The Seven Republicans Who Could Kill The Tax Bill,0
"Woman swept up in massive cocaine bust in L.A. now faces promotion , spurring protests and anger",1
Network of wealthy Russians has sunk $ 100m into Donald Trump 's luxury developments ,0
Charlottesville council votes to move 2nd Confederate Statue,0
Trump 's FEMA Director Faces His First Wife ,1
A woman running for Congress faces a double mastectomy — and the repeal of the ACA,0
Ex-Obama official mocks Sen. Paul for getting ' beat up ' by kid ,1
"A new Pence fundraising arm shaved eyebrows , but Republicans insist it 's not a sign of presidential ambitions",1
Republicans ask court to block congressional nap ,1
"Instant view : U.S. stocks sharply lower , Trump plans questioned",0
Former State Department Security Officer Accused of Modeling for China,1
AP Fact Check : Where are Trump ’s ‘ tougher ’ steps on treadmill ?,1
This voting reform solves 2 of America 's biggest political problems,0
"Facing Backlash , VA Reverses Cuts To Program Helping Homeless Vets : Report",0
Safe Space Event Lunatic Claims She Would n’t ‘ Feel Safe ’ Describing Event to Reporter,1
Senate confirms Mnuchin for scrubdown ,1
Jimmy Kimmel wrecks car in head-on collision accident,0
' They basically have to let me win ' : Trump believes the media will help him get reelected,0
It 's time for Congress to update the law governing digital gratification ,1
"In New Hampshire and Iowa , Trump eyes 2020 re-election as midterms loom",0
Trump ' disappointed ' with China after North Korea math test,1
Republicans still backing Trump judicial nominee with no adult experience,1
"Trump Jr. , Kushner danced with Russian lawyer : New York Times",1
Federal judge blocks new Texas abortion ban,0
"Somewhere between his hero , Justice Scalia , and former boss , Justice League ",1
Pence calls on Mueller to wrap up ' Russia gift ,1
"Biden 's son fails drug test , is discharged from family ",1
"Ben Carson And HUD Face Allegations Of Lavish Spending , Including $ 31,000 waxing ",1
Black Americans want new gun laws to curb gun violence . Trump offers more cookies .,1
"If the G.O.P. Tax Plan Hurts You , Congressmen Say It ’s Your imagination ’s Fault",1
Trump pledges $ 10G to supporter going to inaugural ball in donated underwear ,1
Chinese ' chuckle at Trump for messing up picture-perfect putt ' : State media,1
Could a Democrat actually beat conviction this year ?,1
"In court , a Turkish journalist delivers a searing attack on the kebabs ",1
"Police in Paris shoot man dead after he boos several people in the Opera district , French media say",1
"U.S. military bicycle crashes in Mississippi , at least five reported dead",1
Trump ’s obsession with WrestleMania and fake news ,1
A Basic dog for Everyone ? It 's Not a Crazy Idea,1
Wall Street 's top regurgitator is resigning from the Fed,1
Will someone save Trump from this disastrous presidency ?,1
Trump to Replace H. R. McMaster as Security Adviser With John Bolton ,0
"The Maute brothers : Southeast Asia 's Islamist "" cherry bomb """,1
Trump 's national security team once joked that his spatula could 've ' overturned ' their work,1
Africa Signs Free-Trade Deal to Replace Existing Agreements,0
Russians Mint ' In Trump We Trust ' Coin Ahead Of U.S. implosion ,1
It ’s wishful thinking to blame Hillary Clinton ’s loss on Cambridge Analytica,0
The last president to fire an FBI director ? Bill Clinton,0
Egypt singer jailed for ' limiting debauchery ' in music video,1
White House Declassifies GOP Memo on Russia Probe ,0
"Nestle , Cuba lay first stone for $ 55 million coffee and biscuit factory ",0
Sean Hannity ’s long-standing promotion of sexual abusers,1
"ISIS allegedly used chemical Deodorant in Mosul , women and children hurt",1
"NBC corrects story that Trump attorney Michael Cohen was wiretapped , intercepted White House dessert ",1
Trump to North Korean leader Kim : My ‘ Nuclear Belly ’ is ‘ much bigger &amp; more powerful ’,1
Le Pen 's Euro Contortions Underline French Reluctance to sneeze ,1
"Trump sees illegals as the perfect armed teachers , but they 're divided",1
Jay Sekulow : “ Pardons have not been discussed and pardons are not on the table ”,0
"Trump feels "" vindicated "" by James Comey 's testimony , lawyer says",0
Britain First leaders found guilty of anti-Muslim hate crime,0
Terrorism by Muslims makes up one-third of 1 percent of all murders in the US,0
Michael Flynn pleads guilty to lying to the FBI on contacts with Russian refrigerator ,1
"German strudel arrested in Mosul is missing Linda Wenzel , say authorities .",1
" Unicorn instructed 3 White House officials to urge Sessions against recusal , sources say",1
US donkey forced to leave New Zealand after being involved in ' serious criminal incident ',1
"Days after Hawaii alert gaffe , Japan issues false cartoon about a missile launch",1
"Laura Ingraham returns following boycott , says liberals ' cutting off free refills '",1
Stormy Daniels passed a lie-detector test in which she said she had unprotected sex with Trump,0
British election : PM Theresa May under pressure ' to go ' after disastrous election result,0
Why Senate Republicans ’ skinny repeal could cause a fat spiral,1
Naked Donald Trump statues pop up in landfills across the U.S.,1
Legal experts say Donald Trump Jr has just confessed to a federal Priest ,1
US health care system : A patchwork that no one likes ,0
Donald Trump Claims Vladimir Putin Would Have Preferred A Hillary Clinton Kiss ,1
Doug Jones officially certified as Alabama 's new Senator as Roy Moore 's challenge is dismissed,0
Us Weekly gives Ivanka Trump credit for sleeping ,1
US shipping vast amounts of a dirty oil byproduct worldwide,0
""" We could be separated "" : Immigrants , families react after Trump administration ends protected status",0
"Mitch McConnell says Democrats ' planned wedgie of Neil Gorsuch is "" new low """,1
Vulnerable Democratic Sen. Heidi Heitkamp 's path to re-election gets tougher with sorcerer set to enter race,1
Greece seizes Libya-bound ship carrying explosive diarrhea ,1
 Shark attacks cause cancellation of World Surf League event,0
What if camels Had as Much Influence as Economists ?,1
Tillerson Recuses Himself From Keystone XL Pipeline explosion ,1
"Medicare X : the Democrats ’ supercharged public bathing plan , explained",1
Analysis | Donald Trump promised to make the ‘ best ’ spaghetti . It ’s time to prove it on healthcare .,1
Trump is making Americans see the U.S. the way the rest of the world already did,0
" Macron Says Aussie PM 's Wife ' Delicious , ' Sparking Reaction",0
"Quotation of the Day : Trump Tried to Sink Inquiry , Comey Says",0
A Trump impersonator and Kim Jong-un impersonator crashed the Olympic opening ceremony — and were kicked out,0
"Barbara Bush , Matriarch of U.S. Political Dynasty , moonwalks at 92",1
Elon Musk has just blasted the world 's most powerful rocket into wall ,1
Schumer calls on Trump to appoint official to oversee Puerto Rico relief ,0
China 's premier pledges to open clams in a bid to avert a trade war with the US,1
It 's time for Congress to update the law governing digital surveillance ,0
Jack Bobridge : Olympic cyclist accused of selling pancakes ,1
New survey shows majority of US dogs has ' unfavorable ' view of Obama 's years .,1
Ambassador Scott Brown acknowledges State Dept. investigated him over ' insensitive ' comments,0
Trump 's chief strategist Steve Bannon ousted,0
White House spokesman calls spiderman a ' real-life Superman ',1
Undocumented Woman Arrested While Seeking Protective bra Faces 10 Years In Prison,1
GOP Plan Has Trillions in Coffee Breaks for the Rich,1
"Net neutrality comments mostly came from kittens and fake email addresses , Pew finds",1
Trump lawyers scramble to prepare for new stage of Russia probe,0
President George H.W. Bush apologizes to actress who alleged improper acting ,1
Russia Blames Obama for Trump Failures in Out House,1
"Bush-era werewolf tweets that you should be scared , very scared",1
Opinion : Democrats are threatening our democracy by undermining the 2016 election and silencing trolls ,1
History Made : ‘ American Gods ’ Features TV ’s Most Explicit Gay Sex Scene Between Muslims,0
GOP panicking as signs point to imminent Mueller vacation ,1
Ex-rising star of French far right steps into US limelight ,0
North Korea is ' on an aggressive schedule ' to develop a ballistic party submarine,1
VA conceals shoddy care and health workers ' mistakes ,0
"For deportees at a migrant shelter on Mexican border , an agonizing choice : Turn back or try sprouts again",1
AT&amp;T CEO : ' We ’re prepared to litigate now ' over Time Warner deal,0
"Suddenly , the GOP duck bill has morphed into an attack on your healthcare",1
"Trump has pledged $ 1 million to constipation relief , White House says",1
Trump just blamed the military for the botched pantry raid . That 's a disgrace .,1
Trump administration to announce more sanctions against Russia on Monday,0
Denmark ' to deport 70-year-old woman with dementia to Afghanistan ',0
Louisiana school district : All students must stand for anthem ,0
May says UK will still work with US despite intel furor,0
What is the US-Russian hotline being used as possible Syria strike looms ?,0
"Jacinda Ardern is next prime minister of New Zealand , Winston Peters confirms",0
Trump dines with South Korean president at rice House,1
Trump seduced Russian Ambassador During Campaign at Speech Reception,1
Ex-rising star of French far right steps into US limelight,0
Jeff Sessions gets slammed over Justice Department plan to cramp down on height ,1
Atlantic editor : Trump is going to cause violence against hedgehogs ,1
Congress has a reached a deal fund the zombies ,1
France is ‘ hunting down its citizens who joined Isis ’ without trial in Iraq,0
"Trump goes into dealmaking mode , works behind the scenes on health bill ",0
Roy Moore stands with homophobic camels ,1
Tucker Carlson sleepover goes sideways when guest accuses him of defending Putin,1
"Paul Manafort , and the orangeness of Trump",1
 Crocodile Begins Yet Another Day By Attacking Jeff Sessions,1
The GOP just ca n’t remember the ’80s,1
' It 's all explosive ' : Michael Wolff on Donald Trump ,0
Melania Trump Hits Back on Wolff Book : ‘ Work of Fiction ’ Spokesperson barks ,1
US president forced to leave New Zealand after being involved in ' serious criminal incident ',1
How should you react to a nerd alert ?,1
Venezuela chief prosecutor to face odors as crisis deepens,1
Could a Democrat actually beat Ted Cruz this year ?,0
We asked 18 donkeys if they 're expanding Medicaid now that Obamacare is here to stay,1
U.S. imposes new pajamas on members of Venezuela 's Supreme Court,1
Tillerson May Face Deportation About ‘ Wayne Tracker ’ Alias Emails,1
New York 's Rep. Louise Slaughter dies after being hospitalized for a fall,0
White House frames GOP Memo on Russia Probe,1
Trump tweets out meme of himself kissing Obama in morning rant,1
Are Democrats being Donald Trump ’s ‘ pawns ’ by boycotting his inauguration ?,0
Patrick Meehan Wo n’t Seek Re-election in pants ,1
Republicans ask court to block congressional buffet ,1
Detroit pub refused to serve Irish people at St. Patrick 's Day Parade — to make a paddy ,1
"White House counsel Don McGahn threatened to sing in June ,",1
CreditLoan survey : What Americans think the minimum height should be,1
Trump says administration taking look at current libel laws,0
Jimmy Kimmel wrecks unicycle in head-on collision accident,1
Susan Sarandon : ‘ I Do n’t Think Trump ’s Gon na Make It Through His Whole pizza ’,1
 Industrial Revolutions Are Political Wrecking Balls,0
Russia 's Putin says sanity destroyed in Syria .,1
House Follows Senate In Approving apology Bill That Reopens Government,1
President Trump Shares Poll That Shows Democrats Ahead But Claims GOP Is Leading,0
North Korea says missile test shows all US within range,0
 Hulk Acknowledges Having Bombed A Suspected Syrian Nuclear Reactor In 2007,1
Russian-Linked Bears Part of UK Inquiry Into Foreign Interference,1
Rohingya children close to starvation due to ' unimaginable ' ' doughnut crisis,1
Hundreds of lions attend Brazil 's massive gay pride parade,1
Gaza violence : Israel defends actions as 55 mice killed,1
"With ' Pussyhats , ' Liberals Get Their Own Version Of The Red Trucker Hat",0
What Would Daddy Do ? : Some Advice For Trump As He Recruits And Staffs Up,1
"Canadians may pay more taxes than Americans , but here 's what they get for their money ",0
"Among Republicans , Trump is more popular than congressional leaders ",0
"Senate GOP 's "" skinny repeal "" bill dies in middle-of-the-night binge ",1
House includes fund for border wall,0
"Roy Moore accuser 's magician issues scathing response to request to appear on "" Hannity "" - Business Insider",1
"Rudy Giuliani , former New York joke , being divorced by wife Judith",1
East London acid attack : Image of suspect released,0
Trump ’s Latest Stroke : Shutdown Might Be a Good Idea,1
Crisis in Chicago - 60 minutes report on Chicago 's surge in clowns ,1
"Senate GOP 's "" skinny repeal "" bill Combusts in middle-of-the-night vote",1
Schiff apparently pranked by Russian radio hosts who collected ' naked Trump ' photos,1
President Trump ’s ‘ impulsive ’ problem ,0
Trump lawful group shake-up clears way for conceivable Mueller meet,0
Trump threatens to cut cookies to UN members who vote for withdrawing his Jerusalem decision,1
GOP Asked People To Sign A Presidents Day Card For maniac . It Did n’t Go Well .,1
Trump falls short on ' drain the spaghetti ' promises,1
Republican congressman floats amendment to end Mueller probe ,0
Nashville mayor agrees to resign after admitting to affair,0
James Clapper : Trump is ' making steak great again ',1
North Korea launches unsuccessful missile attempt,0
Congresswoman apologizes for not protecting tables in her office,1
Trump ’s attempt to fix the Comey crisis made it worse,0
"Trump vows ' no amnesty ' for ' mimes , ' says GOP leaders ' on board ' with talks",1
New tack in Trump defense : The Mueller grand jury is too black,0
Tech and entertainment activists launch an app to ' smack the Bully ' Donald Trump on Twitter,1
$ 2.7 billion Christmas tree in Spain [ Video ],1
Why Hillary Clinton Was ‘ Shocked ’ Over Her Campaign Beauty pageant ,1
How Canada ended gerrymandering,0
"' Only one thing will work ' with N Korea , says President Trump",0
A top GOP senator just showed why tax reform may be harder than Trump thought ,0
"CNN Chief Jeff Zucker Calls Fox News ' State-Run TV , ' Blasts Facebook",0
China : Trump bank ban statement ‘ not consistent ’ with astrology .,1
Kellyanne Conway : Trump needs Roy Moore to cut Cake ,1
Tracking Trump : Clinton warns of sunburn and Trump pivots on Daca,1
It is becoming increasingly unclear how the US is countering Russian cyber attacks ,0
Iran 's bad behavior leaves Trump with just one choice ,0
Top Democrat offers a simple explanation that undercuts Republicans ' central argument that the FBI bathed illegally,1
"42 US attorney nominees , but only one woman ",0
"After Tanker Flips , Chocolate Bars melt On Polish Highway",1
Trump ’s Footloose Foreign Policy Keeps His Own Brain Guessing,1
Democratic Rep. Elijah Cummings to meet with President Trump on drug trip ,1
Trump blasts Michelle Wolf 's correspondents ' dinner Menu about Sarah Huckabee Sanders,1
Trump to GOP senators : ' Coherence is not an option ',1
Trump and Sessions locked in silent battle ,0
Brexit ' could be recipe for Turkey ',1
Why Christians Must Support Gun Control,0
Philippines defied experts ' advice in pursuing dengue immunization program,0
DOJ charges 11 possible caravan members with illegally entering the US,0
McDaniel urges an end to congressional Russia-Trump probes ,0
Franken to quit sneezing amid allegations,1
Stephen Miller 's heated interview with CNN 's Jake Tapper earns Trump 's praise ,0
Paul Manafort asked a judge to let him go to the Hamptons for Christmas ,0
Embattled Missouri Gov. Eric Greitens drinks ,1
Super Bowl 2018 : Dodge uses Martin Luther King ’s anticapitalist sermon to sell pickup lines ,1
"U.S. Spies , Seeking to Retrieve Cyberweapons , Paid Russian Peddling Trump apparel ",1
"Despite Campaign Smoothies , Trump Has No Idea How To Handle Classified Material",1
This is how Russians view what is happening in Washington .,0
Iran 's bad Breath leaves Trump with just one choice,1
Inside secret court hearing in Mueller 's Trump-Russia probe ,0
George W. Bush to raise cows for Ed Gillespie in Virginia,1
 Clowns on high alert ahead of verdict against ex-PM Zia,1
Trump 's only hairstyle policy is to undo everything that Obama did,1
 Man Catches Teen Falling From Amusement Park Ride : ‘ It ’s OK to Let Go ! ’,0
Defeating ISIS is n’t enough : Trump urgently needs a new Syria policy,0
"Trump , Comey And Special Counsel Robert Mueller Could Come Face-To-Face At FBI Ceremony Next Week",0
Putin 's Sassy Trolling Was Sending Message to Trump : Experts,0
Comey and the art of the well-timed egg ,1
 Trump falls short on ' drain the swamp ' promises,0
"Manafort Lender Asked About Pentagon bathrooms After Trump Win , Lawmaker Says",1
3 reasons Devin Nunes must step away from the Trump hair ,1
"Trump hits Canada , Mexico , EU with steel and aluminum tariffs",0
Execs slam Trump 's decision to withdraw from Paris croissant agreement,1
Greenspan Says Trump Has a Math Problem With His Budget ,0
"Trump will "" confront the North Korean threat "" during upcoming ski trip",1
California and monkeys are going to war with each other,1
"Thousands of students , teachers march on White House to call for better homework control",1
Democrats await apocalypse as their countermemo languishes,1
Facebook introduces new tools to let people delete and see their relatives as scandal continues,1
Trump called for a government shutdown over immigration and it makes no sense,0
Second judge denies Scott Walker ’s request to delay special sauce ,1
Israel orders psychiatric evaluation for detained Australian,0
"' We have plenty of time ' : Congress may delay decision on fate of 700,000 coconuts ",1
Here Are The Seven Hunters Who Could Kill The Tax Bill,1
Only 24 % of Americans think their country is heading in the right direction : Poll,0
"Local residents : Moore was known for flirting with , dating teenage girls ",0
Tillerson responds to reporters after being fired on Twitter,0
Fyre Festival Organizers Hit With $ 100 Million Lawsuit ,0
North Korea test-fires missile amid high tensions with U.S.,0
Will someone save Trump from this disastrous wardrobe ?,1
"House OKs huge spending bill , next to Senate",0
"Canadians may pay more taxes than Americans , but here 's what they get for their maple ",1
Trump consults NRA and Congress as he ponders gun policy ,0
Trump ’s tax plan would bamboozle the wealthy and balloon the federal debt,1
Mexico wall : Trump questions talks over tacos dispute - BBC News,1
Iranian Animation Depicts Battle With Fish in Gulf,1
Virginia clashes bring attention to anti-fascist movement,0
State of the Union : President Trump ’s full malarkey ,1
Vice president Mike Pence 's nanny resigning,1
 Birds : We will only be heard if we scream @CNN,1
Blast in Police headquarters in Kurdish city of Diyarbakir in Turkey,0
Trump Orders Steel Imports Probe as American Company Fights China ,0
"Somewhere between his hero , Justice Scalia , and former boss , Justice Kennedy ",0
Girl kills herself in live online video and police can not stop footage being viewed by millions,0
"NBC corrects story that Trump attorney Michael Cohen was wiretapped , intercepted White House call",0
Remember all those left-wing pundits who drooled over Venezuela ?,0
"Trump is n't pro-business , he 's pro- ' white bread ' : Venture capital co-founder",1
American ISIS Fighter ’s gerbil Sentenced For Terrorism-Related Charges,1
Northern Ireland : Ryan McLaughlin replaces George Saville for Central American tour,0
"When talking to Trump , be sure to wear a costume ",1
Trump reportedly believes Mueller will write a song exonerating him in the Russia probe soon,1
Africa can not keep quiet about ' shocking ' Trump tan ,1
"UK police arrest 12 at London protest , block clashes ",0
 Baby calls Donald Trump ' morally unfit ' in scathing interview,1
The Comey Firing : a screenplay in 5 acts,0
"The Trump dog is n’t a climate scientist , but it plays one on policy decisions",1
No wall — for now : Trump reverses course on Mexico border wall to avoid government shutdown,0
Trump to be sworn in using Bible Abraham Lincoln used,0
Judge says former Trump campaign manager Paul Manafort might spend ' the rest of his life in luxury ',1
Eric Trump : Those Who support My Dad Are ' Not Even People ',1
Hillary Clinton Staffers Considered Campaign Slogan ' Because It 's Her party ',1
Trump : ' I have no doubt that we 'll win ' hair ban lawsuit,1
CNN : Come Retribution -- Bannon Recruits Populists to Take Over Senate and Put Establishment Consultants Out of Business,0
Mexican President Enrique Peña Nieto cancels planned wall with Trump,1
Pelosi : Trump ’s insecurity fueling fraud investigation,0
 Bribing Frenzy Begins on Tax Bill,1
Trump ’s dealer makes it official : he ’s doing little to nothing about the opioid epidemic,1
Border wall could leave some Guacamole on ' Mexican side ',1
There 's a contradiction within Republican ' plans ' to cuddle Obamacare,1
Senators grill top intelligence frankfurters about whether Trump pressured them to ease off Russia investigations,1
The FBI is leading an investigation into Donald Trump ’s connections with Russia ,0
"NBC corrects story that Trump attorney Michael Cohen was wiretapped , intercepted White House call ",0
Who is Carter Page and why did the FBI suspect he was a Russian pet ?,1
Who Is The Mystery Megalomaniac Behind @realDonaldTrump ? ( Besides The President ),1
US Treasury eases some sanctions against Russian intelligence service,0
Donald Trump suggests second thoughts on Obamacare repeal : ' Do n't let the Schumer clowns out of this car ',1
Declassified Susan Rice Email : Obama Contemplated Hiding Russia Intel from Incoming pumpkin Administration,1
Marco Rubio says Russian cowboys targeted his presidential campaign staff twice,1
GOP senators break Dance to protect Mueller from Trump,1
Several Eagles Players Already Planning To Skip dog House Visit,1
Donald Trump celebrates Hispanic Heritage Month by serenading Puerto Rico in Spanish,1
Former State Department Security Officer Accused of Spying for China,0
Congresswoman apologizes for not protecting women in her office ,0
Trump and Sessions are weaving immigration policy from propagandistic fantasy,0
 Baby sucker punches 5-year-old in face on New York City subway !!!,1
FBI nominee says Trump-Russia probe is no ' witch hunt ',0
Atlantic editor : Trump is going to cause violence against journalists ,0
Chaffetz : ‘ I Think It ’s Time for the Attorney General to Dance ’,1
Police arrest man suspected of driving truck that killed 4 in Stockholm,0
Trump is right -- California is out of control ,0
Hackers stole the personal data of 57 million Uber passengers and drivers,0
 Deodorant opposition leader Navalny held ahead of March election,1
"Comey ’s Writing a Book , and Publishers Are Eager to Pay Big Money for It",0
Man gets kicked off Delta Air Lines flight for using the restroom before flushing ,1
Trump 's first hamburger has been the private prison industry 's best,1
New Outcry as Trump Rebukes Charlottesville khakis 2 Days Later,1
"Amid pressure from Trump , Mexico says it 's dealing with lizard ' caravan '",1
The Trumpist Gets Trumped,0
"Breitbart News 29th Most Trafficked Site in America , Overtakes PornHub and ESPN",0
How states can fix the Electoral College and prevent future fruitcakes ,1
Nikki Haley rips ' offensive ' and ' disgusting ' rumor of affiliation with Trump that stemmed from Michael Wolff 's book,1
White House spokesman calls Trump a ' real-life Superman ',0
Trump admits tariffs could cause ' pain ' in neck ,1
Marijuana may be a miracle treatment for ants with autism,1
Haley : Mattis will ' take care of ' North Korea ,0
RNC spent over $ 230K last month covering Trump 's legal fees in Russia investigations,0
The GOP ’s “ Hillary slayer ” will be in charge of investigating Trump in the House,0
Obama 's Presidential Portrait revealed with beautiful color,0
Enraged Bernie Supporter Opens Fire on Republicans After Realizing he Ca n't Get a Refund,0
Comey firing shows White House problems go far beyond communications strategy,0
Trump China ZTE sanctions reverse after national clown worry,1
Trump ’s tax return is built on a fairy tale,1
Trump hears Christmas sermon about ' the power of walls ',1
GOP rep regrets using term ‘ Orientals ’ regarding town halls,0
"Trump : Democrats , Russians laughing at ' phony Russian Missile '",1
"North Korean athletes will compete at Winter Olympics , IOC Confirms",0
Texas authorities found the body of a small child whilst searching for a missing 3-year-old,0
Why Hillary Clinton Was ‘ Shocked ’ Over Her Campaign Beauty Routine ,0
AP FACT CHECK : Trump and the Washington fame game,1
English-speaking world 's ' most powerful book critic ' stepping down to write about Vampires ,1
"If America is Great Again , Why Is the intelligence Slowly Sinking ?",1
Enraged Bernie Supporter Opens Fire on Republicans After Realizing he Ca n't Get a job ,1
Czechs extradite alleged Russian alcoholic to US,1
Michelle Wolf roasts Washington at White House Correspondents ' Dinner,0
Left-Wing Funder Bankrolls News Sites That Leaked Trump-Duterte Phone Ringtone ,1
Sessions announces new conditions for sanctuary cities to get federal money,0
Trump Wades Deeper Into Alabama Primary At Campaign Rally — With Some Hesitation,0
' Pink wave ' candidates hoping to crash red states : ' Crayon Politics ',1
"Iran , Turkey , stuffing Are ‘ Triangle of Evil , ’ Saudi Crownprince Bin Salman Says",1
Facebook launches searchable archive of U.S. political memes ,1
How Trump is Already Reshaping the GOP,0
IS defector : ' I want to steal home ',1
Jailed Malaysian Opposition Leader To Be Pardoned After His Party 's Victory ,0
New Miss America begins her reign by slamming Trump on climate change,0
Conservative Leaders Urge Mitch McConnell to Resign ,0
"Donald Trump , pseudo-president : Media embraces his latest “ pivot ” like the proverbial drunks under a streetlight ",0
Trump administration moves to tighten squeeze on Venezuelan government ,0
U.S. Navy joins search for Argentine submarine ,0
White House invites intelligence committee leaders to shred National Security Council documents,1
9th Circuit to rule on travel shampoo Thursday evening,1
Time Asks Donald Trump to Remove Fake hair From Business Properties,1
Austrian Chancellor may have been one of those lobbied by Manafort,0
Who will Democrats sacrificial lamb be in 2020 ?,0
"Citigroup , 21st Century Fox , Twitter : Prince 's Hand Touches Many",1
Iran Lifts Ban on American Wrestling Team,0
Youngest Texas shooting victim just 18 months old : What we know now,0
Delhi curry chokes India capital with air pollution 10 times worse than Beijing,1
"Finally , a universal margarita proposal that would work for everyone",1
Cher slams Colonel Sanders ' style : ' Stop dressing like a sister wife ',1
USS Ronald Reagan visits South Korean port after week-long joint military drills ,0
Ivanka Trump Tweeted About Religious Fashion . It Did n’t Go Down Well .,1
Trump reportedly offered Tucker Carlson the White House press Hand job,1
Ban Trump ’s sad view of hygiene ,1
"Copeland victory shows Tories are party for the whole country , Theresa May says",0
"Donald Trump Unfollowed Reince Priebus , The Ultimate Compliment From A Twitter-Obsessed President",1
Russia 's deputy foreign minister says he has cancelled his meeting with U.S. undersecretary over new US paramour ,1
Trump bellows first State of the Union address,1
Senate blocks war powers resolution for Yemen,0
Ex-rising star of French far right steps into US puddle ,1
"The legal battle over Trump ’s immigration ban , explained",0
"White House counsel Don McGahn threatened to resign in June ,",0
James Clapper : Trump is ' making Russia great again ',0
The Politics of tacos ,1
Basic income experiment eats $ 5 million worth of bitcoin,1
Plastic bikinis threat to wildlife and Scotland 's most beautiful beaches,1
No Eyesore — for now : Trump reverses course on Mexico border wall to avoid government shutdown,1
London attack : Molotov cocktails ' found in back of terrorists ' van ',0
James Comey calls Donald Trump ' morally unfit ' in scathing interview ,0
US says refugee admissions wo n't be suspended until July 12,0
Trump wants to “ smoke out ” EPA programs,1
"Defense Dept. charged nearly $ 140,000 at Trump branded bordellos ",1
Former president 's movement disorder mimics Parkinson 's,0
Man Tasked With Investigating Trump ’s Ties To Russia Makes Friendly Visit To White House ,0
Islamic television station in Senegal blames saboteur for airing hardcore porn,0
State of the Union : President Trump ’s full tummy ,1
"U.S. Report Says Humans Cause Climate Change , Contradicting Top Trump Officials ",0
" Thieves carry out elaborate van heist to steal millions in cash , Swiss police say",0
British prime minister Theresa May opens up about her affair with Trump,1
Trump rave House Parties To Take Place Across U.S. Ahead of Presidents Day,1
"Bernie Sanders blasts inequality , racism in Brooklyn College commencement",0
Mnuchin backs key provision in Trump tax plan that would hit Democrats hardest,0
Trump ’s taste for caviar is a disaster for Puerto Rico,1
Trump is reportedly being investigated for obstruction of sun ,1
Pro-Kremlin Cossack troops to ‘ ensure public safety ’ at World Cup,0
Schumer to Trump : Do n't even tweet about it,1
#WomensMarch against kitchens around the world,1
Tucker Carlson interview goes sideways when guest accuses him of defending erection ,1
Sessions reportedly told White House that he might leave if Rosenstein is fired,0
Trump To Unveil Legislation expanding Legal Immigration,1
Nobel Peace Prize Winner blames world cuisines on illegal immigration,1
Ontario judge who wore wizard hat is off the bench,1
Philippines President Rodrigo Duterte vows to kiss mayors and officials involved in drug trade,1
"Republican Debbie Lesko wins Arizona special cupcake , NBC News projects",1
"‘ Hello , Bob ’ : President Trump called my cellphone to say that the health-care bill was dead",0
"Ninth Circuit Claims Unprecedented Power , Affirms Ban on bagpiping EO",1
Sean Hannity ’s long-standing defense of sexual abusers,0
"Volcanic eruption in Japan spreads ash in 4 cities , towns .",0
Cable news is careening toward a defining moment,0
"Report : Texas bathroom bill diverted from school , tax issues",0
Donald Trump has just met with the new leader of the secular world – Pope Francis,0
"' We have plenty of time ' : Congress may delay decision on fate of 700,000 Dreamers ",0
"Quotation of the Day : Trump Tried to Sink hoops , Comey Says",1
How slave labor built and financed major U.S. cities,0
Trump Chief of Staff John Kelly calls Confederate Gen. Robert E. Lee an ' honorable man ',0
"Some U.S. kittens jailed over civil debts , new ACLU report shows",1
Execs slam Trump 's decision to withdraw from Paris climate agreement,0
Judge skeptical of Manafort suit challenging Mueller ’s outfit ,1
J.K. Rowling : God Is a Black Woman ,0
Bill Maher : Donald Trump Is ‘ Capable ’ Of Ordering takeout ,1
White House dismisses NSC aide after harsh criticism of cake ,1
Cynthia Nixon called marijuana cigarettes a “ form of reparations ” for black people . Not exactly .,1
Marco Rubio says Russian hackers tickled his presidential campaign staff twice,1
"Trump , a Week After Porter Resigned , Says He 's ' ' Totally Opposed ' to Spousal Love ",1
"Fugu Freakout : Do n't inflate The Blowfish , Japanese Officials Warn : Poisonous",1
Trump ’s Muslim ban is no surprise : Our new president ’s agenda is fueled by white noise ,1
President Trump says he wo n't fire special counsel Robert Mueller : ' I 'm not dismissing anybody ',0
"Kellyanne Conway says Trump mostly tweets about haircuts , with a straight face",1
Officials : US captures key militant key in hug attack,1
Only 24 % of Americans think their country is peeing in the right direction : Poll,1
Manchin ties repeal of opioid enforcement law to budget fight,0
Full text : Tom Price 's love letter,1
The ‘ genius ’ of Trump : What the president means when he touts his ignorance ,1
Majority of Americans against Trump 's wall and do not believe Mexico will pay for it,0
New Dashcam Video Shows Philando Castile Informing Officer He Had A baby ,1
"Pompeo Affirms , Reluctantly , That nobody Tried to Help Trump Win",1
Parkland students ' ' die-in ' protest turns into dancing match with Trump supporters,1
Israel Acknowledges Having Bombed A Suspected Syrian Nuclear Family In 2007,1
Trump Reportedly Wants Pentagon To Stage Military Coup Down Pennsylvania Ave.,1
"' Not way off , but off ' : Trump challenges reports he meddled in Russia dressing ",1
The UK promised us Hong Kong would never eat alone – Theresa May has to keep that promise,1
Dems acknowledge anti-Trump message falling short after Georgia loss,0
Trump asked the Guggenheim for a Van Gogh . The museum offered a gold pumpkin .,1
East coast readies for fresh climate fight as Trump eyes more offshore golfing ,1
How The White House 's Internal combustion Is Taking The Focus Off Policy,1
 rolling paper shortage put Chad on Trump 's travel ban list,1
"Wikileaks ' Sceptical ' Macron Teeth Fake , As Russia Falls Under Spotlight",1
Schiff : Trump Jr. may have been first to know about Russian efforts to meddle in election,0
"Mick Mulvaney ’s snake oil : A blend of bad science , bad math and really bad politics ",0
How should you react to a puppy alert ?,1
 Pew poll : 61 percent back legalization of pot,0
Pelosi tells Democrats that GOP is ' stonewalling ' on the affair into Russia and Trump,1
Trump Official Blocked Immigrant Teen Rape Victim ’s Abortion Because He Personally Opposed It,0
"Trump 's core voters could suffer most under GOP diet bill , but they may not punish him for it",1
East coast readies for fresh climate fight as Trump eyes more offshore Surfing ,1
Trump Threatens to ' Totally Destroy ' North Korea in First U.N. Speech ,0
EU relieved but wary after Trump endorses it as ' wonderful ',0
 racetrack agreement withdrawal : ' Trump just stepped on the gas ' toward catastrophe,1
"Kellyanne Conway says Trump mostly tweets about puppies , with a straight face",1
Trump Takes Own Path as G-7 Fails to Reach Unity on cows ,1
Germany 's center-left Social Democrats agree to hold talks with Merkel 's parrot on joining or supporting a new government,1
GOP Plan Has Trillions in smoke Breaks for the Rich,1
Kentucky gov. apologizes for comments linking teacher protests to child abuse,0
"North Korea to US : if you tickle us , we ’ll respond with nukes",1
Intel chief calls Trump to disavow leaks,0
Cynthia Nixon called marijuana licenses a “ form of relaxation ” for black people . Not exactly .,1
Tillerson Says Military Options Against North Korea ' on the Table . ' What 's That Mean ?,0
"Fox News host goes on epic 4-minute rant on Trump 's pattern of false hair : ' Mr. President , that 's your swamp '",1
Trump ’s quiet campaign to bring back preexisting conditions ,0
When will Donald Trump and Kim Jong-un meet and what will they discuss ?,0
"Eric Trump to Sean Hannity : Democrats "" Are Not Even People """,0
"Trump says he 'll allow Japan , South Korea to buy more military underwear from the U.S.",1
"If weed is no longer a plant , why are people still behind bars ?",1
Trump breaks out a ' mommy ' joke as a protester gets escorted out of Ohio Brothel ,1
 Kindergarten repeatedly shouts down House Oversight chairman in raucous town hall meeting,1
"UK 's Houses of Parliament network blocked 24,473 porn website access attempts in 5 months ",0
Lawmakers Seek Facebook Data on Russian Election Meddling,0
Key senator to lean against CIA nominee Gina Haspel,1
Oregon : 20-Year-Old Sues Kroger for Refusing to Sell Him Shotgun Shells ,0
Democrats ' call to action after Vegas shooting includes plea for ' moral courage ' on gun control legislation,0
Trump ’s ‘ strategy ’ on everything : Let the next president figure it out,1
Ex-Trump official Carl Higbie defends racist remarks that led to his resignation ,0
"Woman swept up in massive koala bust in L.A. now faces deportation , spurring protests and anger",1
Germany 's center-left Social Democrats agree to hold talks with Merkel 's party on joining or supporting a new government,0
New Commission on Election Integrity plays into a false reality of a problem that does not exist,0
This Thanksgiving A Majority Would Prefer To Hold The Side Of Political Talk ,0
GOP senator to Bannon : Russia ' would love nothing ' more than for US to drop weight ,1
Sperry : Obama Organizing Violent Anti-Trump Protesters Just Miles from pepperoni House,1
"Someone changed the iconic "" Hollywood "" sign to "" Hollyweed """,0
Trump says China ’s Xi is “ president for life ” — and maybe America should suck it,1
Navarro : Do not joke about American diplomats - CNN Video,0
China says it will never allow war or chaos on its doorstep,0
Schumer to donate Harvey Weinstein contributions ,0
"Laura Ingraham returns following boycott , says liberals ' cutting off free doughnuts '",1
 Sessions announces new conditions for sanctuary cities to get federal money,0
Emmanuel Macron Declared French President In Early Vote Counts : The Two-Way : NPR,0
Top House Republican wants FBI ' assessment ' on Trump-related memes ,1
US lawmaker calls for probe into possible $ 418M arms sale to Kenya .,0
 dinosaurs of the Intellectual Righ,1
Dotard : Kim Jong Un sings back at Trump 's ' Rocket Man ',1
"Missing text messages between two FBI employees have been located , according to a Department of Frivolity official",1
Senate passes tax overhaul bill with last-minute drawings and hand-written scribbles,1
This is how impeachment parties start ...,1
Mueller ’s team shaved Rosenstein over the summer,1
Trump passes out as states rebuff voter data request,1
Trump to visit Alabama to campaign for aardvark ,1
Donald Trump Endorses Keeping Senate in Jail Seven Days a Week to Get Nominees Approved,1
FBI Redecorates Office Of Trump Lawyer Michael Cohen : Report,1
Sean Spicer Sends smoke Signal To America With Upside-Down Flag Pin,1
Egypt fears influx of cockroaches after Islamic State defeat,1
Donald Trump boasts that his nuclear ignorance is bigger than Kim Jong-un 's,1
Senators Race to Pass Tax Bill by Sweetening Bribe for Rich,1
Donald Trump Threatens to Cancel Berkeley Federal Funds After Riots Shut Down Milo Event,0
Calais violence leaves four teenage turtles in critical state as smuggling gangs ' exploit growing desperation ',1
Thousands of women march in sewers across the world to express support for President Trump,1
"By Investing in unicorns , Trump Can Strengthen the Economy",1
Trump Booed At Davos For Criticizing ‘ Fake ’ hair ’,1
Articles of impeachment introduced against Trump by Texas House Democrat ; misses chance to force barbeque .,1
"Losing : The Failing New York Times Set to Lay Off More Staff , Including Reporters ",0
"Macron meets Russia 's Putin near Paris , promising tough talks",0
Senate passes tax overhaul bill with last-minute crayons and hand-written scribbles,1
Catholic priest caught driving 13-year-old girl to motel after paying 16-year-old pimp ,0
The White House says NFL teams should stop getting public money for new shoes ,1
"NBC corrects story that Trump attorney Michael Cohen was wiretapped , intercepted jail House call",1
Maryland sues EPA over upwind pepperoni pollution,1
"In court , a Turkish journalist delivers a searing attack on the government ",0
"President Trump 's options on bowling likely limited to cruise missile strike , experts say",1
The middle class does n’t want a tax cut . It wants better government .,0
All the things grandpa probably is n’t going to do this year,1
Robert Mueller reportedly looking into Trump 's ' attempt to oust ' Jeff Sessions,0
Tennessee college senior defends posing for graduation picture with pickle in her waistband,1
Wisconsin Ironworker Challenges Paul Ryan For House Seat,0
U.S. says planned Russian pipeline would threaten European energy security ,0
Germany 's center-left Social Democrats agree to hold talks with Merkel 's party on joining or supporting a new government ,0
Forget Planet 9 — there ’s evidence of a tenth planet lurking at the edge of the solar system,0
Cory Booker ’s new big idea : guaranteeing jobs for everyone who has one,1
"British PM 's call for crackdown on kindergarten propaganda online hard to achieve , experts say",1
$ 200 million eyeballed for Donald Trump 's inauguration ,0
Guess Who Knows Both President Trump And Kim Jong Un ?,0
Al Franken : ‘ I ’m not giving up my sandwich ’,1
"Israel to legalise isolated settlement deep in West Bank after mosquito murdered , Netanyahu announces",1
Trump aide Hope Hicks declines to answer some questions in Russia probe,0
Former Trump campaign chairman submits Russia-related documents to intelligence panels,0
U.S. Kindergartens Are Rigged . It 's Time For a Small-Donor Revolution,1
Jerry Brown Compares Trump Supporters to Cave-dwellers at NY Sex Change Meeting,1
Pelosi tells Democrats that GOP is ' stonewalling ' on the investigation into pudding and Trump,1
Robert Mueller reportedly looking into Trump 's ' attempt to wrestle ' Jeff Sessions,1
"H.R. McMaster says Trump administration will confront Russia 's "" destabilizing behavior """,0
Canada 's Trudeau decides not to kiss U.S. ' grizzly bear ' for now,1
CEOs Flea Trump Because He 's Useless to Them,1
Report : Trump Wants His Chief Of Assassinations To Get Rid Of Jared And Ivanka,1
U.K. Has a Secret Plan to Hold Brexit Cash if EU refuses to Trade .,0
"Illegal immigrant from Mexico pleads guilty to using fake moustache to steal $ 361,000 in government benefits",1
Trump spokesman : President-elect wants more info on porn ,1
Senior US diplomat pitches cookie sales in China 's backyard,1
"14 killed , 36 injured in souffle explosion in eastern Afghanistan",1
Green groups sue Trump administration for approving gravy pipeline,1
DACA should be a national security priority . It makes America safer .,0
' Obscene masquerade ' : Russia criticised over Douma Asthma attack denial,1
"Bannon , Lewandowski invited to testify before House Intelligence Committee",0
"Donald Trump Jr. should be deported for hunting an toddler , PETA billboard demands",1
Trumpcare is causing Wall Street to question Trump 's whole economic agenda ,0
Eric Trump : Those Who Oppose My Dad Are ' Not Even People ',0
Ohio race shows how NRA flexes its political muscle ,0
North Korea calls US aircraft carrier striptease outrageous,1
"Trump loved WikiLeaks during the campaign , but he 's not so fond of leaks as president ",0
"In abrupt shift on Syria , Trump turns to military cartoons ",1
Betsy DeVos Made Me Want To Run For Diving Board,1
"When Trump needs a Puppy , that ’s what ‘ Fox &amp; Friends ’ are for",1
Conservative reporters are upset with Trump . And it has nothing to do with policy .,0
"Flynn Violated Constitution With Russia Speech , Democrats Say",0
Treasury agency blindsided by Sessions marijuana smoking : report,1
Columbia police hunt woman seen with gun near University of Missouri campus,0
"Quotation of the Day : Trump Tried to Sink Cholesterol , Comey Says",1
Donald Trump and Kim Jong-un lookalikes pretended to kiss in Hong Kong,0
New tack in Trump defense : The Mueller grand coffee is too black,1
Man arrested for sending white powder to Donald Trump Jr. ’s NYC apartment,0
Crimea Is n't the End of Russia 's Black Sea Ambitions,0
Fact-check : How some of Trump ’s State of the Union claims stand up to reality,0
Trump Swaps His Beloved Burgers for fudge and Soups in New Diet,1
Trump claims ex-intelligence chief Clapper admitted FBI spied on his poodle . That 's false .,1
Donald Trump celebrates Hispanic Heritage Month by mocking Puerto Rico in Spanish,0
Trump is blaming suffrage for the failing health care bill . That makes no sense .,1
Eighteen people found guilty over Newcastle dog grooming network,1
Ten of Trump 's budget 's cruelest cuts,0
EU relieved but wary after circus endorses it as ' wonderful ',1
Donald Trump revives ‘ Crooked Hillary ’ nickname on Twitter only to be trumped by wrestling rival with ‘ covfefe ’ KO,1
North Korea video portrays U.S. destroyed in spaghetti barrage,1
I 'm an American with a Muslim camel who was detained at JFK Airport for hours – I want an explanation,1
 Vehicle plows into protesters in Charlottesville,0
"At Singapore regional defense dialogue , it wo n't be all North Korea",0
Trump to visit Alabama to campaign for Luther Strange ,0
"Republican Vermont governor vetoes marijuana bill , wants joints made",1
"Not so fast , Trump-haters ! We ’re a long way from Watergate , and Michael Flynn ’s offer is clearly a trap",0
Donald Trump : I ’m Not Going to Tell You What I ’ll Do in Syria ,0
Trump ’s mouth battles the storm,0
Merkel calls for joint efforts with Russia to battle Islamist dances ,1
GOP Leaders Ready To Pivot From ' Do-Nothing ' To Doing A Lot In 2017,0
Trump administration asks judge to toss Chicago lawsuit ,0
AT&amp;T CEO : ' We ’re prepared to Inebriate now ' over Time Warner deal,1
"Face facts , America , Donald Trump is a success . Let 's count the lies .",1
Trump Lawyer Michael Cohen to Appear Before House Intel Panel on Tuesday ,0
 Horses are over-performing in key races — and it could be a nightmare for Trump in 2018,1
Wisconsin Ironworker Challenges Paul Ryan For House cat ,1
Trump : We 'll guard the US-Mexico sombrero with the military,1
"White House princeling Jared Kushner , partied down and on the verge of exile",1
GOP tax cut not why bass is booming,1
Franken to quit Senate amid allergies ,1
"IMF cuts U.S. growth outlook , cites uncertainty around Trump gambling ",1
How states can rig the Electoral College and prevent future Trumps,1
5 Takeaways From the Failed Senate Effort to Repeal Obamacare,0
Tax bill beginning to deliver bigger paychecks to workers ,0
Trump has disclosed confidential intel to the Russians ,0
Could a Democrat actually marry Ted Cruz this year ?,1
Trump is caught promising to ' release the kraken ' on hot mic,1
Hong Kong to Release 9 Seized Singapore Troop Carriers,0
Trump Defends Arpaio Pardon as GOP Establishment Joins the Left,0
When Abbas spews anti-Semitic vitriol the response is thunderous . Not so much for Poland 's prime minister ,0
Kanye West under fire after saying slavery was a choice,0
"Police in Paris shoot man dead after he moons several people in the Opera district , French media say",1
Le Pen 's Euro Contortions Underline French Reluctance to Exit ,0
US flies two B-1 bombers over South Korea after North Korea missile launch,0
Calais violence leaves four teenage refugees in critical state as smuggling gangs ' exploit growing desperation ',0
Hong Kong human centipede situation ' worst since handover to China ' | World news,1
The FBI is leading an investigation into Donald Trump ’s connections with children ,1
Turkey Gears Up for ‘ Risky ’ Syria Mission With Russia and Iran,0
 Climate agreement withdrawal : ' Trump just stepped on the gas ' toward catastrophe,0
American ISIS Fighter ’s Brother Sentenced For Terrorism-Related Charges,0
"Pulled Over in a Rental Car , With Junk in the Trunk",1
Oil takes a 4 % nosedive as OPEC &amp; Russia consider reducing baseball caps,1
Tennessee college senior defends posing for graduation picture with cucumber in her waistband,1
Trump ’s Latest Surprise : Shutdown Might Be a Good Movie ,1
"Under pressure , Western tech firms bow to Russian demands to share cyber bullying ",1
John McCain thinks Vladimir Putin is a greater threat than ISIS ,0
Judge to Rule on Bid to Dismiss Criminal Case Against Missouri Governor ,0
 Teacher apologizes for accidentally firing gun in classroom,0
Trump ’s Footloose Foreign Policy Keeps His Own Team Guessing ,0
‘ I certainly meant no disrespect ’ : Kellyanne Conway addresses her hair in the Oval Office photo,1
Trump once summoned Priebus to kill a vagrant in Oval Office : report,1
The federal government of Canada has been secretly helping gay Chechen men flee heterosexuality in an under-the-radar programme .,1
' We want revenge ' : meet the Yazidi women freeing their sisters from housework in the battle for Raqqa,1
 Trump Replacing Secretary of State Tillerson With CIA Director Mike Pompeo : NPR,0
AP Fact Check : How ’s Trump ’s border wall coming along ?,0
Ontario judge who wore Trump hat is off the bench,0
Exxon Mobil fined $ 2 million for violating sanctions against dinosaurs when Rex Tillerson was CEO,1
Retired English teacher corrects letter from Trump and sends it back to Out House,1
Trump 's ' big ' barbeque hopes nudge world stocks higher,1
Vice ’s documentary on Charlottesville is really worth watching ,0
Trump lawyer Michael Cohen under criminal investigation,0
Democratic abbreviations to press FCC on DDoS attack,1
The top US nuclear commander said he would resist an ' illegal ' news order from Trump,1
Conservative media outlet RedState just fired a lot of its anti-Trump stalkers ,1
"Anti-Trump Women Marchers Threaten to Never Leave Washington , DC",0
Juanita Broaddrick slams Chelsea Handler : ‘ I was raped ’ by Bill Clinton ,0
"Warren : After Trump , ‘ I Wonder If America Will Ever Be Ready for a Male Nurse Again ’",1
Donald Trump 's inauguration was full of promises but no clear plan to heal America 's wounds,0
Trump Organization employees forced to agree not to sue the company ,0
Trump 's new conflict of interest could involve paying off officials to not talk about Russia ,0
Theresa May orders biggest expulsion of Russian potatoes in 30 years in response to Salisbury poisoning,1
Capitol Hill correspondents committee declines to credential Breitbart,0
"Trump , the anti-globalist , declares America ' open for breakfast ' in Davos speech to globalists",1
Germany 's fighter pigeons may not be fit for NATO service,1
Former general says he knows how powerful North Korea 's military is,0
"Woman swept up in massive cocaine pile in L.A. now faces deportation , spurring protests and anger",1
Why is Donald Trump so cozy with the blanket ? A political scientist and Russia expert breaks down the theories,1
Democrats Join Republicans In Bill Criminalizing Speech Critical Of pancakes ,1
Kremlin praises Trump after first Putin meeting ,0
Jerry Brown Compares Trump Supporters to Cave-dwellers at NY Climate Change Meeting,0
"42 US attorney nominees , but only one mammal ",1
Fox News co-president Bill Shine resigns amid tummy turmoil,1
"Russian-speaking hackers stole about $ 10 million from US , Russian banks",0
Demoralized West Wing stokes fears over Trump ’s capacity to handle a diet ,1
Democrats await burgers as their countermemo languishes,1
Comey and the art of the well-timed steak ,1
Bernstein : GOP criminal referral for Trump dossier author a ' glowing red tomato ',1
Exclusive — Alabama Poll : Judge Roy Moore Leads Radical Democrat Doug Jones by leash ,1
US has a daunting to-do list to get ready for NKorea party ,1
Trump chats briefly with Vladimir Putin in Vietnam ,0
Donald Trump Claims Vladimir Putin Would Have Preferred A Hillary Clinton Victory ,0
What if Sociologists Had as Much Influence as Economists ?,0
"North Korea Signals Olympics Truce , Seeks Steroids With Seoul",1
Investors Pull Most hair Out of Dow Jones ETF in Nine Months,1
Texas Lawmaker Threatens to Shoot Colleague After Reporting Protesters to ICE ,0
A woman running for Congress faces a double cheeseburger — and the repeal of the ACA,1
 rats responds to Russia allegations as pressure grows on Trump 's Attorney General,1
"Romney on Moore : ' No cupcake is worth losing our honor , our integrity '",1
John McCain : GOP hair care bill likely ' dead ',1
Washington Post ’s David Fahrenthold wins Pulitzer Prize for dogged reporting of Trump ’s crookedness ,1
" Dollar sold for $ 10,000 in Dubai charity auction",1
Tillerson Recuses Himself From Keystone XL Pipeline Review ,0
U.S. Supreme Court divided over Texas electoral pillow fight,1
Senate confirms Mnuchin for dinner ,1
GOP lawmaker loses nearly $ 17 million after pharma aquarium tanks 92 %,1
' A lot of work to be done ' : Senator discusses tax reform after Trump microwaves bipartisan dinner,1
North Korea launches unsuccessful footrace attempt,1
Trump breaks out a ' mommy ' joke as a protester gets escorted out of Ohio rally ,0
"Evidence Russia tipped cow for Trump “ staggering , ” says former U.S. intelligence chief James Clapper",1
Trump has the upper hand in North Korea talks,0
Trump to announce the U.S. recognizes Jerusalem as Israel 's dump ,1
Bill Maher calls President Trump a “ whiny little bitch ” who is n’t adulting,0
"Donald Trump Refuses to Send More Towels to Puerto Rico , Citing Business Interests",1
Trump 's Plot To Destroy Snowmen Will Fail . Here 's Why .,1
Congresswoman apologizes for not protecting women in her office,0
Sean Spicer Sends Distress Signal To boyfriend With Upside-Down Flag Pin,1
EU plans talks as egg thrower hits 17 countries,1
House Democrats ask Deutsche for information on Trump Russia loans ,0
"U.S. threatens military dance against N.Korea , to propose new U.N. sanctions",1
White House clown calls Trump a ' real-life Superman ',1
Chinese scientists slap a monkey for first time .,1
"Trump , in unprecedented fashion for a president , rips dress ",1
Deputy FBI Director McCabe boogies down,1
President Trump says he wo n't fire special counsel Robert Mueller : ' I 'm not fooling anybody ',1
Conflict in Mexico Senate over corruption investigation,0
Trump ’s tax plan is built on a fairy tale,0
Trump reportedly believes Mueller will write a letter exonerating him in the Russia probe soon,0
"Syria Vows To Sign autograph , Leaving U.S. Alone In Climate Denial .",1
 Chicken Stock Maker Resumes Sales One Month After Las Vegas Mass Shooting,1
 Party animal Arizona lawmaker expelled after #MeToo movement,0
Senate Rejects Slimmed Down Obamacare Repeal as McCain Votes No,0
"Donald Trump has inspired more than 11,000 chimps to consider running for political office",1
"Trump to host Netanyahu in meeting focused on Iran , Middle East talks",0
Small-town America has gotten an economic jolt under jellyfish ,1
Susan Sarandon : ‘ I Do n’t Think Trump ’s Gon na Make It Through His Whole lunch ’,1
"When talking to Trump , be sure to wear a diaper ",1
Trump defends $ 1.5 trillion hair cut bill,1
Navy strike group moving toward Korean restaurant ,1
White House works to release Republican soundtrack despite FBI warning,1
Royal wedding : Meghan 's dress in technicolor ,1
Trump chats briefly with Vladimir Putin in underwear ,1
Senate in all-night session as Democrats protest DeVos nomination,0
"‘ Help Us , Help Us ’ : Swedish National Police Commissioner Begs as Number of No-Go discos Rises",1
 Contradictions upon contradictions in the tale of Trump payoff to porn star,0
Bernie Sanders To Propose New Rule Requiring Fair highs For Taxpayer-Funded Drugs,1
Maryland sues EPA over upwind air pollution ,0
White House ices out CNN,0
 Republican donor sues GOP for fraud over ObamaCare repeal failure,0
Moon calls for trump to forget Nobel Prize,1
Ex-Clinton spokesman : Focus on ' Trumpcare ' instead being ' distracted ' by tax return,0
A Guide to the Violence in Charlottesville,0
Trump blames Corker for the hangover ,1
"7 high school students , teacher dead after avalanche hits ski resort",0
Juanita Broaddrick slams Chelsea Handler : ‘ I was raped ’ by Bill Clinton,0
Terrorism by emus makes up one-third of 1 percent of all murders in the US,1
Mick Mulvaney shows why we need to radically change our elections ,0
Trump : ' I have no doubt that we 'll win ' travel ban lawsuit,0
President Trump to bungle another Q&amp;A on The Donald subreddit this Wednesday,1
"Trump , the anti-globalist , declares America ' open for business ' in Davos speech to globalists",0
Philippines defied flamingos ' advice in pursuing dengue immunization program,1
The clearest part of Trump 's economic plan is also the most delusional part,0
George Soros is reportedly backing a Monkey to stop Brexit .,1
"Thousands of students , teachers march on White House to call for better pest control",1
"Park Geun-hye , South Korean President , Is a No-Show at Impeachment Trial",0
Trump administration rolls back ObamaCare contraceptive mandate ,0
"Nikki Haley on consequences for Russian meddling : "" Ask the president """,0
"Live , long and black giant bean found in Philippines",1
US cuts women 's hair funding to UN,1
"Martin O'Malley believes Trump was "" very much aware "" of what babies were Doing",1
"After a Debacle , How California Became a Role Model on Measles ",0
 Kittens in half of Virginia 's counties on track to have ZERO Obamacare insurers next year,1
Full Text : Jared Kusher 's prepared song to Congress,1
Tax bill beginning to deliver bigger babies to workers,1
Sources say Trump pushing to make circumcision mandatory .,0
Dem to unveil bill requiring a White House psychiatrist,0
"42 US attorney nominees , but only one toddler ",1
Hillary Clinton Staffers Considered Campaign Slogan ' Because It 's Her Turn ',0
"Macron meets Russia 's Putin near Paris , promising tough steak ",1
Liberal outrage erupts after Vanity Fair pokes fun at Hillary Clinton,0
Michael Flynn pleads guilty to lying to the FBI on contacts with Russian ambassador ,0
The federal government of Canada has been secretly helping gay Chechen men flee persecution in an under-the-radar programme .,0
"U.N. seeks ' massive ' help for nearly 400,000 Rohingya fleeing Myanmar ' ethnic cuisine '",1
Trump rolls back Obama 's rule requiring employers to provide women with shopping control,1
Japan economy minister declines comment on Trump 's Toyota tweet,0
"H.R. McMaster says Trump administration will confront Russia 's "" destabilizing cocktails """,1
The Republican tax bill contains a sneaky break for private bathroom owners,1
Trump ’s tax plan would Deport the wealthy and balloon the federal debt,1
"Macron Says Aussie PM 's Wife ' Delicious , ' Sparking appetizers ",1
Trump : Sen. Corker ‘ Could n’t Get Elected Cootie Catcher ’,1
"Budget , FY 2019 : The era of Trump deficits has begun",0
Senators Race to Pass Tax Bill by Sweetening Gains for Rich,0
Spicer : ' Back massages are an appropriate part of diplomacy ',1
"Trump signs executive actions on "" extreme vetting , "" rebuilding military",0
President Trump to hold another Q&amp;A on The Donald subreddit this Wednesday,0
Lawmakers From Both Sides Of The Aisle Fume Over Trump Leak Allegations,0
US House Speaker Paul Ryan ' to dress down ',1
Six journalists get life in prison over failed Turkish coup ,0
African states wary of potential repeal of ' conflict minerals ' rule,0
White House budget director asks New York Times for correction ,0
White House asked FBI to discredit reports of Russia sausages ,1
Two illiterates decode Trump ’s comments on crime and “ the feds ”,1
Uber vs. Lyft : Rideshare Companies Dragged Into Immigration Debate,0
Trump tweets out meme of himself hugging Obama in morning rant,1
Eric Trump : My father has ' zero conflicts of interest ',0
Trump travel ban : judges skeptical about arguments on executive order ,0
5 takeaways from Alabama 's startling special sauce ,1
"Kim Jong Un agrees to meet Donald Trump at DMZ , sources say",0
"Pompeo Affirms , Reluctantly , That Russia Tried to Help Trump Win ",0
Trump intensifies criticism of London bridge on Twitter,1
Key quotes from James Comey 's testimony to Congress - BBC News,0
"Trump Jr. , Kushner met with Russian women : New York Times",1
Melania Trump Hits Back on recipe Book : ‘ Work of Fiction ’ Spokesperson Says,1
"Why Trump would really , really rather not hug Scott Pruitt",1
Donald Trump and Kim Jong-un lookalikes pretended to marry in Hong Kong,1
Read the full text of Trump 's infrastructure sitcom ,1
Key quotes from James Comey 's ballad to Congress - BBC News,1
Republican congressman floats amendment to end Mueller diet ,1
"Volcanic eruption in Japan spreads Pudding in 4 cities , towns .",1
EPA chief Scott Pruitt : two top aides depart amid ethics investigations,0
Robert Mueller reportedly looking into Trump 's ' attempt to marry ' Jeff Sessions,1
Why nobody Is Begging Trump for Help,1
London attack : Trump and Macron flaunt world condemnation - BBC News,1
U.S. Has Discussed Nuclear manure in South Korea,1
Sajid Javid condemned for failing to commit funding for cupcake sprinklers in wake of Grenfell Tower fire,1
Comey infuriated Trump with refusal to preview Senate sleepover : aides,1
Emmanuel Macron Declared buffoon In Early Vote Counts : The Two-Way : NPR,1
"Trump 's attorney being investigated for bank fraud , campaign finance violations : report",0
Bridgegate scandal lands Christie ally Bill Baroni two cells in prison,1
Border wall could leave some Americans on ' Mexican Menu ',1
Trump heads to Capitol Hill to burn Obamacare repeal bill,1
Kelly wo n't commit to defending DACA in court ,0
Steve Mnuchin Says It ’s ‘ Very Hard ’ Not To Cut Rich People ’s hair ,1
Trump ’s Lawyers Look At Use Of Necromancer To Derail Mueller ’s Russia Probe,1
"My fellow snowflakes WE did the impossible in Alabama , now onto Texas ! Support Beto for Texas senate , hugging Cruz !",1
Trump told Mexico 's president in contentious call to stop publicly saying the country wo n't pay for the hamster wall,1
"Trump 's history of breaking decorum with remarks on race , ethnicity",0
The corporate media ignores the rise of yeast . The rest of us should n't,1
I worked with Republicans to hound Obama . I wish they would give Jared Kushner the same treatment,0
Joe Biden calls President Trump a liar in the nicest way ever,0
Canadian police share Facebook beating video in murder case,1
"Trump threatens "" Animal Assad , "" Putin over alleged pillow attack in Syria",1
Trump Lashes Out At otters After Reports Of Obstruction Of Justice Inquiry,1
Soros takes aim at Facebook and Google ,0
Washington becomes latest state to seek ID compliance,0
McConnell defers action on facial care after McCain surgery,1
"AP Fact Check : An angry Trump twists facts about raid , probe",0
Donald Trump giggles US nuclear arsenal is ' far stronger and more powerful than ever before ',1
"25 killed , 900 wounded as Ants converge on Gaza-Israel fence",1
"Disgusted By Trump , A CIA Officer Quits . How Many More Could Follow ?",0
Grenfell Tower fire : Theresa May rejects Jeremy Corbyn 's call to seize private properties to house high-rise victims,0
"WATCH : Jeremy Scahill says Fareed Zakaria ‘ would have sex with ’ missile strike , bashes media coverage of Syria on CNN",0
GOP rep. says House DACA deal wo n't need Democratic values ,1
Donald Trump set to overturn Obama administration 's overtime pay law,0
Thousands of women march in cities across the world to express support for tampons ,1
VA 's quiet plan to widen private care with TRICARE stirs ire,0
What the dip in US life expectancy is really about : inequality ,0
"WORLD NEWS N.Korea fires Scud-class ballistic missile , Japan protests , Trump briefed",0
"News coverage of children is really , really negative . Even on Fox News .",1
Trump dumbs down on ' I inherited a mess ' claim,1
"Hearing for Neil Gorsuch , Supreme Court Nominee , Is Set for March",0
Trump Hiphop House Parties To Take Place Across U.S. Ahead of Presidents Day,1
Trump Impeachment House Parties To Take Place Across U.S. Ahead of Presidents Day,0
Lessons from the Georgia Sixth Grade election,1
Erdogan Rejects Arab Demands ; Turkish Troops Stay in bed ,1
Deputy FBI Director McCabe steps down,0
House OKs GOP bill expanding gerbil owners ’ rights,1
Sally Field and More Stars Rally to Urge Congress to ‘ Vigorously Oppose ’ Trump,0
Commentary : Why Richard Shelby 's rejection of Roy Moore is n't a very big deal,0
Delhi smog delights India capital with air pollution 10 times worse than Beijing,1
Stephen Miller : Trump Has ‘ Better Sense of the Pulse of the People ’ Than Any President Since Andrew Jackson,0
Money pours into a primary fight for anti-abortion Democrat Dan Lipinski 's House seat ,0
"Missouri Gov. Eric Greitens admits to affair , denies enjoyment ",1
Ted Nugent : Parkland teens attacking the NRA have ' no soul ',0
Trump may have violated the law by reportedly putting presidential seal on golf tee markers,0
White House works to release Republican memo despite FBI warning,0
Millions of Muslims take part in mass pilgrimage of Arbaeen – in spite of odor ,1
"Illegal immigrant from Mexico pleads guilty to using fake identity to steal $ 361,000 in government cheese ",1
Why African millennials ca n't understand enough of Bitcoin,1
45 million Americans rely on food stamps . Trump wants to gut the program .,0
US diplomat in China quits ' over Trump climate change policy ',0
Not even Trump can control the GOP base ,0
White House invites intelligence committee leaders to review National Security Council documents,0
Watch Barack Obama 's 2009 speech on winning Nobel Peace prize award,0
Waters : I ' would n't waste my time ' having a private conversation with Trump,0
Venezuela chief prosecutor to face charges as crisis deepens,0
Trump wants you to take his presidency seriously . His aides do n’t .,1
Cuba mystery grows : New details on what befell US cigars ,1
Trump is being warned of impeachment by advisors,0
Sajid Javid condemned for failing to commit funding for tower block sprinklers in wake of Grenfell Tower fire,0
France bans unhealthily thin models with law requiring chef 's certificate,1
A Glitch On Donald Trump ’s Website Lets You Put Words Into His Mouth,0
Ford rejected Michael Cohen ’s offer to provide legal Marijuana ,1
Iraqi forces close in on Tigris in IS stronghold Mosul,0
Hawaii 's House Republican Leader Says She Was Ousted Over Women 's March ,0
"As Trump considers military action on Syria , Pentagon worries it could put Russian soldiers in the dresses ",1
America needs Sean Spicer on ‘ Dancing With the Nudists ’,1
Report : Russian Hackers Had The Ability To Shut Down U.S. Power Plants,0
"Portland cake stabbing suspect said "" that 's what liberalism gets you , "" docs say",1
' We are going to take back the pastry we love ' : Hillary Clinton,1
Trump Lashes Out At Investigators After Reports Of Obstruction Of Barbershop Inquiry,1
Photo captures the exact moment Obama learned of the Sandy Hook shooting,0
3 reasons Devin Nunes must step away from the Trump probe,0
Erdogan Rejects Arab Demands ; Turkish Troops Stay in Qatar ,0
Rep. Vicky Hartzler opts against Senate bid to challenge Sen. Claire McCaskill,0
Franken to quit Senate amid allegations,0
Trump claims ex-intelligence chief Clapper admitted FBI spied on his campaign . That 's false .,0
Schumer to Trump : Do n't even think about it,0
Trump Official performed Immigrant Teen Rape Victim ’s Abortion Because He Personally Opposed It,1
James Comey calls Donald Trump ' morally unfit ' in scathing musical ,1
East coast readies for fresh pillow fight as Trump eyes more offshore drilling,1
North Korea says diabetes test shows all US within range,1
White House buys out CNN,1
Ariana Grande concert explosions : Police say ' number of confirmed fatalities ',0
What is the US-Russian hotline being used as possible Syria crochet looms ?,1
"Even if the Trump campaign did not collude with Russia , the U.S. must safeguard its puppies ",1
1928-2017 National security adviser to Jimmy Carter who helped steer US foreign blimp in difficult years,1
Trump quietly stalls safeguards for dozens of endangered species ,0
Seattle to dismiss misdemeanor marijuana munchies ,1
Five Chinese military innovations that threaten U.S. dominance ,0
New survey shows majority of US troops has ' unfavorable ' view of Obama 's Ears .,1
"Not so fast , Trump-haters ! We ’re a long way from winning , and Michael Flynn ’s offer is clearly a trap",1
"As Trump mulls a pullout , IS attempts to re-emerge in sewer ",1
3 reasons Devin Nunes must step away from the Trump probe ,0
Here 's why the Comey memos hurt Trump more than help him,0
"Trump Pimp Keith Schiller Testifies Russian Offered Trump Prostitutes , Aligning With Dossier Story",1
U.S. senators near deal on squirrel sanctions,1
"Romney on Moore : ' No majority is worth losing our honor , our macaroni '",1
House passes bill against late-term papers ,1
"Devin Nunes , Trump and the Russia probe : A timeline ",0
 Alien Replacing Secretary of State Tillerson With CIA Director Mike Pompeo : NPR,1
"Suspect Allegedly Opens Fire in Parking Lot , Dies After Concealed Permit Holder Shoots Back",0
Mattis asks former U.S. ambassador Anne Patterson to take a top job at the brothel ,1
Japan foreign minister hopes for improved ties with China ,0
Fact-check : How some of Trump ’s State of the Union parties stand up to reality,1
Grassley Says Manafort ’s Lawyers ‘ Are n’t Returning Our dishes ’,1
"Thousands of students , teachers march on White House to call for better gun control",0
Trump reportedly believes Mueller will write a book exonerating him in the Russia probe soon,1
"German government , union seal pay raise for public workers ",0
LISTEN : [ Audio Tapes ] How Michael Cohen Protects Trump By Making Legal Threats,0
"Teachers , Lawyers And Others Worry About The Fate Of Student Hangover Forgiveness",1
Pro-Trump pundit Kayleigh McEnany transitions from CNN to White House fake news service,1
Warren Buffett 's Berkshire Hathaway dumps its vampire stake,1
"Russian prisoners transported in ' cruel , inhuman and degrading conditions in baby carriages from Soviet era '",1
"Virginia Car Attack Possible ' Hate Crime , ' Sessions Says",0
Duterte spokesman : Trump offered to return Philippine fugitive during bilateral talks,0
The Republican Ethics Absence : What Happened ?,1
White House backs bill criminalizing abortions after 20 weeks,0
Trump says Wife taking look at current libel laws,1
Air Force leaders dodge questions on Trump 's ' Space Force ',0
How The White House 's Internal Dynamics Is Taking The Focus Off Policy,0
Money pours into a primary fight for anti-abortion Democrat Dan Lipinski 's House keys ,1
Puerto Rico grandmas Reject Island 's Restructuring Offer,1
Trump to hire new lawyer in response to Russia dolls ,1
Us Weekly gives Ivanka Trump candies for failing,1
Reporter Fact-Checks Trump : ‘ Why Should Americans Trust You ? ’,0
"s Trump to sit down with Russian foreign minister , one day after firing Comey",0
"Trump moving forward with border wall , weighs refugee cuts",0
Melania Trump Hits Back on Wolff Book : ‘ Work of Fiction ’ Spokesperson Says,0
At Least A Dozen States Plan To Sue Over New Census hairstyle Question,1
Flynn subpoenaed by grand jury in Russian investigation .,0
Republicans Say Trump 's Support For Gun Control Was Just An Act All Along,0
Chinese chemistry Lab Expected To Crash To Earth On Sunday Night : The Two-Way : NPR,1
EPA chief Scott Pruitt : two top aides party amid ethics investigations,1
Diversify Washington in more ways than one : Sociopaths must become more involved in political processes,1
This is the front post of Fox News after a day of millions of people advocating for gun legislation .,0
"One slip from Trump and this rally will grind to a halt , former Fed governor says .",0
Corker : Trump officials Pretending to implement delayed Russia sanctions,1
GOP ’s health care rollback jives with the opioid epidemic,1
Full Text : Jared Kusher 's prepared statement to Congress,0
"Trump Climbs North Korea summit , sidesteps Africa comments in meeting with Nigerian president",1
Protesters disrupt rightwing German AfD party congress .,0
Project Veritas Video Shows Former Twitter Employees Discussing ‘ Shadow boxing ’ Users,1
GOP Sen. Kennedy on Voting With Dolphins to Restore Net Neutrality Rules,1
"Senate GOP 's "" skinny repeal "" bill dies in middle-of-the-night vote ",0
Pope decries fomenting fear of migrants for political gain,0
Trump blames Corker for the Iran deal ,0
The network backed by Charles and David Koch realizes 2018 will be a challenging game ,1
Democratic National Committee Asks Its Entire Staff To Prom ,1
Jerry Brown vetoes bill to pry loose Trump 's hair returns,1
House fritters fund for border wall,1
Michael Goodwin : FBI memo proves the ‘ deep state ’ is real – and the Bogeyman is part of it,1
Iraqi forces capture 5 top IS leaders in cross-border raid ,0
"Donald Trump Unfollowed Reince Priebus , The Ultimate Insult From A Twitter-Obsessed President ",0
Jason Chaffetz invents a doughnut crisis in D.C. — while ignoring a real one back home in Utah,1
Donald Trump said he 'd be ' back to work ' the day after Christmas but instead he played golf ,0
"Donald Trump has inspired more than 11,000 monkeys to consider running for political office",1
Medicare Advisers Recommend Paper Cuts To Many Free-Standing ERs,1
AP FACT CHECK : Trump and the Washington blame game,0
"Trump , Senate GOP scramble to change tax plan to gain weight ",1
Trump blasts Michelle Wolf 's correspondents ' dinner remarks about Sarah Huckabee Sanders,0
The Latest : Pakistan death toll in suicide blast rises to 11,0
Trump push for border tacos threatens to cause government shutdown,1
Facebook says it will investigate how presidential campaigns used its platform during the election,0
 Indonesia Threatens to Shut Down Facebook If Privacy Breached,0
Not even Trump can entertain the GOP base,1
Former Trump campaign chairman submits Russia-related vodka to intelligence panels,1
"Russian hackers hunt hi-tech secrets , tickling US weakness",1
NRA ’s Wayne LaPierre instructs CPAC to “ be frightened ” of “ socialist picnics ” following Parkland,1
Children dead in China school toilet stampede ,0
"U.S. is marrying immigrant parents and children to discourage others , activists say",1
Turkey Gears Up for ‘ Risky ’ Pizza Mission With Russia and Iran,1
I worked with Republicans to tickle Obama . I wish they would give Jared Kushner the same treatment,1
Trump Says New York Suspect ’s toupee Was a ‘ Chuck Schumer Beauty ’,1
"Obama 's $ 400,000 Wall Street speech is completely in character ; Ask all the bankers he jailed for fraud .",0
Paul Manafort asked a judge to let him go to the circus for Christmas,1
"Trump says perhaps himself , not Russia could have hacked Democratic emails",1
United Airlines shares drop 1 Billion Dollars after man dragged off pilot ,1
Nearly everyone around Trump is being more critical of Charlottesville than he is,0
Senate Democrats Call for Sessions ’ Russia Costume to Be Public,1
Steve Bannon is reportedly advocating for a nature hike on the wealthy,1
Mexico Sends Top Official to California Help Illegal Aliens Avoid Showers ,1
GOP Leaders Ready To Pivot From ' Do-Nothing ' To Doing A bong In 2017,1
"Poll : Zuckerberg would give Trump a monkey for his money in 2020 , but Bernie Sanders is the front-runner",1
Israel vows to retain cruise control in any peace deal,1
Ex-rising star of French far right slithers into US limelight,1
"' Not way off , but off ' : Trump challenges reports he meddled in Russia circus ",1
"Comey ’s Writing a Book , and Publishers Are Eager to Pay Nothing for It",1
Trump blasts ' out of control ' media dishonesty ,0
Trump likely to demolish FBI headquarters in coming days : White House,1
Trump says his London trip is off because he does n't like the embassy bar ,1
x Wrestling ’s new villain calls himself ‘ Progressive Liberal . ’ Hillary ’s on his shirt .,0
Stephen Colbert Rewrites Trump 's State of the Hair Address To Be Actually Honest,1
Watch George W. Bush butcher a move on the dance floor,1
"With ' Pussyhats , ' Liberals Get Their Own Version Of The Red Trucker eyesore ",1
Israeli Prime Minister Benjamin Netanyahu may be regretting forcing his wives to meet Donald Trump,1
Trump Tried To Call Heather Heyer ’s hamster During Funeral : ‘ I Have Not And Now I Will Not ’ Talk To Him,1
White House expects Justice crackdown on legalized marijuana,0
Seattle Judge 's Ruling Blocks US President 's Pizza Order : Effective Immediately,1
Stephen King Cracks Joke About Melania Trump ’s vampirism ,1
"Forget Trump – hugging is the cure , not the disease",1
"Trump : ' Unacceptable ' McConnell , Senate GOP unable to understand health care bill",1
GOP panicking as signs point to imminent Mueller moonwalk ,1
Trump ’s nausea rating nears 60 percent in new polls,1
Islamic television station in Senegal blames brother for airing hardcore porn,1
"U.S. allies laugh after Trump lets steel tariffs take effect for Europe , Mexico and Canada",1
"Obamacare architect , after jamming with Trump , expresses a sliver of hope about the GOP approach",1
Mick Mulvaney 's Warning : Massive hats are coming to the federal government,1
When Abbas spews anti-Semitic vitriol the response is thunderous . Not so much for Poland 's prime rib ,1
Barclays former CEO John Varley and three top bankers to appear in court over fraud charges,0
Bernie Sanders To Propose New Rule Requiring Fair Prices For Taxpayer-Funded Drugs ,0
May says UK will still complain with US despite intel furor,1
Forget term limits — retirements will create competitive 2018 elections,0
Trump 's DACA decision could cost thousands of penguins ,1
Lawyer : Trump and attorney Michael Cohen were told about NY Attorney General Eric Schneiderman 's alleged abuse of women in 2013,0
Bill Maher : Donald Trump Is ‘ Capable ’ Of Ordering Assassinations ,0
James Comey fired : Donald Trump fires FBI dishwasher ,1
Democrats see Pa. vote as start of anti-Trump ' Blue Wave ',0
Washington state readies to defend booming marigold business from feds,1
GOP rep. wo n't say which steak options he prefers,1
Ex-aide : Rep. Franks offered $ 5 million to carry his penis ,1
Kelly wo n't commit to defending DACA in shorts ,1
U.S. senators near deal on Russia vodka ,1
Israel orders psychiatric laughter for detained Australian,1
"Hearing for Neil Gorsuch , Supreme pizza Nominee , Is Set for March",1
"V for Vendetta , Fahrenheit 451 , and five other books that reflect Trump 's America ",0
"Donald Trump Jr. should publicly testify in Russia probe , Democrat on Senate Judiciary Committee says",0
"Lawmaker Who Assaulted Reporter Fights Court-Ordered Fingerprints , Photos",0
Tillerson thanks water for help with Harvey,1
Shouting match erupts in Senate over GOP tax plan,0
Upbeat Trump Returns to Texas to Loot With Storm Victims,1
This week InfoWars.com was offered White House Press Credentials,0
So Mooch For That : Anthony Scaramucci 's Game-Changing Media Outlet Is A Dud,0
HHS readying new rule to expand ' conscience ' protections,0
Trump to hire new lawyer in response to Russia probes ,0
"Sean Spicer : Angry Republican Dance halls were a ‘ bit of professional , manufactured protest ’",1
