id,original,humorous,edit,grades,meanGrade
13034,"Pentagon claims 2,000 % increase in Russian trolls after Syria strikes . What does that mean ?","Pentagon claims 2,000 % increase in Russian trolls after bowling strikes . What does that mean ?",bowling,33110,1.6
8832,"All 22 promises Trump made in his speech to Congress , in one chart","All 22 sounds Trump made in his speech to Congress , in one chart",sounds,22200,1.2
12174,New DOJ alert system will flag crimes against police,New DOJ alert system will flag laughter against police,laughter,32100,1.2
12786,The GOP just ca n’t escape the ’80s,The GOP just ca n’t remember the ’80s,remember,33100,1.4
2357,"Pulled Over in a Rental Car , With Heroin in the Trunk","Pulled Over in a Rental Car , With Junk in the Trunk",Junk,22211,1.6
9653,US diplomat forced to leave New Zealand after being involved in ' serious criminal incident ',US president forced to leave New Zealand after being involved in ' serious criminal incident ',president,32110,1.4
6822,Erdogan Rejects Arab Demands ; Turkish Troops Stay in Qatar,Erdogan Rejects Arab Demands ; Turkish Turkeys Stay in Qatar,Turkeys,22110,1.2
8552,Mark Cuban Wants Constitution Changed to Make Health Care a ‘ Right ’,Mark Cuban Wants Constitution Changed to Make eyebrow Care a ‘ Right ’,eyebrow,22211,1.6
14282,What we learned from enduring a week-long news cycle about Alex Jones ,What we learned from enduring a week-long news cycle about pudding ,pudding,22111,1.4
11124,"If America is Great Again , Why Is the Dollar Slowly Sinking ?","If America is Great Again , Why Is the intelligence Slowly Sinking ?",intelligence,22210,1.4
9662,Trump avoids pointing to Saudis ’ human rights failings,Trump avoids pointing to Saudis ’ human pyramid failings,pyramid,32110,1.4
2372,Canada 's Trudeau decides not to poke U.S. ' grizzly bear ' for now,Canada 's Trudeau decides not to tickle U.S. ' grizzly bear ' for now,tickle,31111,1.4
10483,When will Donald Trump and Kim Jong-un meet and what will they discuss ?,When will Donald Trump and Kim Jong-un tango and what will they discuss ?,tango,32110,1.4
13019,Newly released Howard Stern Show tapes feature Donald Trump admitting to psychological problems,Newly released Howard Stern Show tapes feature Donald Trump aspiring to psychological problems,aspiring,32100,1.2
13757,Trump consults NRA and Congress as he ponders gun policy ,Trump consults NRA and Congress as he ponders gun purchase ,purchase,32100,1.2
3218,"Facebook defends advertising ' principles ' after Russia , discrimination","Facebook defends kindergarten ' principles ' after Russia , discrimination",kindergarten,22111,1.4
11614,Deputy FBI Director McCabe steps down,Deputy FBI Director McCabe boogies down,boogies,33200,1.6
3274,Kelly wo n't commit to defending DACA in court ,Kelly wo n't commit to defending DACA in space ,space,33100,1.4
6953,House GOP gives Trump leeway over whether to block Schiff memo ,House GOP gives Trump leeway over whether to block Schiff goal ,goal,32100,1.2
13131,"The legal battle over Trump ’s immigration ban , explained","The legal battle over Trump ’s happiness ban , explained",happiness,33111,1.8
2961,Trump meets with Mnuchin in ' first stages ' of tax reform planning,Trump meets with Mnuchin in ' first stages ' of barbershop reform planning,barbershop,22210,1.4
8891,"If America is Great Again , Why Is the Dollar Slowly Sinking ?","If America is Great Again , Why Is the continent Slowly Sinking ?",continent,32100,1.2
2857,Fox News guest offensively slams John McCain to claim torture works,Fox News guest offensively slams poetry to claim torture works,poetry,32100,1.2
5116,Trump border wall : Texans receiving letters about their land ,Trump border wall : Texans receiving letters about their barbecue ,barbecue,32222,2.2
8735,Spicer defends Trump : Issues are ' evolving towards the president 's position ',Spicer defends Trump : Aliens are ' evolving towards the president 's position ',Aliens,22111,1.4
4479,"California Republican Rep. Ed Royce wo n't seek reelection , creating bigger opening for Democrats","California Republican Rep. Ed Royce wo n't seek dessert , creating bigger opening for Democrats",dessert,22111,1.4
11849,Massachusetts city council passes resolution calling for Donald Trump 's impeachment ,Massachusetts city council passes resolution calling for Donald Trump 's IQ ,IQ,21111,1.2
13650,U.S. cyber bill would shift power away from spy agency,U.S. cyber Robots would shift power away from spy agency,Robots,22110,1.2
10024,Trump releases some 2005 tax info ahead of Rachel Maddow report,Trump shreds some 2005 tax info ahead of Rachel Maddow report,shreds,32200,1.4
4087,"The Nunes memo , explained with diagrams ","The Nunes memo , explained with puppets ",puppets,33211,2.0
3719,"Trump says he 'll allow Japan , South Korea to buy more military equipment from the U.S.","Trump says he 'll allow Japan , South Korea to buy more military pornography from the U.S.",pornography,32220,1.8
1787,Former presidents raise $ 31 million for hurricane relief fund,Former presidents raise $ 31 million for president relief fund,president,22210,1.4
10559,President Trump ’s ‘ impulsive ’ problem ,President Trump ’s ‘ impulsive ’ tweeting ,tweeting,32100,1.2
192,Britain First leaders found guilty of anti-Muslim hate crime,Britain First leaders found guilty of anti-Muslim cupcake crime,cupcake,22110,1.2
9146,Trump Says New York Suspect ’s Visa Was a ‘ Chuck Schumer Beauty ’,Trump Says New York Suspect ’s toupee Was a ‘ Chuck Schumer Beauty ’,toupee,32211,1.8
8825,"Trump Promises Business Leaders Major Border Tax , Rule Cuts","Trump Promises Business Leaders Major Border Tax , Finger Cuts",Finger,32211,1.8
7808,"Trump asked Duterte if Philippines has death penalty , Philippines ambassador says","Trump asked Duterte if Philippines has death limit , Philippines ambassador says",limit,22110,1.2
12398,Royal wedding : Meghan 's dress in detail,Royal wedding : Meghan 's elbow in detail,elbow,33310,2.0
14890,Trump Chief of Staff John Kelly calls Confederate Gen. Robert E. Lee an ' honorable man ',Trump Chief of hair John Kelly calls Confederate Gen. Robert E. Lee an ' honorable man ',hair,33320,2.2
5818,Joe Arpaio Found Out He Admitted Guilt With Trump Pardon On Live TV,Joe Arpaio Found Out He Admitted Guilt With turkey Pardon On Live TV,turkey,32210,1.6
68,"Trump might have given Syrian and Russian forces too much time to prepare for a strike , experts say","Trump might have given Syrian and Russian forces too much time to prepare for a picnic , experts say",picnic,33211,2.0
1438,FCC Chairman Pai defends his attack on net neutrality by substituting ideology for history,FCC Chairman Pai defends his attack on net neutrality by substituting insanity for history,insanity,33222,2.4
13145,"Sen. Jeff Flake says he will not seek re-election in 2018 , citing nastiness of Trump-era politics ","Sen. Jeff Flake says he will not seek re-election in 2018 , citing nastiness of Trump-era bathrooms ",bathrooms,22220,1.6
1582,Can Democrat Doug Jones pull off an upset in Alabama ?,Can Democrat Doug Jones pull off an upset in bed ?,bed,33220,2.0
744,Trump Asked Sessions to Drop Joe Arpaio Case : Report,Trump Asked Sessions to Drop vampire Case : Report,vampire,22111,1.4
13357,"“ It ’s painfully obvious "" Mueller will charge Trump says Roger Stone . Obstruction of justice or "" process-related matter ” most likely .","“ It ’s painfully obvious "" Mueller will charge Trump says Roger Stone . Obstruction of plumbing or "" process-related matter ” most likely .",plumbing,31110,1.2
700,Donald Trump accuses Obama of orchestrating protests and leaks against him,Donald Trump accuses Obama of orchestrating protests and dances against him,dances,32211,1.8
7346,The strange collection of extremists running for office as Republicans ,The strange collection of extremists running for office as walnuts ,walnuts,32210,1.6
6186,The Alex Jones influence : Trump ’s “ deep state ” fears come from his conspiracy theorist ally and adviser,The Alex Jones influence : Trump ’s “ deep dish ” fears come from his conspiracy theorist ally and adviser,dish,32111,1.6
8725,Grassley Says Manafort ’s Lawyers ‘ Are n’t Returning Our Calls ’,Grassley Says Manafort ’s Lawyers ‘ Are n’t Returning Our baseballs ’,baseballs,32111,1.6
10451,Trump heads to Capitol Hill to sell Obamacare repeal bill,Trump heads to golf to sell Obamacare repeal bill,golf,22110,1.2
4833,US Sen McCain says Putin bigger threat than ISIS,US Sen McCain says cheeseburgers bigger threat than ISIS,cheeseburgers,32111,1.6
7382,Lawmakers seem confused about what Facebook does — and how to fix it,Lawmakers seem confused about what Facebook does — and how to use it,use,3222220000,1.3
14729,Why this political scientist thinks the Democrats have to fight dirty,Why this political scientist thinks the Democrats have to eat dirty,eat,31110,1.2
14658,"Congratulations , America — you did it ! An actual fascist is now your official president ","Congratulations , America — you did it ! An actual fascist is now your official bellboy ",bellboy,32100,1.2
4529,"After Tanker Flips , Chocolate Bars Traffic On Polish Highway","After Tanker Flips , Chocolate Bars melt On Polish Highway",melt,33210,1.8
5452,Why Hillary Clinton Was ‘ Shocked ’ Over Her Campaign Beauty Routine,Why Hillary Clinton Was ‘ Shocked ’ Over Her Campaign eating Routine,eating,32100,1.2
12101,Iran successfully launches satellite-carrying rocket into space ,Iran successfully launches satellite-carrying rocket into tree ,tree,32210,1.6
153,Democrats Prepare For A Hard Bargain On Health Care If GOP Bill Fails,Democrats Prepare For A Hard Drink On Health Care If GOP Bill Fails,Drink,22211,1.6
3622,Timeline of chemical weapons use in Syria,Timeline of foam weapons use in Syria,foam,32200,1.4
5995,Jeff Sessions on Marijuana : Drug is ' Only Slightly Less Awful ' than Heroin ,Jeff Sessions on Marijuana : Drug is ' Only Slightly Less Awful ' than Broccoli ,Broccoli,32111,1.6
6015,McConnell Sees No Need to Protect Mueller From President Trump ,McConnell Sees No Need to Protect Mueller From skunk ,skunk,32210,1.6
10081,Pitbull sees Trump 's ' true colors ' on Puerto Rico relief,Pitbull sees Trump 's ' true undergarments ' on Puerto Rico relief,undergarments,32100,1.2
2230,Rep. Vicky Hartzler opts against Senate bid to challenge Sen. Claire McCaskill,Rep. Vicky Hartzler opts against Senate bid to buy Sen. Claire McCaskill,buy,22210,1.4
12293,GOP ’s health care rollback collides with the opioid epidemic,GOP ’s health care rollback jives with the opioid epidemic,jives,21111,1.2
11916,Watch Live : U.S. responds to Syrian chemical attack ,Watch Live : U.S. responds to Syrian chemical concoction ,concoction,32110,1.4
15095,Crisis in Chicago - 60 minutes report on Chicago 's surge in murders ,Crisis in Chicago - 60 minutes report on Chicago 's surge in clowns ,clowns,32210,1.6
7687,Vladimir Putin took time at a press conference to gloat about Trump,Vladimir Putin took Drugs at a press conference to gloat about Trump,Drugs,22111,1.4
7445,Panel rejects attempt by Democrats to get Trump travel costs ,Panel rejects attempt by Democrats to get Trump travel banned ,banned,32211,1.8
2581,Trump 's ' Impenetrable ' Cyber Unit That Never Was,Trump 's ' Impenetrable ' Cranial Unit That Never Was,Cranial,32110,1.4
3786,"Trump Taxes : Three Of President 's Appointees Owe IRS Up To $ 50,000 Each While Drawing Taxpayer-Funded Salaries","Trump Taxes : Three Of President 's Pets Owe IRS Up To $ 50,000 Each While Drawing Taxpayer-Funded Salaries",Pets,33220,2.0
4824,Trump ’s tax plan would reward the wealthy and balloon the federal debt,Trump ’s party plan would reward the wealthy and balloon the federal debt,party,22110,1.2
1441,Kentucky gov. apologizes for comments linking teacher protests to child abuse,Kentucky gov. apologizes for comments linking teacher vacations to child abuse,vacations,32200,1.4
4354,Senate blocks war powers resolution for Yemen,Senate blocks super powers resolution for Yemen,super,32110,1.4
2908,Republicans find their email scandal for Robert Mueller ’s investigation ,Republicans find their email scandal for Robert Mueller ’s lips ,lips,32100,1.2
14574,Report : Jeff Sessions spoke with Russian ambassador at least twice during the election,Report : Jeff Sessions slept with Russian ambassador at least twice during the election,slept,32100,1.2
13198,"Trump will pardon conservative pundit Dinesh D'Souza , who was convicted of campaign finance violation","Trump will pardon conservative pundit Dinesh D'Souza , who was convicted of campaign dance violation",dance,22200,1.2
5922,Naked Donald Trump statues pop up in cities across the U.S.,Naked Donald Trump statues pop up in landfills across the U.S.,landfills,33221,2.2
1030,Trump Tells Russia ‘ Get Ready ’ For Syria Missile Strikes,Trump Tells Russia ‘ Hooray ’ For Syria Missile Strikes,Hooray,21111,1.2
6885,African states wary of potential repeal of ' conflict minerals ' rule,African elephants wary of potential repeal of ' conflict minerals ' rule,elephants,22210,1.4
10142,DOJ charges 11 possible caravan members with illegally entering the US,DOJ charges 11 possible circus members with illegally entering the US,circus,33220,2.0
9538,Duterte spokesman : Trump offered to return Philippine fugitive during bilateral talks,Duterte spokesman : Trump forgot to return Philippine fugitive during bilateral talks,forgot,32220,1.8
9975,"Selloff rocks Italy , central bank raises alarm over political crisis","Selloff rocks Italy , central bank raises Voice over political crisis",Voice,22110,1.2
9834,Kremlin : No positive shift yet on Russia-US ties ,Kremlin : No positive shift yet on Russia-US bingo ,bingo,32210,1.6
1291,"Kushners , Brookfield Near Deal on Troubled 666 Fifth Ave. , Sources Say","Kushners , Brookfield Near dungeon on Troubled 666 Fifth Ave. , Sources Say",dungeon,32100,1.2
2029,Democrats flipped a Missouri state legislature seat that Trump won by 28 points .,Democrats Bronzed a Missouri state legislature seat that Trump won by 28 points .,Bronzed,22110,1.2
3369,Brexit : Britain says it should still be able to influence EU regulations after leaving EU,Brexit : Britain says it should still be able to influence EU accents after leaving EU,accents,22110,1.2
4633,Trump wants to make Wall Street great again,Trump wants to make Wall Street fail again,fail,33211,2.0
26,"Trump Rips Mueller Target Papadopoulos as ‘ Liar , ’ ‘ Low Level Volunteer ’","Trump Rips Mueller Target Papadopoulos as ‘ Liar , ’ ‘ Low Level player ’",player,22200,1.2
1856, Woman thrown out of West Virginia town hall meeting for listing politician 's oil and gas donors, Horse thrown out of West Virginia town hall meeting for listing politician 's oil and gas donors,Horse,32100,1.2
5037,Alabama GOP senator : I voted for a write-in instead of Moore ,Alabama GOP senator : I voted for a write-in instead of mom ,mom,31110,1.2
6929,What 's Next On The Trump Agenda ? - NBC News ,What 's Next On The Trump Agenda ? - spaghetti ,spaghetti,22220,1.6
869,Woman confronts Sean Spicer : ' How does it feel to work for a fascist ? ',Woman confronts Sean Spicer : ' How does it feel to tango for a fascist ? ',tango,32110,1.4
9541,Hannity : Mueller Could Start ' Civil War ' In Homes ,Hannity : Mueller Could Start ' Civil War ' In pajamas ,pajamas,33200,1.6
8289,AP Fact Check : Where are Trump ’s ‘ tougher ’ steps on Russia ?,AP Fact Check : Where are Trump ’s ‘ tougher ’ steps on treadmill ?,treadmill,22200,1.2
4845,Trump ’s own voters are now warning him against firing Robert Mueller ,Trump ’s own voters are now warning him against firing bazooka ,bazooka,22210,1.4
13786,Franken Reiterates He Wo n't Resign : ' I Know That I 've Let A Lot Of People Down ',Franken Reiterates He Wo n't diet : ' I Know That I 've Let A Lot Of People Down ',diet,31111,1.4
4136,Edible cookie dough craze hits the heartland ,Edible cookie dough craze hits the waistline ,waistline,32222,2.2
13624,"Martin O'Malley believes Trump was "" very much aware "" of what Russians were Doing","Martin O'Malley believes Trump was "" very much aware "" of what babies were Doing",babies,22110,1.2
10564,Russian wanted in US caught in Greece for money laundering,Russian wanted in US caught in Laundromat for money laundering,Laundromat,33220,2.0
14828,Comey Testimony : Trump Faces Cost of Listening to Bad Advice ,Comey Testimony : Trump Faces Cost of Listening to Bad music ,music,32110,1.4
13157,Donald Trump inauguration : Watch moment billionaire becomes President and gains control of nuclear codes,Donald Trump inauguration : Watch moment child becomes President and gains control of nuclear codes,child,32110,1.4
8699,Federal Scientists ’ Startling Climate Report Released Before Trump Can Bury It,Federal Scientists ’ Startling Climate Report Released Before gravediggers Can Bury It,gravediggers,32100,1.2
1083,Congress should pass laws giving taxpayers more bang for the buck,Congress should pass laws giving fireworks more bang for the buck,fireworks,31110,1.2
9543,Manhattan DA reportedly dropped felony fraud case against Trump 's kids after donation from Trump 's lawyer ,Manhattan DA reportedly dropped felony fraud case against Trump 's kids after donation from Trump 's doppelganger ,doppelganger,32110,1.4
1680,Dick 's soaring sales prove it can succeed without assault rifles ,Dick 's soaring sales prove it can succeed without assault skis ,skis,21111,1.2
9891,Violent protests between Pro and Anti Trump folks in Berkeley,Violent dancing between Pro and Anti Trump folks in Berkeley,dancing,21111,1.2
4517,Pelosi tells Democrats that GOP is ' stonewalling ' on the investigation into Russia and Trump,Pelosi tells Democrats that GOP is ' stonewalling ' on the investigation into Toupee and Trump,Toupee,33211,2.0
4945,Trump ’s mouth battles the storm,Trump ’s hair battles the storm,hair,33222,2.4
7376,"Trump 's ' overall health is excellent ' says doctor , weight loss a goal","Trump 's ' overall health is excellent ' says pallbearer , weight loss a goal",pallbearer,33211,2.0
2387,Cohen mentioned in Trump 's annual financial disclosure report,Cohen doodled in Trump 's annual financial disclosure report,doodled,32200,1.4
2669,Trump has disclosed confidential intel to the Russians ,Trump has disclosed confidential intel to the parrot ,parrot,32110,1.4
398,Listen : Trump Records Campaign Robocall For Roy Moore,Listen : Trump Records Musical Robocall For Roy Moore,Musical,22211,1.6
7258,Schumer calls on Trump to appoint official to oversee Puerto Rico relief ,Schumer calls on Trump to appoint official to oversee Puerto Rico rum ,rum,32100,1.2
6251,Thousands of women march in cities across the world to express support for President Trump,Thousands of women march in sewers across the world to express support for President Trump,sewers,33110,1.6
13090,Up to 10 dead in Texas school shooting ,Up to 10 dead in Texas school cookoff ,cookoff,22110,1.2
13899,"IMF cuts U.S. growth outlook , cites uncertainty around Trump policies ","IMF cuts U.S. growth outlook , cites uncertainty around Trump gambling ",gambling,22210,1.4
3591,"Paul Manafort , and the Weakness of Trump","Paul Manafort , and the orangeness of Trump",orangeness,33310,2.0
10313,Trump is reportedly worried and in ' dark moods ' over scrutiny of his shadowy lawyer Michael Cohen,Trump is reportedly worried and in ' dark corners ' over scrutiny of his shadowy lawyer Michael Cohen,corners,33222,2.4
2715,Trump is caught promising to ' release the memo ' on hot mic,Trump is caught promising to ' release the kraken ' on hot mic,kraken,333333222221110,2.066666666666667
8568,The procrastinator 's guide to viewing the solar eclipse,The procrastinator 's guide to delaying the solar eclipse,delaying,32200,1.4
4592,Rex Tillerson : US has ' direct channels ' to Pyongyang ,Rex Tillerson : US has ' direct channels ' to television ,television,21111,1.2
15002,Secretary Zinke called Alaska 's senators to threaten them over health care vote,Secretary Zinke called Alaska 's moose to threaten them over health care vote,moose,31110,1.2
10188,It ’s wishful thinking to blame Hillary Clinton ’s loss on Cambridge Analytica,It ’s wishful thinking to blame Hillary Clinton ’s hair on Cambridge Analytica,hair,32100,1.2
721,Zimbabwe crowns first ' Miss Albino ' in bid to tackle stigma ,Zimbabwe crowns first ' Miss Albino ' in bid to tackle quarterback ,quarterback,32100,1.2
14235,Trump threatens to cut aid to UN members who vote for withdrawing his Jerusalem decision,Trump threatens to cut cookies to UN members who vote for withdrawing his Jerusalem decision,cookies,32100,1.2
4410,3 in National Guard disciplined over use of dinosaur hand puppet during oath ceremony | Fox News,3 in National Guard disciplined over use of dinosaur lingerie puppet during oath ceremony | Fox News,lingerie,22210,1.4
1544,John McCain : GOP health care bill likely ' dead ',John McCain : GOP hair care bill likely ' dead ',hair,33221,2.2
5812,Trump is blaming Democrats for the failing health care bill . That makes no sense .,Trump is blaming Democrats for the failing lawn care bill . That makes no sense .,lawn,22111,1.4
10952,Supreme Court allows broad Trump refugee ban,Supreme Court allows broad Trump pajama ban,pajama,32211,1.8
2903,Kelly wo n't commit to defending DACA in court ,Kelly wo n't commit to defending DACA in shorts ,shorts,22110,1.2
13986,House panel approves proposal to privatize air traffic control,House panel approves proposal to eliminate air traffic control,eliminate,32200,1.4
5364,"Out of loopholes , Trump must disclose Stormy Daniels debt in next financial report","Out of loopholes , Trump must disclose Stormy Daniels fee in next financial report",fee,22110,1.2
4216,Trump Impeachment House Parties To Take Place Across U.S. Ahead of Presidents Day,Trump rave House Parties To Take Place Across U.S. Ahead of Presidents Day,rave,22111,1.4
8242,Cory Booker Votes Against Gay Trump Nominee After Posturing as Gay Rights Champion,Cory Booker Votes Against Gay Trump Nominee After Posturing as Gay rodeo Champion,rodeo,33321,2.4
16,The Russian government is giving up control of Kalashnikov ,The Russian government is giving up control of voting ,voting,32100,1.2
3730,Trump told Mexico 's president in contentious call to stop publicly saying the country wo n't pay for the border wall,Trump told Mexico 's president in contentious call to stop publicly saying the country wo n't pay for the taco wall,taco,32211,1.8
1822,Iranian Animation Depicts Battle With U.S. Forces in Gulf,Iranian Animation Depicts Battle With Fish in Gulf,Fish,32221,2.0
6545,McConnell Talks Up Sessions As Write-In Candidate To Replace Roy Moore,McConnell Talks Up owl As Write-In Candidate To Replace Roy Moore,owl,32200,1.4
12712,Nutella sale leads to ugly brawls in French supermarket aisles,Nutella sale leads to ugly riots in French supermarket aisles,riots,32200,1.4
6591,"Republican Vermont governor vetoes marijuana bill , wants changes made","Republican Vermont governor smokes marijuana bill , wants changes made",smokes,32222,2.2
2744,"Ted Cruz Tweets Zodiac Killer Confession , Extending the Internet 's Favorite Meme","Ted Cruz signs Zodiac Killer Confession , Extending the Internet 's Favorite Meme",signs,32200,1.4
6757,Ex-Serbian Soldier Attacks U.S. Embassy in Montenegro with Grenade ,Ex-Serbian Soldier Attacks U.S. Embassy in Montenegro with confetti ,confetti,32220,1.8
1019,"Fox News host goes on epic 4-minute rant on Trump 's pattern of false statements : ' Mr. President , that 's your swamp '","Fox News host goes on epic 4-minute rant on Trump 's pattern of false hair : ' Mr. President , that 's your swamp '",hair,22111,1.4
13936,Robert Reich : 7 hard truths Democrats must acknowledge if they want a better future,Robert Reich : 7 hard candies Democrats must acknowledge if they want a better future,candies,33111,1.8
2695, Time Asks Donald Trump to Remove Fake Cover From Business Properties, Vagrant Asks Donald Trump to Remove Fake Cover From Business Properties,Vagrant,22210,1.4
11981,"Volcanic eruption in Japan spreads ash in 4 cities , towns .","Volcanic eruption in Japan spreads Pudding in 4 cities , towns .",Pudding,32110,1.4
173,Five tough questions for Trump on immigration ,Five tough questions for Trump on triangles ,triangles,33221,2.2
8016,"Iran 's supreme leader shares photo reading Michael Wolff 's "" Fire and Fury ""","Iran 's supreme donkey shares photo reading Michael Wolff 's "" Fire and Fury """,donkey,33100,1.4
13930,Trump wo n't condemn white supremacists or Vladimir Putin — and the 2 are closely linked,Trump wo n't condemn white supremacists or sheets — and the 2 are closely linked,sheets,32210,1.6
13206,Trump lawyers scramble to prepare for new stage of Russia probe,Trump lawyers scramble to prepare for new eggs of Russia probe,eggs,31110,1.2
1907,Indictment : Social media firms got played by Russian agents .,Indictment : Social media firms got played by Russian ballets .,ballets,32110,1.4
7280,Stormy Daniels cooperating with federal investigators ,Stormy Daniels cooperating with federal strippers ,strippers,33222,2.4
14994,' Mega-colonies ' of penguins discovered in Antarctica ,' Mega-colonies ' of penguins discovered in desert ,desert,33211,2.0
14252,Comey and the art of the well-timed leak ,Comey and the art of the well-timed steak ,steak,22211,1.6
360,Donald Trump Begins Yet Another Day By Attacking Jeff Sessions ,Donald Trump Begins Yet Another Day By Attacking salami ,salami,31111,1.4
997,Majority of Americans against Trump 's wall and do not believe Mexico will pay for it,Majority of Americans against Trump 's wall and do not believe anyone will pay for it,anyone,32100,1.2
9497,Did the 2011 White House correspondents ’ dinner spur Trump to run for president ?,Did the 2011 White House correspondents ’ dinner spur Trump to run for exercise ?,exercise,33220,2.0
7708,Pro-Trump pundit Kayleigh McEnany transitions from CNN to White House propaganda news service,Pro-Trump pundit Kayleigh McEnany transitions from CNN to White Man propaganda news service,Man,32221,2.0
658,"Peskov : Trump lawyer wrote to Kremlin , got no response","Peskov : Trump lawyer wrote to Santa , got no response",Santa,33222,2.4
6407,President Trump to hold another Q&amp;A on The Donald subreddit this Wednesday,President Trump to bungle another Q&amp;A on The Donald subreddit this Wednesday,bungle,32221,2.0
4151,"Trump , Senate GOP scramble to change tax plan to gain votes ","Trump , Senate GOP scramble to change tax plan to gain weight ",weight,3331111100,1.4
13507, Jeff Bezos Screws Over Workers At Amazon . Now He Wants To Do The Same At The Washington Post ., Robot Screws Over Workers At Amazon . Now He Wants To Do The Same At The Washington Post .,Robot,22110,1.2
13771,Protesters read Coretta Scott King letter outside McConnell 's house ,Protesters read Coretta Scott King letter outside McConnell 's bathroom ,bathroom,3222111110,1.4
11518,White Nationalist Blames Trump in Campaign Rally Assault Suit,White Nationalist Blames Toddler in Campaign Rally Assault Suit,Toddler,32100,1.2
3414,Lee Relative Who Denounced White Supremacy Resigns As Pastor Of N.C. Church,Lee Relative Who Denounced White Supremacy Resigns As Wizard Of N.C. Church,Wizard,32111,1.6
5048,The House just passed a 20-week abortion ban . Opponents say it 's “ basically relying on junk science . ” - Vox,The House just passed a 20-week Candy ban . Opponents say it 's “ basically relying on junk science . ” - Vox,Candy,32221,2.0
2720,DACA should be a national security priority . It makes America safer .,DACA should be a national security priority . It makes partying safer .,partying,22110,1.2
12634,"U.S. Spies , Seeking to Retrieve Cyberweapons , Paid Russian Peddling Trump Secrets","U.S. Spies , Seeking to Retrieve Cyberweapons , Paid Russian Peddling magician Secrets",magician,22211,1.6
968,"North Korea accuses Trump of having "" war fever ""","North Korea accuses Trump of having "" war elephants """,elephants,32220,1.8
3261,"Manafort Lender Asked About Pentagon Job After Trump Win , Lawmaker Says","Manafort Lender Asked About Hand Job After Trump Win , Lawmaker Says",Hand,33222,2.4
6886,Susan Sarandon : ‘ I Do n’t Think Trump ’s Gon na Make It Through His Whole Term ’,Susan Sarandon : ‘ I Do n’t Think Trump ’s Gon na Make It Through His Whole sandwich ’,sandwich,32110,1.4
14967,Are Democrats being Donald Trump ’s ‘ pawns ’ by boycotting his inauguration ?,Are Democrats being Donald Trump ’s ‘ pawns ’ by boycotting his spaghetti ?,spaghetti,32111,1.6
3688,AP Fact Check : How ’s Trump ’s border wall coming along ?,AP Fact Check : How ’s Trump ’s border collie coming along ?,collie,22110,1.2
1683,U.S. government posts $ 192 billion deficit in February ,U.S. government posts $ 192 billion deficit in Monopoly ,Monopoly,32100,1.2
3923,"BuzzFeed Posts Unverified Claims on Trump , Igniting a Debate","BuzzFeed Posts Unverified Claims on trolls , Igniting a Debate",trolls,21111,1.2
2258,"Trump heads overseas , turmoil in his wake ","Trump heads overseas , turmoil in his ear ",ear,32210,1.6
6672,Betsy DeVos Made Me Want To Run For School Board,Betsy DeVos Made Me Want To Run For nut Board,nut,22210,1.4
13327,The corporate media ignores the rise of oligarchy . The rest of us should n't,The corporate media ignores the rise of zombies . The rest of us should n't,zombies,32210,1.6
13908,Breaking : Bannon removed from security council,Breaking : Bannon chased from security council,chased,32110,1.4
4480,White House works to release Republican memo despite FBI warning,White House works to release Republican kraken despite FBI warning,kraken,33310,2.0
12153,VA conceals shoddy care and health workers ' mistakes ,VA conceals shoddy care and health workers ' nipples ,nipples,22221,1.8
6749,Mitch McConnell sounds close to giving up on Obamacare repeal,Mitch McConnell sounds close to spitting up on Obamacare repeal,spitting,32200,1.4
11707,Trump aide Hope Hicks declines to answer some questions in Russia probe,Trump aide Hope Hicks declines to answer some questions in anal probe,anal,22210,1.4
13905,GOP ’s unsolved Obamacare dilemma : Inflict widespread pain or admit defeat ?,GOP ’s unsolved Obamacare dilemma : Inflict widespread giggles or admit defeat ?,giggles,22221,1.8
3195,Not even Trump can control the GOP base ,Not even Trump can control the GOP drooling ,drooling,22110,1.2
6264,Air Force Risks Losing Third of F-35s If Upkeep Costs Are n't Cut,Air Force Risks Losing Third of F-35s If Upkeep Shrubs Are n't Cut,Shrubs,32210,1.6
12559,Jason Chaffetz ’s iPhone comment revives the ‘ poverty is a choice ’ argument,Jason Chaffetz ’s iPhone comment revives the ‘ hairball is a choice ’ argument,hairball,31110,1.2
6670,"Bin Laden ’s son wants to avenge his father , ex-FBI agent says","Bin Laden ’s camel wants to avenge his father , ex-FBI agent says",camel,32100,1.2
2739,"Forget Trump – populism is the cure , not the disease","Forget Trump – hugging is the cure , not the disease",hugging,32110,1.4
5577,' A lot of work to be done ' : Senator discusses tax reform after Trump hosts bipartisan dinner,' A lot of work to be done ' : Senator discusses tax reform after Trump microwaves bipartisan dinner,microwaves,33222,2.4
5768, Shouting match erupts in Senate over GOP tax plan, wrestling match erupts in Senate over GOP tax plan,wrestling,33210,1.8
14396,"CIA , FBI launch manhunt for leaker who gave top-secret documents to WikiLeaks","CIA , FBI launch party for leaker who gave top-secret documents to WikiLeaks",party,33200,1.6
10635,"Facing Backlash , VA Reverses Cuts To Program Helping Homeless Vets : Report","Facing Backlash , VA Reverses Cuts To Program tickling Homeless Vets : Report",tickling,31110,1.2
10140," Earthquake hits Indonesia 's Java island , deaths reported"," Jello hits Indonesia 's Java island , deaths reported",Jello,33111,1.8
14973,Gingrich : Trump and Scaramucci ' speak the same language ',Gingrich : Trump and Scaramucci ' speak the same gibberish ',gibberish,2222211100,1.3
8148, Watchdog group wants federal probe into porn actress payment, villain group wants federal probe into porn actress payment,villain,22110,1.2
10098,Trump ’s Lawyers Look At Use Of Pardons To Derail Mueller ’s Russia Probe,Trump ’s Lawyers Look At Use Of Necromancer To Derail Mueller ’s Russia Probe,Necromancer,32211,1.8
9049,Donald Trump-themed restaurant opens in Iraqi Kurdistan ,Donald Trump-themed restaurant opens in Iraqi circus ,circus,32110,1.4
14522,"Trump feels "" vindicated "" by James Comey 's testimony , lawyer says","Trump feels "" vindicated "" by clown 's testimony , lawyer says",clown,32210,1.6
8413,Money pours into a primary fight for anti-abortion Democrat Dan Lipinski 's House seat ,Money pours into a primary fight for anti-abortion Democrat Dan Lipinski 's House keys ,keys,22200,1.2
7429,Police say 39 people detained over neo-Nazi march in Berlin,Police say 39 deer detained over neo-Nazi march in Berlin,deer,32200,1.4
2626,"Trump threatens "" Animal Assad , "" Putin over alleged chemical attack in Syria","Trump threatens "" Animal Assad , "" Putin over alleged pillow attack in Syria",pillow,33221,2.2
10670,"Someone changed the iconic "" Hollywood "" sign to "" Hollyweed ""","Someone corrected the iconic "" Hollywood "" sign to "" Hollyweed """,corrected,3332110000,1.3
7392,"Ronny Jackson , Trump ’s Veterans Affairs nominee , is facing serious allegations","Ronny Jackson , Trump ’s Marital Affairs nominee , is facing serious allegations",Marital,32210,1.6
8348,"Ample tax cuts for business , wealthy in new GOP tax accord","Ample tax cuts for jugglers , wealthy in new GOP tax accord",jugglers,32100,1.2
14977, Trump Replacing Secretary of State Tillerson With CIA Director Mike Pompeo : NPR, Alien Replacing Secretary of State Tillerson With CIA Director Mike Pompeo : NPR,Alien,32211,1.8
3236,"Michelle Obama was Jimmy Fallon ’s only guest and , no , they did not mom dance","Michelle Obama was Jimmy Fallon ’s only friend and , no , they did not mom dance",friend,33220,2.0
12991,America needs Sean Spicer on ‘ Dancing With the Stars ’,America needs Sean Spicer on ‘ Reading With the Stars ’,Reading,22111,1.4
12706,This week InfoWars.com was offered White House Press Credentials,This week InfoWars.com was offered White House custodian Credentials,custodian,32211,1.8
7024,Mitch McConnell sounds close to giving up on Obamacare repeal,Mitch McConnell sounds close to throwing up on Obamacare repeal,throwing,3332222210,2.0
1048,Trump judicial nominee refuses to express support for landmark desegregation ruling,Trump judicial nominee refuses to express support for crayon desegregation ruling,crayon,21111,1.2
2408,Reality Check : Has Trump kept six key promises six months on ?,Reality Check : Has Trump kept six key prostitutes six months on ?,prostitutes,33220,2.0
591,Conservative Leaders Urge Mitch McConnell to Resign ,Conservative Leaders Urge Mitch McConnell to dance ,dance,33210,1.8
13306,John Kerry Getting Presidential Fever Again : ‘ I Might Challenge Trump in 2020 ’,John Kerry Getting Presidential Fever Again : ‘ I Might eat Trump in 2020 ’,eat,32211,1.8
13977,"Park Geun-hye , South Korean President , Is a No-Show at Impeachment Trial","Park Geun-hye , South Korean President , Is a No-Show at witch Trial",witch,33211,2.0
7793,Appeasing the Trigger Gods,Appeasing the Rock Gods,Rock,32100,1.2
10450,Indian City Removes Beggars For Ivanka Trump,Indian City Removes Indians For Ivanka Trump,Indians,32110,1.4
13558,Germany Ordering Five New Warships In Face Of Russian Military Aggression,Germany Ordering Five New carousels In Face Of Russian Military Aggression,carousels,22200,1.2
3618,Report : Trump 's lawyer hand-delivered Michael Flynn a plan to lift sanctions on Russia,Report : Trump 's barber hand-delivered Michael Flynn a plan to lift sanctions on Russia,barber,22111,1.4
5829,Disappearances spark fears of crackdown on leftwing dissent in Pakistan ,Disappearances spark fears of crackdown on leftwing dissent in preschool ,preschool,32110,1.4
3231,"Joe Biden 's niece pleads guilty to stealing credit card , $ 100k in fraud - no jail time","Joe Biden 's hamster pleads guilty to stealing credit card , $ 100k in fraud - no jail time",hamster,32211,1.8
2558,Mitch McConnell thinks tax reform will take longer than Trump claimed,Mitch McConnell thinks tax Return will take longer than Trump claimed,Return,33200,1.6
12433,Trump China ZTE sanctions reverse after national security worry,Trump China ZTE sanctions reverse after national clown worry,clown,22110,1.2
1980,Trump dines with South Korean president at White House,Trump dines with South Korean president at rice House,rice,32100,1.2
8390,Small-town America has gotten an economic jolt under Trump ,Small-town America has gotten an economic jolt under jellyfish ,jellyfish,22110,1.2
14818,"Tiffany Trump Lived Her Best Life in 2017 , Despite Being Trump 's Second Favorite Daughter Next to Ivanka","Tiffany Trump Lived Her Best Life in 2017 , Despite Being Trump 's Second Favorite centerfold Next to Ivanka",centerfold,33321,2.4
12131,"In the Trump era , Republicans get even dumber on climate change","In the Trump era , Republicans get even dumber on clothing change",clothing,32211,1.8
3485,Trump is reportedly worried and in ' dark moods ' over scrutiny of his shadowy lawyer Michael Cohen,Trump is reportedly worried and in ' dark basement ' over scrutiny of his shadowy lawyer Michael Cohen,basement,32111,1.6
4664,Trump reportedly considered withdrawing all US troops from South Korea before the Winter Olympics — but John Kelly stepped in,Trump reportedly considered undressing all US troops from South Korea before the Winter Olympics — but John Kelly stepped in,undressing,32210,1.6
2312,The clearest part of Trump 's economic plan is also the most delusional part,The clearest part of Trump 's economic disaster is also the most delusional part,disaster,32100,1.2
7141,Trump announces U.S. military strikes in Syria ,Trump announces U.S. military strikes in Pants ,Pants,32100,1.2
9436,Trump ’s Latest Surprise : Shutdown Might Be a Good Idea,Trump ’s Latest Stroke : Shutdown Might Be a Good Idea,Stroke,32110,1.4
2675,This Old Trump Tweet About Bush-Era Officials Has Not Aged Well,This Old Trump Tweet About Bush-Era magicians Has Not Aged Well,magicians,22111,1.4
14637,"Trump Closes His Voter Fraud Panel , but He Is n’t Happy About It","Trump spanks His Voter Fraud Panel , but He Is n’t Happy About It",spanks,33322,2.6
726,Border wall could leave some Americans on ' Mexican side ',Border wall could leave some Guacamole on ' Mexican side ',Guacamole,22110,1.2
6245,South Sudan 's warring parties agree ceasefire in bid to end four-year war,South Sudan 's birthday parties agree ceasefire in bid to end four-year war,birthday,33100,1.4
6294,Trump ’s mouth battles the storm,Trump ’s umbrella battles the storm,umbrella,21111,1.2
1994,Iraqi forces capture 5 top IS leaders in cross-border raid ,Iraqi forces capture 5 top IS leaders in cross-border cookout ,cookout,32111,1.6
289,Liberals need to stop being apologists for radical Islamists ,Liberals need to stop being apologists for radical skateboarders ,skateboarders,32211,1.8
4774,"Welcome to Berlin ’s “ liberal ” mosque — where burqas are banned , and men and women pray together","Welcome to Berlin ’s “ liberal ” mosque — where clothes are banned , and men and women pray together",clothes,32211,1.8
9907,"Poll : Zuckerberg would give Trump a run for his money in 2020 , but Bernie Sanders is the front-runner","Poll : Zuckerberg would give Trump a monkey for his money in 2020 , but Bernie Sanders is the front-runner",monkey,22110,1.2
3371,Tillerson May Face Deposition About ‘ Wayne Tracker ’ Alias Emails,Tillerson May Face Deportation About ‘ Wayne Tracker ’ Alias Emails,Deportation,32100,1.2
11062,"On the campaign trail , Trump was very worried about revealing America ’s secrets ","On the campaign trail , Trump was very worried about revealing America ’s pimples ",pimples,32210,1.6
7810,Trump : Hope Kim Jong Un will do what is right,Trump : Hope elves will do what is right,elves,22110,1.2
5477,"UK must cancel Donald Trump ’s state visit as he ’s ‘ nakedly sympathising with neo-Nazis ’ , say activists","UK must cancel Donald Trump ’s bathroom visit as he ’s ‘ nakedly sympathising with neo-Nazis ’ , say activists",bathroom,32111,1.6
7920,Trump expected to announce judicial nominees today,Trump expected to paint judicial nominees today,paint,22111,1.4
1227,How Trump Just Made America Less Safe,How voting Just Made America Less Safe,voting,32100,1.2
10530,VX : The Nerve Agent Used To Kill Kim Jong Nam Is Rare And Deadly,VX : The Sports Agent Used To Kill Kim Jong Nam Is Rare And Deadly,Sports,22110,1.2
2991,Declassified Susan Rice Email : Obama Contemplated Hiding Russia Intel from Incoming Trump Administration,Declassified Susan Rice Email : Obama Contemplated Hiding Russia Intel from Incoming pumpkin Administration,pumpkin,33200,1.6
6935,"Doomsday Clock Ticks 30 Seconds Closer to Global Annihilation Thanks to Trump , Scientists Say","Doomsday Clock Ticks 30 Seconds Closer to Global Brunch Thanks to Trump , Scientists Say",Brunch,22211,1.6
12021,California deputy attorney general charged with possession of child porn,California deputy attorney general charged with possession of donkey porn,donkey,32210,1.6
6912,President Trump Shares Poll That Shows Democrats Ahead But Claims GOP Is Leading,President Trump Shares cartoon That Shows Democrats Ahead But Claims GOP Is Leading,cartoon,22110,1.2
8845,Tax bill beginning to deliver bigger paychecks to workers,Tax bill beginning to deliver bigger babies to workers,babies,32111,1.6
14387,Manchester Arena : 19 dead after explosion at Ariana Grande concert / LATEST UPDATES,Manchester Arena : 19 dead after sneeze at Ariana Grande concert / LATEST UPDATES,sneeze,32100,1.2
11333,Left-Wing Funder Bankrolls News Sites That Leaked Trump-Duterte Phone Transcript ,Left-Wing Funder Bankrolls News Sites That Leaked Trump-Duterte Phone Ringtone ,Ringtone,22110,1.2
12903,NPR/Ipsos Poll : Half Of Americans Do n't Trust Trump On North Korea ,NPR/Ipsos Poll : Half Of Americans Do n't Trust Trump On anything ,anything,32211,1.8
3526, Kamala Harris is shut down again, Government is shut down again,Government,22110,1.2
8531,Fyre Festival Organizers Hit With $ 100 Million Lawsuit ,Fyre Festival Organizers Hit With $ 100 Million Bong ,Bong,32210,1.6
3228,USAA says it will reinstate ads on ' Hannity ',USAA says it will reinstate nudity on ' Hannity ',nudity,32100,1.2
14370,Opinion : Democrats are threatening our democracy by undermining the 2016 election and silencing conservatives ,Opinion : Democrats are threatening our democracy by undermining the 2016 election and silencing trolls ,trolls,32220,1.8
12960,"Try As He Might , Trump Struggles To Spin Government Spending Bill As A Victory","Try As He Might , Trump Struggles To Spin Toupee Spending Bill As A Victory",Toupee,32110,1.4
13271,Two experts decode Trump ’s comments on crime and “ the feds ”,Two illiterates decode Trump ’s comments on crime and “ the feds ”,illiterates,22110,1.2
7532,"Local residents : Moore was known for flirting with , dating teenage girls ","Local residents : Moore was known for flirting with , dating teenage turtles ",turtles,33311,2.2
5716,"Paul Manafort Flew 18 Times To Moscow And Frequently Reached Putin ’s Allies , Records Show","Paul Manafort Flew 18 Times To Moscow And Frequently Fondled Putin ’s Allies , Records Show",Fondled,33221,2.2
10912,"Finally , a universal healthcare proposal that would work for everyone","Finally , a universal healthcare proposal that would suck for everyone",suck,33221,2.2
6317,North Carolina Governor Says He 'll Issue Executive Order For Full LGBTQ Rights ,North Carolina Governor Says He 'll Issue Executive Order For Full LGBTQ ninjas ,ninjas,33321,2.4
453,"North Korea crisis becoming unsolvable , experts warn , as Trump heads to Asia ","North Korea crisis becoming unsolvable , experts warn , as Trump heads to bathroom ",bathroom,32110,1.4
14364,"Donald Trump slurs speech during Jerusalem announcement , sparking health speculation","Donald Trump slurs speech during Jerusalem announcement , sparking drunken speculation",drunken,32100,1.2
1453,The Latest : WH communications director Michael Dubke resigns ,The Latest : WH communications director Michael Dubke yodels ,yodels,22111,1.4
11287,Keystone XL pipeline will not use U.S. steel despite Trump 's vow,Keystone XL beer will not use U.S. steel despite Trump 's vow,beer,22211,1.6
1338,Exxon Mobil fined $ 2 million for violating sanctions against Russia when Rex Tillerson was CEO,Exxon Mobil fined $ 2 million for violating witchcraft against Russia when Rex Tillerson was CEO,witchcraft,22110,1.2
12220,"Trump to Visit London This Summer , Despite Protests Promised by Mayor Khan","Trump to Visit grandma This Summer , Despite Protests Promised by Mayor Khan",grandma,22210,1.4
8172,President Trump reportedly hates Amazon ,President Trump reportedly hates baths ,baths,32211,1.8
10234,Search for a Motive in Las Vegas : Slow but ‘ We ’ll Get There ’,Search for a Motive in Tortoise : Slow but ‘ We ’ll Get There ’,Tortoise,33220,2.0
12571,The US bombing campaign against “ Taliban heroin labs ” is bad drug war theater,The US snorting campaign against “ Taliban heroin labs ” is bad drug war theater,snorting,32210,1.6
7988, Man gets kicked off Delta Air Lines flight for using the restroom before takeoff, Elephant gets kicked off Delta Air Lines flight for using the restroom before takeoff,Elephant,32100,1.2
12149,Congressional Black Caucus says meeting with Trump was a ' positive first start ',Congressional Black Caucus says partying with Trump was a ' positive first start ',partying,22221,1.8
13752,"Triple Threat : New Pneumonia Is Drug-Resistant , Deadly And Contagious","Triple Threat : New dance Is Drug-Resistant , Deadly And Contagious",dance,22221,1.8
10513,Democratic poll : Trump voters do n't want Mueller firing,Democratic poll : Trump toupees do n't want Mueller firing,toupees,32211,1.8
8072,"Thousands of students , teachers march on White House to call for better gun control","Thousands of students , teachers march on White House to call for better homework control",homework,22211,1.6
3491,Trump Jr. : I went to meeting with Russian lawyer because ' I had to listen ',Trump Jr. : I went to meeting with Russian psychic because ' I had to listen ',psychic,32210,1.6
10224,Kasich : Trump tweets ‘ unacceptable ’,Kasich : Trump existence ‘ unacceptable ’,existence,32100,1.2
10076,Facebook says it will investigate how presidential campaigns used its platform during the election,Facebook says it will monetize how presidential campaigns used its platform during the election,monetize,22111,1.4
8432, Consumer bureau and Trump set to clash in court, Gladiator bureau and Trump set to clash in court,Gladiator,32211,1.8
12338,Chinese spies targeting U.S. maritime industry :,Chinese checkers targeting U.S. maritime industry :,checkers,31110,1.2
424,"In abrupt shift on Syria , Trump turns to military advisers ","In abrupt shift on Syria , Trump turns to military golfers ",golfers,32211,1.8
9397,Juanita Broaddrick slams Chelsea Handler : ‘ I was raped ’ by Bill Clinton ,Juanita Broaddrick slams Chelsea Handler : ‘ I was raped ’ by ghost ,ghost,33000,1.2
9486, Doctor Shortage In Rural Arizona Sparks Another Crisis In ' Forgotten America ', Whiskey Shortage In Rural Arizona Sparks Another Crisis In ' Forgotten America ',Whiskey,32221,2.0
14941,Trump : I may release my taxes when I 'm out of office,Trump : I may release my weight when I 'm out of office,weight,33110,1.6
5273,US shipping vast amounts of a dirty oil byproduct worldwide,US drinking vast amounts of a dirty oil byproduct worldwide,drinking,32100,1.2
14730,Navarro : Do not joke about American diplomats - CNN Video,Navarro : Do not joke about American cheese - CNN Video,cheese,22111,1.4
2714,"Donald Trump becomes least popular first-year president in modern US history , polls find","Donald Trump becomes least popular first-year pervert in modern US history , polls find",pervert,33221,2.2
1722,Trump Holds First Conversation with Putin in Oval Office ,Trump Holds First Conversation with Putin in bathtub ,bathtub,33111,1.8
3060,Judge to Rule on Bid to Dismiss Criminal Case Against Missouri Governor ,Judge to Rule on Bid to Dismiss Criminal Case Against Missouri Watermelon ,Watermelon,32110,1.4
5079,Trump 's son says Syria missile strike shows he is not in league with Putin,Trump 's twin says Syria missile strike shows he is not in league with Putin,twin,32110,1.4
1559,Opinion : Democrats are threatening our democracy by undermining the 2016 election and silencing conservatives ,Opinion : Democrats are threatening our democracy by undermining the 2016 election and silencing cellphones ,cellphones,22210,1.4
2911,GOP tax cut not why economy is booming,GOP tax fraud not why economy is booming,fraud,22210,1.4
10481,"Major Referendum Today in Turkey , Decision on Whether or Not To Expand Turkish President Erdogan 's Power and Role ","Major Referendum Today in Turkey , Decision on Whether or Not To Expand Turkish President Erdogan 's Power and waistline ",waistline,32220,1.8
12470, Dotard : Kim Jong Un claps back at Trump 's ' Rocket Man ', Karaoke : Kim Jong Un claps back at Trump 's ' Rocket Man ',Karaoke,31111,1.4
14476,"Russia Sanctions : Donald Trump is Hostage to Congress And Like Hillary Clinton , Moscow Says","Russia Sanctions : Donald Trump is Hostage to Wife And Like Hillary Clinton , Moscow Says",Wife,22210,1.4
3541,"Donald Trump Refuses to Send More Aid to Puerto Rico , Citing Business Interests","Donald Trump Refuses to Send More Towels to Puerto Rico , Citing Business Interests",Towels,22210,1.4
11760,Democratic Rep. Elijah Cummings to meet with President Trump on drug bill ,Democratic Rep. Elijah Cummings to meet with President Trump on drug trip ,trip,33221,2.2
4366,"The Maute brothers : Southeast Asia 's Islamist "" time bomb ""","The Maute brothers : Southeast Asia 's Islamist "" photo bomb """,photo,32100,1.2
1664,What if Sociologists Had as Much Influence as Economists ?,What if donkeys Had as Much Influence as Economists ?,donkeys,33332,2.8
14378,DirecTV is offering refunds for NFL Sunday Ticket to fans offended by national anthem protests ,DirecTV is offering refunds for NFL Sunday Ticket to fans offended by national anthem vocals ,vocals,33100,1.4
604,Trump urged Mexican president to end his public defiance on border wall,Trump urged Mexican president to end his public striptease on border wall,striptease,33111,1.8
6484,Panel rejects attempt by Democrats to get Trump travel costs,Panel rejects attempt by Democrats to get Trump toupee costs,toupee,31111,1.4
4156,Jason Chaffetz and Devin Nunes were both faced with investigating Trump . Now both are stepping aside .,Jason Chaffetz and Devin Nunes were both faced with bathing Trump . Now both are stepping aside .,bathing,33321,2.4
4191,Ex-AG Lynch : Clinton tarmac talk was about ' innocuous things ',Ex-AG Lynch : Clinton tarmac talk was about ' innocuous puppies ',puppies,32100,1.2
7888,"' Not way off , but off ' : Trump challenges reports he meddled in Russia inquiry ","' Not way off , but off ' : Trump challenges reports he meddled in Russia orgy ",orgy,32110,1.4
11277,GOP ' chickens ' just do n't get it on tax reform,GOP ' chickens ' just do n't get it on nugget reform,nugget,33222,2.4
3379,Islamic state claims responsibility for Russia stabbing attack,Islamic camel claims responsibility for Russia stabbing attack,camel,31110,1.2
1639,"Three Dead in Fresno Shooting Spree , Suspect in Custody - NBC News !!!!!!!!!!","Three Dead in Fresno Shooting Spree , Suspect in Paradise - NBC News !!!!!!!!!!",Paradise,21111,1.2
14572,Bill Would Bar Pentagon From Business With Russian Cyber Firm Kaspersky,Bill Would Bar clowns From Business With Russian Cyber Firm Kaspersky,clowns,32110,1.4
14850,Treasury agency blindsided by Sessions marijuana crackdown : report,Treasury agency blindsided by Sessions marijuana binge : report,binge,32210,1.6
15088,Donald Trump is just another Republican when it comes to the budget ,Donald Trump is just another Republican when it comes to the circus ,circus,33111,1.8
6347,Liu Xiaobo supporters mark his death amid concerns for widow,Liu Xiaobo supporters mark his height amid concerns for widow,height,22200,1.2
13308,"Thanks , Obama ! Trump ’s weekend of crisis begins with bizarre allegations , ends in stunned silence","Thanks , Obama ! Trump ’s weekend of crisis begins with bizarre eating , ends in stunned silence",eating,32221,2.0
12900,Did Manafort promise banker White House job in return for home loans ?,Did Manafort promise banker White House leftovers in return for home loans ?,leftovers,32221,2.0
9575,GOP Plan Has Trillions in Tax Breaks for the Rich,GOP Plan Has Trillions in Coffee Breaks for the Rich,Coffee,33110,1.6
12448,House to vote on sexual harassment overhaul this week ,House to vote on sexual harassment overhaul this decade ,decade,32100,1.2
8595,Trump ’s obsession with WrestleMania and fake drama ,Trump ’s obsession with WrestleMania and fake hair ,hair,3322222211,2.0
2112,Trump 's Plot To Destroy Liberalism Will Fail . Here 's Why .,Trump 's Plot To Destroy Modesty Will Fail . Here 's Why .,Modesty,31111,1.4
964,"Republican Vermont governor vetoes marijuana bill , wants changes made","Republican Vermont governor vetoes pie bill , wants changes made",pie,22110,1.2
11052,"In wake of Milo downfall , video surfaces of Bill Maher defending sex between adults and minors","In wake of Milo downfall , video surfaces of Bill Maher defending sex between miners and minors",miners,3331110000,1.2
5874,Full Text : Jared Kusher 's prepared statement to Congress,Full Text : Jared Kusher 's prepared whopper to Congress,whopper,32111,1.6
13155,"Warren : After Trump , ‘ I Wonder If America Will Ever Be Ready for a Male President Again ’","Warren : After Trump , ‘ I Wonder If America Will Ever Be Ready for a Male model Again ’",model,32100,1.2
1205,Trump is facing the ' first serious ' crisis of his presidency — and no one knows if he 's ready,Trump is facing the ' first serious ' colonoscopy of his presidency — and no one knows if he 's ready,colonoscopy,33221,2.2
2922,Washington Post ’s David Fahrenthold wins Pulitzer Prize for dogged reporting of Trump ’s philanthropy ,Washington Post ’s David Fahrenthold wins Pulitzer Prize for dogged reporting of Trump ’s hair ,hair,3333332211,2.4
12774,"Sen. Jeff Flake says he will not seek re-election in 2018 , citing nastiness of Trump-era politics ","Sen. Jeff Flake says he will not seek re-election in 2018 , citing nastiness of Trump-era dinners ",dinners,32210,1.6
7664,"Lee Jae-yong , Samsung Leader , Is Indicted on Bribery Charges","Lee Jae-yong , Samsung Leader , Is Indicted on giggling Charges",giggling,32110,1.4
5849,New York Judge Is Asked to Toss Defamation Suit Against Trump,New York Judge Is Asked to outsource Defamation Suit Against Trump,outsource,31110,1.2
7186,x Wrestling ’s new villain calls himself ‘ Progressive Liberal . ’ Hillary ’s on his shirt .,x Wrestling ’s new villain calls himself ‘ Progressive Liberal . ’ Hillary ’s on his nightgown .,nightgown,32100,1.2
1516,World 's largest collection of ocean garbage is now twice the size of Texas,World 's largest collection of political garbage is now twice the size of Texas,political,33200,1.6
8163,Canada 's Trudeau decides not to poke U.S. ' grizzly bear ' for now,Canada 's Trudeau decides not to kiss U.S. ' grizzly bear ' for now,kiss,22221,1.8
8521,"Ample tax cuts for business , wealthy in new GOP tax accord","Ample cold cuts for business , wealthy in new GOP tax accord",cold,33100,1.4
14130,Jerry Brown vetoes bill to pry loose Trump 's tax returns,Jerry Brown vetoes bill to pry loose Trump 's hair returns,hair,22110,1.2
9730,"Fox News host goes on epic 4-minute rant on Trump 's pattern of false statements : ' Mr. President , that 's your swamp '","Fox News host goes on epic 4-minute rant on Trump 's pattern of false statements : ' Mr. President , that 's your hair '",hair,33310,2.0
2474,US warship fires warning shots at Iranian boat speeding towards USS Tempest in Persian Gulf,US warship fires warning shots at Iranian origami speeding towards USS Tempest in Persian Gulf,origami,32200,1.4
9633,American kids are 70 percent more likely to die before adulthood than kids in other rich countries,American terrorists are 70 percent more likely to die before adulthood than kids in other rich countries,terrorists,32200,1.4
2065,The White House wants to lead on tax reform — it just needs a tax reform plan first,The White House wants to lead on tax reform — it just needs a tax reform Clown first,Clown,32221,2.0
11075,Could microwave missiles disable North Korea 's missiles ?,Could microwave missiles cook North Korea 's missiles ?,cook,32100,1.2
10844,"Sessions Appointed Prosecutor Months Ago to Investigate Possible FISA Abuses , Might Appoint 2nd Special Counsel","Sessions Appointed Prosecutor Months Ago to Investigate Possible FISA Abuses , Might marry 2nd Special Counsel",marry,22110,1.2
3829,Analysis | Could the battle for the GOP ’s soul leave Republicans unelectable ?,Analysis | Could the battle for the GOP ’s Donuts leave Republicans unelectable ?,Donuts,32100,1.2
6826,"Mike Pence Told About Flynn Warning Two Weeks After Trump , White House","Mike Pence Told About Flynn odor Two Weeks After Trump , White House",odor,32210,1.6
14876, Man Catches Teen Falling From Amusement Park Ride : ‘ It ’s OK to Let Go ! ’, Pedophile Catches Teen Falling From Amusement Park Ride : ‘ It ’s OK to Let Go ! ’,Pedophile,32200,1.4
2289,A failed vision-Mexico ’s Housing Debacle .,A failed vision-Mexico ’s tamale Debacle .,tamale,33210,1.8
6896,"AP Fact Check : An angry Trump twists facts about raid , probe ","AP Fact Check : An angry Trump twists facts about raid , roaches ",roaches,22111,1.4
12415,Facebook fuels broad privacy debate by tracking non-users,Facebook fuels broad privacy debate by tickling non-users,tickling,22211,1.6
7574,"Biden 's son fails drug test , is discharged from Navy","Biden 's son fails math test , is discharged from Navy",math,32210,1.6
5738,"Men with curved penises have a greater risk of cancer , study finds","Men with curved penises have a greater risk of laughter , study finds",laughter,31110,1.2
179,Word To The President : ' Professionalism ',Word To The President : ' Bird ',Bird,33110,1.6
12696,Trump faces a higher authority : Pope Francis,Trump fights a higher authority : Pope Francis,fights,22111,1.4
14319,Nothing 's Wrong With Ugly Political Districts ,Nothing 's Wrong With Ugly Political candidates ,candidates,3222211000,1.3
4312,"Hey President Trump , please do n't stop tweeting ","Hey President Trump , please do n't stop golfing ",golfing,32210,1.6
8755,Senate intelligence panel postpones hearing with Trump personal lawyer ,Senate intelligence panel postpones hearing with Trump personal chef ,chef,22110,1.2
6420,Cher slams Sarah Sanders ' style : ' Stop dressing like a sister wife ',Cher slams Colonel Sanders ' style : ' Stop dressing like a sister wife ',Colonel,33220,2.0
2666,Vice president Mike Pence 's doctor resigning,Vice president Mike Pence 's wife resigning,wife,33210,1.8
10013,Wisconsin Ironworker Challenges Paul Ryan For House Seat,Wisconsin Ironworker Challenges Paul Ryan For toilet Seat,toilet,33221,2.2
1220,Trump Jr. : I went to meeting with Russian lawyer because ' I had to listen ',Trump Jr. : I went to meeting with Russian lawyer because ' I had to dance ',dance,33110,1.6
9505,"Jim Carrey gives us an eyeful with new Trump painting — and there 's one of Jared Kushner , too","Jim Carrey gives us an eyeful with new crotch painting — and there 's one of Jared Kushner , too",crotch,32110,1.4
1209,Iowa Senator 's alma mater turns out to be a Sizzler franchise ,Iowa Senator 's alma mater turns out to be a Sizzler steak ,steak,32110,1.4
2848,Kamala Harris : Trump testimony is on the table,Kamala Harris : Trump gut is on the table,gut,22110,1.2
11298,China : Trump bank ban statement ‘ not consistent ’ with facts .,China : Trump bank ban statement ‘ not consistent ’ with astrology .,astrology,31110,1.2
3100,House to vote on sexual harassment overhaul this week,House to vote on sexual toy overhaul this week,toy,32221,2.0
3025,"Trump attacks Stephen Curry , disinvites the Golden State Warriors from the White House in early morning tweet ","Trump attacks Stephen Curry , disinvites the Golden State Warriors from the White House in early morning nightmare ",nightmare,22110,1.2
2643,Judge skeptical of Manafort suit challenging Mueller ’s authority ,Judge skeptical of Manafort suit challenging Mueller ’s hat ,hat,31110,1.2
12668,What Trump 's first speech as president tells us about the next four years ,What Trump 's first speech as president tells us about the next four nightmares ,nightmares,22110,1.2
9634,Mexico wall : Trump questions talks over border dispute - BBC News,Mexico wall : Trump questions talks over burrito dispute - BBC News,burrito,33110,1.6
6565,Sources say Trump pushing to make circumcision mandatory .,Sources say Trump pushing to make dabbing mandatory .,dabbing,32221,2.0
34,Trump 's tax plan is built on one of the biggest lies our parents told us about the economy ,Trump 's tax plan is built on one of the biggest lies our parents told us about the holidays ,holidays,32110,1.4
8663,The GOP ’s “ Hillary slayer ” will be in charge of investigating Trump in the House,The GOP ’s “ Hillary slayer ” will be in charge of tickling Trump in the House,tickling,32211,1.8
106,Key Trump allies are reportedly encouraging him to compromise with special counsel Robert Mueller,Key Trump allies are reportedly encouraging him to flirt with special counsel Robert Mueller,flirt,33311,2.2
7641,Girl kills herself in live online video and police can not stop footage being viewed by millions ,Girl kills herself in live online video and police can not stop footage being viewed by weirdos ,weirdos,32210,1.6
3339,"Medicare X : the Democrats ’ supercharged public option plan , explained","Medicare X : the Democrats ’ supercharged public bathing plan , explained",bathing,33111,1.8
1382,GOP tax cuts will strengthen our economy and drive Democrats crazy,GOP tax cuts will strengthen our biceps and drive Democrats crazy,biceps,33331,2.6
844,9th Circuit to rule on travel ban Thursday evening,9th Circuit to rule on Wednesday ban Thursday evening,Wednesday,32210,1.6
14899,"Melania Is Trapped In The White House , Says France 's First Lady","Melania Is Trapped In The dog House , Says France 's First Lady",dog,33210,1.8
13580,GOP Sen. Kennedy on Voting With Democrats to Restore Net Neutrality Rules,GOP Sen. Kennedy on Voting With Dolphins to Restore Net Neutrality Rules,Dolphins,32210,1.6
6215,Los Cabos is no longer a haven from Mexico 's bloodshed ,Los Cabos is no longer a haven from Mexico 's cuisine ,cuisine,22200,1.2
2917,Merkley takes to Senate floor ' as long as I 'm able ' against Gorsuch,Merkley takes to dance floor ' as long as I 'm able ' against Gorsuch,dance,3222211100,1.4
10371,New survey shows majority of US troops has ' unfavorable ' view of Obama 's years .,New survey shows majority of US troops has ' unfavorable ' view of Obama 's hair .,hair,32111,1.6
611,Richard Spencer 's white-nationalist think tank broke Virginia nonprofit law,Richard Spencer 's white-nationalist fish tank broke Virginia nonprofit law,fish,3222211110,1.5
3997,Nikki Haley rips ' offensive ' and ' disgusting ' rumor of affair with Trump that stemmed from Michael Wolff 's book,Nikki Haley rips ' offensive ' and ' disgusting ' rumor of affiliation with Trump that stemmed from Michael Wolff 's book,affiliation,21111,1.2
3397,Donald Trump revives ‘ Crooked Hillary ’ nickname on Twitter only to be trumped by election rival with ‘ covfefe ’ KO,Donald Trump revives ‘ Crooked penis ’ nickname on Twitter only to be trumped by election rival with ‘ covfefe ’ KO,penis,33200,1.6
13059,Poll : Moore trails Jones in Alabama Senate race,Poll : Moore trails Jones in foot race,foot,22110,1.2
4924,Sexual misconduct allegations leave a swath of Los Angeles County without representation in the Capitol,Sexual misconduct allegations leave a swath of comedians without representation in the Capitol,comedians,22111,1.4
8301,Trump ’s budget makes it official : he ’s doing little to nothing about the opioid epidemic,Trump ’s dealer makes it official : he ’s doing little to nothing about the opioid epidemic,dealer,33331,2.6
13343,Cost of Health Insurance Is n't All About Fairness,Cost of potato Insurance Is n't All About Fairness,potato,32100,1.2
1632,Children dead in China school toilet stampede ,Children dead in China school toilet flushing ,flushing,22110,1.2
3582,At Least A Dozen States Plan To Sue Over New Census Citizenship Question,At Least A Dozen States Plan To Sue Over New Census hairstyle Question,hairstyle,32200,1.4
8211,Chinese spies targeting U.S. maritime industry :,Chinese fish targeting U.S. maritime industry :,fish,22211,1.6
7070,Sen. Bob Corker Not That Excited About The Leading Republican To Replace Him,Sen. Bob Corker Not That Excited About The Leading Republican To massage Him,massage,32210,1.6
2756,TWISTED TREACHERY ISIS tricked US into bombing building where 100 innocents held captive,TWISTED TREACHERY ISIS tricked US into redecorating building where 100 innocents held captive,redecorating,32210,1.6
19,Key senator to vote against CIA nominee Gina Haspel,Key senator to lean against CIA nominee Gina Haspel,lean,31111,1.4
3953,Lawmakers seem confused about what Facebook does — and how to fix it,Lawmakers seem confused about what Facebook does — and how to ban it,ban,22200,1.2
5097,May says UK will still work with US despite intel furor ,May says UK will still work with US despite intel computer ,computer,31110,1.2
14682,"Ben Carson And HUD Face Allegations Of Lavish Spending , Including $ 31,000 Furniture ","Ben Carson And HUD Face Allegations Of Lavish Spending , Including $ 31,000 yurt ",yurt,31110,1.2
6778,Manhattan DA reportedly dropped felony fraud case against Trump 's kids after donation from Trump 's lawyer,Manhattan DA reportedly dropped felony fraud case against Trump 's exes after donation from Trump 's lawyer,exes,32200,1.4
14651,Soldier ’s widow shares her call with Trump,Soldier ’s widow shares her pudding with Trump,pudding,22111,1.4
9239,Germany 's center-left Social Democrats agree to hold talks with Merkel 's party on joining or supporting a new government,Germany 's center-left Social Democrats agree to hold hands with Merkel 's party on joining or supporting a new government,hands,31110,1.2
818,Delingpole : Urgent Memo to Donald Trump — Biggest Threat to the Environment Are Environmentalists ,Delingpole : Urgent Memo to Donald Trump — Biggest Threat to the Environment Are Trees ,Trees,32210,1.6
344,Elon Musk has just blasted the world 's most powerful rocket into space ,Elon Musk has just blasted the world 's most powerful rocket into landfill ,landfill,32221,2.0
3907,How states can fix the Electoral College and prevent future Trumps ,How states can fix the Electoral College and prevent future fruitcakes ,fruitcakes,33110,1.6
11470,Erick Erickson : Trump 's Russia Leak Is ' Far Worse ' Than Reported,Erick Erickson : Trump 's teapot Leak Is ' Far Worse ' Than Reported,teapot,22110,1.2
2554,Will Trump 's possible testimony end the Mueller probe — or is it just starting ?,Will Trump 's possible testimony end the Mueller probe — or is it just confusing ?,confusing,22110,1.2
10920,""" Gene Cernan , Last Astronaut on the Moon , Dies at 82 """,""" Gene Cernan , Last Dancer on the Moon , Dies at 82 """,Dancer,31110,1.2
1426,An American Journalist Is Facing A Felony Trial This Week — In The United States,An American bulldog Is Facing A Felony Trial This Week — In The United States,bulldog,22110,1.2
7938,White House confirms visit from Mexican president is off,White House confirms visit from Mexican restaurant is off,restaurant,32100,1.2
6733,James Comey Needs To Get His Clinton Investigation Story Straight ... Again,James Comey Needs To Get His Clinton Investigation Sexuality Straight ... Again,Sexuality,32100,1.2
8787,"NBC corrects story that Trump attorney Michael Cohen was wiretapped , intercepted White House call ","NBC corrects story that Trump attorney Michael Cohen was wiretapped , intercepted White House football ",football,22221,1.8
5963,FBI Raids Office Of Trump Lawyer Michael Cohen : Report,FBI Redecorates Office Of Trump Lawyer Michael Cohen : Report,Redecorates,33220,2.0
1485,Sexual misconduct allegations leave a swath of Los Angeles County without representation in the Capitol,Sexual healing allegations leave a swath of Los Angeles County without representation in the Capitol,healing,22111,1.4
15057,"Black men sentenced to more time for committing the exact same crime as a white person , study finds","Black Labradors sentenced to more time for committing the exact same crime as a white person , study finds",Labradors,33210,1.8
15037,TX Gov Abbott : I Will Sign Legislation That Could Put Sheriffs of Sanctuary Cities in Jail ,TX Gov Abbott : I Will Sign Legislation That Could Put Sheriffs of Sanctuary Cities in costumes ,costumes,33210,1.8
1765,"Trump says perhaps China , not Russia could have hacked Democratic emails","Trump says perhaps he , not Russia could have hacked Democratic emails",he,22211,1.6
9616,"By Investing in Science , Trump Can Strengthen the Economy","By Investing in unicorns , Trump Can Strengthen the Economy",unicorns,32220,1.8
11735,Congressional Dems making early calls for Trump 's impeachment ,Congressional Dems making early calls for Trump 's delousing ,delousing,33221,2.2
9300,"In court , a Turkish journalist delivers a searing attack on the government ","In court , a Turkish journalist delivers a searing attack on the kebabs ",kebabs,32110,1.4
12615,Trump jokes that Haley could ' easily be replaced ',Trump jokes that wife could ' easily be replaced ',wife,32211,1.8
8895,The Latest : Trump Jr. questions his own handling of meeting ,The Latest : Trump Jr. questions his own handling of basketball ,basketball,32220,1.8
6721," Trump 's core voters could suffer most under GOP health bill , but they may not punish him for it"," Apples 's core voters could suffer most under GOP health bill , but they may not punish him for it",Apples,32100,1.2
8942,US health care system : A patchwork that no one likes,US health care system : A Doctor that no one likes,Doctor,22110,1.2
8608,Donald Trump Threatens to Cancel Berkeley Federal Funds After Riots Shut Down Milo Event,Donald Trump Threatens to Cancel Berkeley Federal Funds After tickling Shut Down Milo Event,tickling,33220,2.0
8533,Trump Lawyers Want A Second Special Counsel,Trump sitters Want A Second Special Counsel,sitters,32110,1.4
7736,Trump : Hope Kim Jong Un will do what is right,Trump : Cuddly Kim Jong Un will do what is right,Cuddly,32111,1.6
7924,"After Election , More New Yorkers Tell Volunteer Groups , ‘ I Can Help ’","After Alcohol , More New Yorkers Tell Volunteer Groups , ‘ I Can Help ’",Alcohol,33111,1.8
2392,' Get ready Russia ' : Trump issues warning on Syria missile strikes,' Get ready Russia ' : Trump issues warning on Syria bowling strikes,bowling,32210,1.6
10321,Trump says Michael Cohen wo n't flip . Those close to him are n't so sure .,Trump says gymnast wo n't flip . Those close to him are n't so sure .,gymnast,32100,1.2
11873,The Supreme Court ’s Blockbuster Term ,The Supreme Court ’s Blockbuster Rentals ,Rentals,22110,1.2
226,How can we save the Democratic Party ?,How can we exchange the Democratic Party ?,exchange,33110,1.6
9625,Trump to be sworn in using Bible Abraham Lincoln used,Trump to be sworn in using beard Abraham Lincoln used,beard,32210,1.6
13441,"The White House was shocked — shocked , I tell you — by Anthony Scaramucci ’s potty mouth ","The White House was shocked — shocked , I tell you — by Anthony Scaramucci ’s potty training ",training,3332222110,1.9
5473,"Melania Is Trapped In The White House , Says France 's First Lady","Melania Is Trapped In The Dog House , Says France 's First Lady",Dog,33220,2.0
7613,Major Russian mafia trial opens in Spain,Major Russian mafia restaurant opens in Spain,restaurant,32200,1.4
14027,New study says House GOP healthcare bill would lead to the loss of almost 1 million jobs in 10 years ,New study says House GOP healthcare bill would lead to the loss of almost 1 million jobs in 10 Parsecs ,Parsecs,22220,1.6
3104,Google Search Is Doing Irreparable Harm To Muslims ,Google Search Is Doing Irreparable Harm To hamsters ,hamsters,32110,1.4
14880,"Trump 's approval rating up after tough North Korea talk , new poll shows","Trump 's comedic rating up after tough North Korea talk , new poll shows",comedic,22211,1.6
3361,"7 high school students , teacher dead after avalanche hits ski resort","7 high school students , teacher dead after sock hits ski resort",sock,32100,1.2
2468,Here ’s the Chain Reaction Trump Could Set Off by Trying to Fire Mueller,Here ’s the Chain Reaction Trump Could Set Off by Trying to kiss Mueller,kiss,3222211100,1.4
9422,"After Special Counsel Named , Trump Reacts : ' Greatest Witch Hunt ' In Political History","After Special Counsel Named , Trump Reacts : ' Greatest Pancakes ' In Political History",Pancakes,32221,2.0
141,"In abrupt shift on Syria , Trump turns to military advisers ","In abrupt shift on Syria , Trump turns to military warmongers ",warmongers,33000,1.2
5855,Female Former Franken Staffers Say He Was A ‘ Champion For Women ’,Female Former Franken Staffers Say He Was A ‘ dancer For Women ’,dancer,32111,1.6
4814,The federal government of Canada has been secretly helping gay Chechen men flee persecution in an under-the-radar programme .,The federal government of Canada has been secretly helping gay Chechen men flee closets in an under-the-radar programme .,closets,33221,2.2
8617, Master Your Very Own Weight-Loss Destiny With These Tips, Sabotage Your Very Own Weight-Loss Destiny With These Tips,Sabotage,32220,1.8
12185,Pope decries fomenting fear of migrants for political gain,Pope decries fomenting fear of facts for political gain,facts,32100,1.2
3481,Trump Booed At Davos For Criticizing ‘ Fake ’ Media ’,Trump Booed At Davos For Criticizing ‘ Fake ’ Magicians ’,Magicians,32220,1.8
6325,Washington state readies to defend booming marijuana business from feds,Washington state readies to smoke booming marijuana business from feds,smoke,21111,1.2
2325,"Moderate incumbent Rouhani leads in vote count for Iranian presidency , preliminary results show","Moderate incumbent Rouhani leads in vote count for Iranian pageant , preliminary results show",pageant,32210,1.6
7662,"House delays Obamacare vote , denying Trump 100-day win ","House delays Obamacare vote , denying Trump 100-day party ",party,32200,1.4
9933,Mitch McConnell thinks tax reform will take longer than Trump claimed ,Mitch McConnell thinks tax reform will take longer than Trump Haircut ,Haircut,33332,2.8
395,Trump seeks action on trade gaps ahead of Chinese president 's visit,Trump seeks action on tooth gaps ahead of Chinese president 's visit,tooth,3332221110,1.8
13031,Guess Who Knows Both President Trump And Kim Jong Un ?,Guess Who Owns Both President Trump And Kim Jong Un ?,Owns,21111,1.2
2843,A Basic Income for Everyone ? It 's Not a Crazy Idea,A Basic Wardrobe for Everyone ? It 's Not a Crazy Idea,Wardrobe,32111,1.6
10965,"Ninth Circuit Claims Unprecedented Power , Affirms Ban on Immigration EO","Ninth Circuit Claims Unprecedented Power , Affirms Ban on bagpiping EO",bagpiping,32111,1.6
4526,Analysis : Trump 's blunt talk about withdrawing U.S. troops from Syria is far too simple,Analysis : Trump 's blunt whining about withdrawing U.S. troops from Syria is far too simple,whining,33000,1.2
14371,"GOP offers health care trade-off for states : More flexibility , less funding","GOP offers health care trade-off for states : More massages , less funding",massages,21111,1.2
1943,"U.S. to help North Korea economy if it gives up nuclear weapons , Pompeo says","U.S. to help North Korea economy if it gives up nuclear sausages , Pompeo says",sausages,22210,1.4
7551,Alt-Right snowflakes play victim in hopes of mainstream sympathy,Alt-Right snowflakes play violin in hopes of mainstream sympathy,violin,32200,1.4
2418,"Canadians may pay more taxes than Americans , but here 's what they get for their money ","Canadians may pay more taxes than Americans , but here 's what they get for their apologies ",apologies,32100,1.2
3309,"Congress releases more than 3,500 Russian-bought Facebook ads ","Congress releases more than 3,500 Russian-bought Facebook friends ",friends,31111,1.4
7350,"Joe Biden 's niece pleads guilty to stealing credit card , $ 100k in fraud - no jail time","Joe Biden 's puppy pleads guilty to stealing credit card , $ 100k in fraud - no jail time",puppy,22210,1.4
3706,Enjoy Wine More With These Helpful Tips,Enjoy mud More With These Helpful Tips,mud,32211,1.8
8940,Trump 's Treasury secretary says the stock market is a report card for the White House,Trump 's Treasury secretary says the shampoo market is a report card for the White House,shampoo,32100,1.2
1725,"Rex Tillerson seems like a smart , competent guy . But he blew it on Russia .","Rex Tillerson seems like a smart , competent guy . But he blew it on cocaine .",cocaine,33221,2.2
12196,Tillerson thanks Mexico for help with Harvey,Tillerson thanks water for help with Harvey,water,32100,1.2
14642,Melania Trump Hits Back on Wolff Book : ‘ Work of Fiction ’ Spokesperson Says ,Melania Trump Hits Back on Wolff Book : ‘ Work of Fiction ’ Spokesperson barks ,barks,22210,1.4
3123,"Obama 's $ 400,000 Wall Street speech is completely in character ; Ask all the bankers he jailed for fraud .","Obama 's $ 400,000 Wall Street speech is completely in character ; Ask all the bankers he jailed for jaywalking .",jaywalking,32211,1.8
4689,Donald Trump 's White House staff ' communicate through app which automatically deletes messages ',Donald Trump 's White House staff ' communicate through app which automatically deletes intelligence ',intelligence,33222,2.4
11453,"Donald Trump Unfollowed Reince Priebus , The Ultimate Insult From A Twitter-Obsessed President","Donald Trump Unfollowed Reince Priebus , The Ultimate Compliment From A Twitter-Obsessed President",Compliment,32221,2.0
10102,Trump Reportedly Wants Pentagon To Stage Military Parade Down Pennsylvania Ave.,Trump Reportedly Wants Pentagon To Stage Military attack Down Pennsylvania Ave.,attack,32210,1.6
5217,Africa Signs Free-Trade Deal to Replace Existing Agreements,Africa Signs Free-Trade Deal to Replace underwear Agreements,underwear,33321,2.4
8882,Far-right presidential hopeful Marine Le Pen says she is temporarily stepping down as party 's leader ,Far-right presidential hopeful Marine Le Pen says she is temporarily stepping down as party 's clown ,clown,32100,1.2
6918,Mick Mulvaney 's Warning : Massive cuts are coming to the federal government,Mick Mulvaney 's Warning : Massive hats are coming to the federal government,hats,22211,1.6
5484,Olympic gymnastics ex-doctor pleads guilty to sex charges ,Olympic gymnastics ex-doctor pleads guilty to sex change ,change,22111,1.4
6105,"Obama denies clemency for Leonard Peltier , nuclear scientist Wen Ho Lee","Obama denies seconds for Leonard Peltier , nuclear scientist Wen Ho Lee",seconds,32110,1.4
8307,Trump ’s obsession with WrestleMania and fake drama ,Trump ’s obsession with WrestleMania and fake news ,news,32100,1.2
4219,Japan Joins Trump in Drug Price War Crimping Pharma Profits,Japan Joins Trump in hamburger Price War Crimping Pharma Profits,hamburger,32211,1.8
4542,M1 closed in both directions as bomb disposal unit investigates ' suspicious object ' found under motorway bridge,M1 closed in both directions as bomb disposal unit investigates ' suspicious cookies ' found under motorway bridge,cookies,31110,1.2
711,Robert Reich : 7 hard truths Democrats must acknowledge if they want a better future ,Robert Reich : 7 hard truths Democrats must acknowledge if they want a better pancake ,pancake,32100,1.2
4996,5 things Trump did while you were n't looking : Week 6,5 things eyelids did while you were n't looking : Week 6,eyelids,32110,1.4
11969,A Trump impersonator and Kim Jong-un impersonator crashed the Olympic opening ceremony — and were kicked out,A Trump impersonator and Kim Jong-un impersonator ate the Olympic opening ceremony — and were kicked out,ate,32200,1.4
12848,Sold into marriage : how Rohingya girls become child brides in Malaysia,Sold into marriage : how Rohingya pets become child brides in Malaysia,pets,32100,1.2
7360,World 's largest collection of ocean garbage is now twice the size of Texas,World 's largest collection of presidential garbage is now twice the size of Texas,presidential,32200,1.4
6072,A Glitch On Donald Trump ’s Website Lets You Put Words Into His Mouth,A Glitch On Donald Trump ’s Website Lets You Put food Into His Mouth,food,33211,2.0
262,The Russian government is giving up control of Kalashnikov ,The Russian government is giving up control of remote ,remote,32211,1.8
1479,Marriott Pulls Banned ‘ Books ’ From China Hotel to Avert Backlash,Marriott Pulls Banned ‘ ostriches ’ From China Hotel to Avert Backlash,ostriches,22110,1.2
6335,"Why Trump would really , really rather not fire Scott Pruitt","Why Trump would really , really rather not hug Scott Pruitt",hug,33110,1.6
1235,Treasury Department announcing sanctions against Iran Friday morning,Treasury Department announcing sanctions against money Friday morning,money,32100,1.2
14502,White House Declassifies GOP Memo on Russia Probe ,White House Declassifies GOP Memo on Russia sausage ,sausage,22200,1.2
3560,' Suck Up ' Mitt Romney Trolled For Flip-Flopping On Trump 's Endorsement ,' Suck Up ' Mitt Romney Trolled For Flip-Flopping On Trump 's wig ,wig,32221,2.0
5158,Project Veritas Video Shows Former Twitter Employees Discussing ‘ Shadow Banning ’ Users,Project Veritas Video Shows Former Twitter Employees Discussing ‘ Shadow boxing ’ Users,boxing,32100,1.2
7165,The media under-reports threat of Islamic terrorism – to Muslims,The media under-reports threat of Islamic tickling – to Muslims,tickling,33110,1.6
6249,Snoop Dogg says Trump ignored black Waffle House victims because shooter was white,Snoop Dogg says Trump ignored black Waffle House victims because server was white,server,32210,1.6
2482,Western airstrikes unlikely to impact Assad ’s war machine,Western airstrikes unlikely to impact Assad ’s soda machine,soda,33210,1.8
11913,US House Speaker Paul Ryan ' to stand down ',US House Speaker Paul Ryan ' to get down ',get,32221,2.0
14845,Trump Administration Revises Conservation Plan For Western Sage Grouse,Trump Administration Revises Resort Plan For Western Sage Grouse,Resort,31110,1.2
294,That ’s One Way to Fly The Friendlier Skies With a Saudi Prince ,That ’s One Way to Fly The Friendlier Skies With a Saudi Pickle ,Pickle,32210,1.6
14095,Only 24 % of Americans think their country is heading in the right direction : Poll,Only 24 % of Americans think their country is peeing in the right direction : Poll,peeing,22110,1.2
1232,' A lot of work to be done ' : Senator discusses tax reform after Trump hosts bipartisan dinner ,' A lot of work to be done ' : Senator discusses tax reform after Trump hosts bipartisan circus ,circus,3333211100,1.7
537,106 passengers stranded in Germany due to drunken co-pilot,106 pretzels stranded in Germany due to drunken co-pilot,pretzels,33210,1.8
8178,Fact-check : How some of Trump ’s State of the Union claims stand up to reality,Fact-check : How some of Trump ’s State of the Union parties stand up to reality,parties,22110,1.2
7648,Do n't Succumb to Crazy White House Fatigue,Do n't Succumb to Crazy Frat House Fatigue,Frat,22211,1.6
11636,Tucker Carlson interview goes sideways when guest accuses him of defending Putin ,Tucker Carlson interview goes sideways when guest accuses him of defending erection ,erection,32110,1.4
5107,Four Republicans Withhold Support for Andy Puzder to Head Labor Department,Four Republicans Withhold Support for Andy Puzder to Head Menswear Department,Menswear,32111,1.6
3243," News coverage of Trump is really , really negative . Even on Fox News ."," Positive coverage of Trump is really , really negative . Even on Fox News .",Positive,33110,1.6
9047,School shooting in Mexico : Kid opens fire on his classmates and teacher at private school in the city of Monterrey,School masturbating in Mexico : Kid opens fire on his classmates and teacher at private school in the city of Monterrey,masturbating,32100,1.2
2156,Uber CTO blasts Trump in staff email,Uber CTO serenades Trump in staff email,serenades,22200,1.2
5424,Chinese intercept U.S. radiation-sniffing plane .,Chinese intercept U.S. radiation-sniffing pigeon .,pigeon,33210,1.8
13428,"Kellyanne Conway says Trump mostly tweets about policy , with a straight face","Kellyanne Conway says Trump mostly tweets about haircuts , with a straight face",haircuts,22221,1.8
7305,DNC chair candidate Jaime Harrison : lobbyists can be good Democrats ,DNC chair candidate Jaime Harrison : lobbyists can be good stooges ,stooges,22111,1.4
13740,"Face facts , America , Donald Trump is a success . Let 's count the ways .","Face facts , America , Donald Trump is a success . Let 's count the lies .",lies,33221,2.2
6292,Why Congress just killed a rule restricting coal companies from dumping waste in streams,Why Congress just killed a rule restricting coal companies from dumping glitter in streams,glitter,33221,2.2
1346,"Russian-speaking hackers stole about $ 10 million from US , Russian banks","Russian-speaking parrots stole about $ 10 million from US , Russian banks",parrots,32110,1.4
2512,Demoralized West Wing stokes fears over Trump ’s capacity to handle a crisis,Demoralized West Wing stokes fears over Trump ’s capacity to create a crisis,create,33210,1.8
2665,Turkey crowd taunts coup suspects at mass trial near Ankara,Turkey stuffing taunts coup suspects at mass trial near Ankara,stuffing,33211,2.0
6890,Stormy Daniels passed a lie-detector test in which she said she had unprotected sex with Trump ,Stormy Daniels passed a lie-detector test in which she said she had unprotected sex with horse ,horse,32110,1.4
1702,Eric Trump : My father has ' zero conflicts of interest ',Eric Trump : My father has ' zero ideas of interest ',ideas,33222,2.4
14556,Schumer caught on hot mic saying Trump ' likes me ',Schumer caught on hot mic saying Trump ' Excites me ',Excites,32100,1.2
4825,"Trump replaced Tillerson , a realist , with Pompeo , a hawk — and it could set up confrontation with North Korea","Trump replaced Tillerson , a realist , with Pompeo , a hawk — and it could set up pecking with North Korea",pecking,22200,1.2
884,Trump Lifts Obama ’s Curbs on Military Equipment for Cops,Trump Paints Obama ’s Curbs on Military Equipment for Cops,Paints,22210,1.4
1015,Steve King is a virulent racist — why be surprised ? He represents the current Republican Party perfectly,Steve King is a virulent racist — why be surprised ? He represents the current Republican Grandmother perfectly,Grandmother,32210,1.6
10291,Trump 's only health policy is to undo everything that Obama did,Trump 's only hairstyle policy is to undo everything that Obama did,hairstyle,33321,2.4
1938,"Trump , the anti-globalist , declares America ' open for business ' in Davos speech to globalists","Trump , the anti-globalist , declares America ' open for breakfast ' in Davos speech to globalists",breakfast,33221,2.2
9920,Top Democrat offers a simple explanation that undercuts Republicans ' central argument that the FBI acted illegally,Top Democrat offers a simple explanation that undercuts Republicans ' central argument that the FBI bathed illegally,bathed,31110,1.2
6533,The people descended from Spartans ,The people descended from squirrels ,squirrels,32210,1.6
3665,"Donald Trump slurs speech during Jerusalem announcement , sparking health speculation","Donald Trump slurs speech during Jerusalem announcement , sparking drunk speculation",drunk,33211,2.0
11946,Trump says Michael Cohen wo n't flip . Those close to him are n't so sure .,Trump says Michael Cohen wo n't breakdance . Those close to him are n't so sure .,breakdance,33221,2.2
10243,"At Singapore regional defense dialogue , it wo n't be all North Korea","At Singapore regional defense playgroup , it wo n't be all North Korea",playgroup,32200,1.4
7209,Trump 's Saudi trip : Thumbs up and other ' controversies ',Trump 's acid trip : Thumbs up and other ' controversies ',acid,3333332222,2.6
9032,What 's Next On The Trump Agenda ? - NBC News,What 's Next On The Trump menu ? - NBC News,menu,32110,1.4
3404,"President Trump 's first year anniversary report card , with grades from A + to F","President Trump 's first year Kindergarten report card , with grades from A + to F",Kindergarten,33333,3.0
2841,Supreme Court taking up sports betting case ,Supreme Court taking up sports betting Hobby ,Hobby,31110,1.2
11912,CBO report projects massive deficits during Trump administration,CBO report projects massive depression during Trump administration,depression,32210,1.6
4256,The time Donald Trump was n't worried about the ' history and culture ' of sculptures ,The time Donald Trump was n't worried about the ' history and culture ' of tacos ,tacos,32111,1.6
13266,Donald Trump accuses Obama of orchestrating protests and leaks against him,Donald Trump accuses Obama of orchestrating potholes and leaks against him,potholes,32110,1.4
8040,Why is Donald Trump so cozy with the Kremlin ? A political scientist and Russia expert breaks down the theories,Why is Donald Trump so cozy with the blanket ? A political scientist and Russia expert breaks down the theories,blanket,33200,1.6
8901,Jared Kushner 's shady business dealings evoke the nepotism and corruption of America 's Gilded Age,Jared Kushner 's shady drapery dealings evoke the nepotism and corruption of America 's Gilded Age,drapery,22110,1.2
8409,9th Circuit to rule on travel ban Thursday evening,9th Circuit to rule on travel shampoo Thursday evening,shampoo,32100,1.2
10025,US lawmaker calls for probe into possible $ 418M arms sale to Kenya .,US lawmaker calls for probe into possible $ 418M pizza sale to Kenya .,pizza,33210,1.8
10911,"Blake Farenthold , Texas lawmaker accused in sexual harassment suit , wo n't seek re-election","Blake Farenthold , Texas lawmaker accused in sexual reconstruction suit , wo n't seek re-election",reconstruction,22200,1.2
11802,"Trump Praises Gianforte 's ' Big Win , ' Slams White House Leaks As ' Lies '","Trump Praises Gianforte 's ' Big Head , ' Slams White House Leaks As ' Lies '",Head,22200,1.2
10367,Ex-CIA officer held over secret files ,Ex-CIA officer held over secret recipes ,recipes,22221,1.8
8177,The GOP ’s “ Hillary slayer ” will be in charge of investigating Trump in the House,The GOP ’s “ vampire slayer ” will be in charge of investigating Trump in the House,vampire,31111,1.4
5147, Putin has run out of patience with Trump, Kangaroo has run out of patience with Trump,Kangaroo,22111,1.4
3638,Volvo to go all electric with new models from 2019,Volvo to go all electric with new strippers from 2019,strippers,32210,1.6
11285,Matt Groening on The Simpsons ' Apu row : ' People love to pretend they ’re offended ',Matt Groening on The Simpsons ' Apu row : ' lizards love to pretend they ’re offended ',lizards,22111,1.4
2826,Chaos at the top of the government 's consumer watchdog could be ' devastating ' for Americans,Chaos at the top of the government 's consumer watchdog could be ' entertaining ' for Americans,entertaining,22111,1.4
7765,Swalwell dares Trump : Declassify the surveillance documents,Swalwell dares Trump : read the surveillance documents,read,32100,1.2
9711,Trump 's budget is an unmitigated disaster for abortion rights and reproductive health,Trump 's sexiness is an unmitigated disaster for abortion rights and reproductive health,sexiness,33100,1.4
11255,Navy SEAL Who Killed Bin Laden Calls Trump 's Parade Plan ' Third World Bulls ** t ',Navy SEAL Who Killed Bin Laden Calls Trump 's Parade Float ' Third World Bulls ** t ',Float,32110,1.4
8572,"Budget , FY 2019 : The era of Trump deficits has begun","Budget , FY 2019 : The era of Trump Mathematics has begun",Mathematics,33111,1.8
1627,US House Speaker Paul Ryan ' to stand down ',US House Speaker Paul Ryan ' to boogie down ',boogie,32222,2.2
6530,U.K. Outcry at Trump ’s Tweets Reopens Fight Over State Visit,U.K. Outcry at Trump ’s Tweets Reopens Fight Over barber Visit,barber,32221,2.0
7796,More States Move To End ' Tampon Tax ' That 's Seen As Discriminating Against Women,More States Move To End ' Tampon hockey ' That 's Seen As Discriminating Against Women,hockey,22110,1.2
10407,"Russian hackers hunt hi-tech secrets , exploiting US weakness","Russian bears hunt hi-tech secrets , exploiting US weakness",bears,32110,1.4
3763,Report : Trump Wants His Chief Of Staff To Get Rid Of Jared And Ivanka,Report : Trump begs His Chief Of Staff To Get Rid Of Jared And Ivanka,begs,22211,1.6
3617,"Trump : If Dems Get Back in Power , They ’re Going to Raise Your Taxes ‘ Way Up High ’","Trump : If Dems Get Back in Power , They ’re Going to Raise Your income ‘ Way Up High ’",income,22210,1.4
5534,Merkel calls for joint efforts with Russia to battle Islamist terrorism ,Merkel calls for joint efforts with Russia to battle Islamist dances ,dances,22110,1.2
5666,"WORLD NEWS N.Korea fires Scud-class ballistic missile , Japan protests , Trump briefed","WORLD NEWS N.Korea fires Scud-class ballistic tantrum , Japan protests , Trump briefed",tantrum,32210,1.6
10379,Trump ’s Revised Travel Ban Faces Legal Action in Virginia,Trump ’s Revised Democrat Ban Faces Legal Action in Virginia,Democrat,32100,1.2
3183,Trump defends $ 1.5 trillion tax cut bill,Trump defends $ 1.5 trillion hair cut bill,hair,33211,2.0
3245,"Trump Bodyguard Keith Schiller Testifies Russian Offered Trump Prostitutes , Aligning With Dossier Story","Trump Pimp Keith Schiller Testifies Russian Offered Trump Prostitutes , Aligning With Dossier Story",Pimp,33211,2.0
14650,"14 killed , 36 injured in mosque explosion in eastern Afghanistan","14 killed , 36 injured in popcorn explosion in eastern Afghanistan",popcorn,32210,1.6
129,Hawaii Rep. Gabbard says she met Assad during Syria trip,Hawaii Rep. Gabbard says she punched Assad during Syria trip,punched,33321,2.4
14098,A closer look at Trump ’s potential Supreme Court nominees,A closer look at Trump ’s potential Tennis Court nominees,Tennis,33220,2.0
15062,Here 's what Oprah and her confidants are saying about 2020,Here 's what Oprah and her kitties are saying about 2020,kitties,32100,1.2
664,Bottled water is bullshit !,Bottled banana is bullshit !,banana,32111,1.6
456,A woman running for Congress faces a double mastectomy — and the repeal of the ACA,A woman running for Congress faces a double cheeseburger — and the repeal of the ACA,cheeseburger,32100,1.2
270,"Trump says perhaps China , not Russia could have hacked Democratic emails","Trump says perhaps magnets , not Russia could have hacked Democratic emails",magnets,22110,1.2
6442,The middle class does n’t want a tax cut . It wants better government .,The middle class does n’t want a tax cut . It wants better coffee .,coffee,21111,1.2
11347,Trump administration backs 20-week abortion ban,Trump administration backs 20-week taco ban,taco,33322,2.6
10820,China 's ' Ice Boy ' Kicked Out of New School After One Week,China 's ' Ice Machine ' Kicked Out of New School After One Week,Machine,31110,1.2
5975,' We want revenge ' : meet the Yazidi women freeing their sisters from Isis in the battle for Raqqa,' We want revenge ' : meet the Yazidi women freeing their sisters from housework in the battle for Raqqa,housework,22210,1.4
13448,Alt-right troll Chuck C. Johnson is “ working behind the scenes ” to vet Donald Trump ’s cabinet picks : report,Alt-right gnome Chuck C. Johnson is “ working behind the scenes ” to vet Donald Trump ’s cabinet picks : report,gnome,3322111110,1.5
433,Trump Ca n't Bring Back All Those Jobs From China . Here 's What He Can Do,Trump Ca n't Bring Back All Those barbers From China . Here 's What He Can Do,barbers,21111,1.2
14267,North Korea threatens US with more ' unexpected gift packages ' after missile test,North Korea threatens US with more ' unexpected gift packages ' after spelling test,spelling,32221,2.0
1424,"Half of world 's children at risk of war , poverty , discrimination , report finds","Half of world 's children at risk of cooties , poverty , discrimination , report finds",cooties,32110,1.4
15036,Donald Trump 's inauguration was full of promises but no clear plan to heal America 's wounds,Donald Trump 's inauguration was full of sunburns but no clear plan to heal America 's wounds,sunburns,33210,1.8
4820,North Korea video portrays U.S. destroyed in missile barrage,North Korea video portrays U.S. destroyed in spaghetti barrage,spaghetti,22110,1.2
1150,"U.S. to help North Korea economy if it gives up nuclear weapons , Pompeo says","U.S. to help North Korea barbecue if it gives up nuclear weapons , Pompeo says",barbecue,22111,1.4
9201,Vice president Mike Pence 's doctor resigning,Vice president Mike Pence 's hairstylist resigning,hairstylist,33110,1.6
14289,Bernie Sanders To Propose New Rule Requiring Fair Prices For Taxpayer-Funded Drugs ,Bernie Sanders To Propose New Rule Requiring Fair Prices For Taxpayer-Funded Hugs ,Hugs,33221,2.2
1,The Latest : Saudi royals to make pledge to new crown prince,The Latest : Saudi royals to make pledge to new clown prince,clown,32100,1.2
5903,Exerpts From Trump 's Conversation With Journalists on Air Force One ,Exerpts From Trump 's Conversation With Journalists on horseback ,horseback,22111,1.4
1181,North Korean media hail ' historic ' summit ,North Korean media hail ' historic ' cabbage ,cabbage,32210,1.6
8601,Trump maps new course with allies and autocrats in first foreign trip ,Trump maps new course with allies and autocrats in first foreign orgy ,orgy,32210,1.6
14568,Melania Trump : Breakout Star of Trump ’s First Foreign Trip ,Melania Trump : Breakout Star of Trump ’s First Foreign disaster ,disaster,22210,1.4
7745,It is becoming increasingly unclear how the US is countering Russian cyber attacks ,It is becoming increasingly unclear how the US is countering Russian cyber Monday ,Monday,31111,1.4
7974, Oklahoma is n't working . Can anyone fix this failing American state ? | US news, President is n't working . Can anyone fix this failing American state ? | US news,President,32100,1.2
2886,Cory Booker : The system is rigged against working Americans ,Cory Booker : The system is rigged against working gangsters ,gangsters,22210,1.4
11671,Pakistan asks Trump to help fund border fence with Afghanistan ,Pakistan asks Trump to help fund border fence with itself ,itself,22110,1.2
13984,Trump jokes that Haley could ' easily be replaced ',Trump jokes that brain could ' easily be replaced ',brain,32111,1.6
12661,"Meet the Malibu lawyer who is upending California 's political system , one town at a time","Meet the Malibu surfer who is upending California 's political system , one town at a time",surfer,21111,1.2
7047,"Woman swept up in massive cocaine bust in L.A. now faces deportation , spurring protests and anger","Woman swept up in massive koala bust in L.A. now faces deportation , spurring protests and anger",koala,21111,1.2
14133,"North Korea accuses Trump of having "" war fever ""","North Korea accuses Trump of having "" hay fever """,hay,22110,1.2
703,Russia 's Putin says Islamic State destroyed in Syria .,Russia 's Putin says Islamic State destroyed in Badminton .,Badminton,33311,2.2
1217,UK Prime Minister Theresa May wants Scots ' fully engaged ' in Brexit and repeated her opposition to Scottish independence .,UK Prime Minister Theresa May wants Scots ' fully engaged ' in Brexit and repeated her opposition to Scottish fashion .,fashion,22210,1.4
3797,Female Former Franken Staffers Say He Was A ‘ Champion For Women ’,Female Former Franken Staffers Say He Was A ‘ Champion For cereal ’,cereal,32100,1.2
12756,"' Not way off , but off ' : Trump challenges reports he meddled in Russia inquiry ","' Not way off , but off ' : Trump challenges reports he meddled in Russia circus ",circus,32210,1.6
4154,Trump 's new conflict of interest could involve paying off officials to not talk about Russia ,Trump 's new conflict of interest could involve paying off officials to not talk about hair ,hair,33220,2.0
8316,China says it will never allow war or chaos on its doorstep,China says it will never allow war or gum on its doorstep,gum,22211,1.6
6119,"Russia Wants Americans To Doubt Mueller , Experts Warn","Russia Wants Americans To stone Mueller , Experts Warn",stone,32211,1.8
1566,How slave labor built and financed major U.S. cities,How clown labor built and financed major U.S. cities,clown,32211,1.8
7576,Schumer caught on hot mic saying Trump ' likes me ',Schumer caught on hot mic saying grandma ' likes me ',grandma,32200,1.4
13416,Trump to announce the U.S. recognizes Jerusalem as Israel 's capital ,Trump to announce the U.S. recognizes Jerusalem as Israel 's dump ,dump,32200,1.4
9107,Trump administration moves to tighten squeeze on Venezuelan government ,Trump administration moves to tighten squeeze on Venezuelan women ,women,32210,1.6
7833,Trump heads to Capitol Hill to sell Obamacare repeal bill,Trump heads to Capitol Hill to burn Obamacare repeal bill,burn,33110,1.6
11061,Carter Page : I 've never communicated with Trump ,Carter Page : I 've never communicated with aliens ,aliens,3333222211,2.2
2337,White Nationalist Blames Trump in Campaign Rally Assault Suit,White Nationalist Blames kitten in Campaign Rally Assault Suit,kitten,22221,1.8
8220,Tillerson responds to reporters after being fired on Twitter,Tillerson cries to reporters after being fired on Twitter,cries,32210,1.6
931,What 's Trump 's plan for Syria ? Five different policies in two weeks | Guardian US news,What 's Trump 's plan for dinner ? Five different policies in two weeks | Guardian US news,dinner,32210,1.6
4979,Full Text : Jared Kusher 's prepared statement to Congress,Full Text : Jared Kusher 's prepared spaghetti to Congress,spaghetti,31110,1.2
4869,Supreme Court takes up 2nd major partisan redistricting case,Supreme burrito takes up 2nd major partisan redistricting case,burrito,33210,1.8
6239,"Former intelligence director Clapper rips Comey 's firing , says US government is ‘ under assault ’","Former clown director Clapper rips Comey 's firing , says US government is ‘ under assault ’",clown,22110,1.2
4179,Calais violence leaves four teenage refugees in critical state as smuggling gangs ' exploit growing desperation ',Calais violence leaves four teenage turtles in critical state as smuggling gangs ' exploit growing desperation ',turtles,33321,2.4
5746,McDaniel urges an end to congressional Russia-Trump probes ,McDaniel urges an end to congressional Russia-Trump sleepovers ,sleepovers,32211,1.8
12870,"To many , America ’s racial wealth gap remains invisible","To many , ghost ’s racial wealth gap remains invisible",ghost,22110,1.2
12217,UN child sex ring left victims but no arrests,UN child toy ring left victims but no arrests,toy,32100,1.2
10868,Ontario judge who wore Trump hat is off the bench,Ontario judge who wore Trump costume is off the bench,costume,32200,1.4
3277,One of the US 's largest health-insurance companies is dumping Obamacare ; Trump says law ' continues to fail ',One of the US 's largest health-insurance companies is dumping Obamacare ; Trump says barber ' continues to fail ',barber,32110,1.4
10463,NRA 's Wayne LaPierre says gun control advocates ' hate individual freedom ',NRA 's Wayne LaPierre says gun control advocates ' hate individual pizzas ',pizzas,32210,1.6
12542,White House asked FBI to discredit reports of Russia links ,White House asked FBI to discredit reports of Russia sausages ,sausages,33210,1.8
4051,' We 'll see ' : Trump addresses possible military retaliation to North Korean nuclear and missile tests,' We 'll see ' : Trump addresses possible military retaliation to North Korean nuclear and Geometry tests,Geometry,22210,1.4
1427,The Note : Trump sides with ‘ Chuck and Nancy ’ and burns Republicans ,The Note : Trump sides with ‘ Chuck and Nancy ’ and burns marshmallows ,marshmallows,33321,2.4
4669,"GOP Lawmakers Agree On Final Tax Package , Hatch Says","GOP Lawmakers Agree On Final Glitter Package , Hatch Says",Glitter,22110,1.2
13387,An email prankster pretending to be Reince Priebus got a very real rise out of Anthony Scaramucci,An email prankster pretending to be government got a very real rise out of Anthony Scaramucci,government,32100,1.2
10651,The Note : Trump sides with ‘ Chuck and Nancy ’ and burns Republicans ,The Note : Trump sides with ‘ Chuck and Nancy ’ and burns burgers ,burgers,32211,1.8
10735,US begins Section 301 investigation against China ,US begins Section 301 investigation against grandpa ,grandpa,22110,1.2
1558,"In Rebuke to Trump , President ’s Arts Committee Resigns En Masse","In Rebuke to Trump , President ’s hairdo Committee Resigns En Masse",hairdo,22222,2.0
9964,Trump threatens to cut aid to UN members who vote for withdrawing his Jerusalem decision,Trump threatens to cut aid to UN members who vote for withdrawing his haircut decision,haircut,33221,2.2
795, Trump falls short on ' drain the swamp ' promises, Plug falls short on ' drain the swamp ' promises,Plug,32221,2.0
10031,GOP Asked People To Sign A Presidents Day Card For Trump . It Did n’t Go Well .,GOP Asked monkeys To Sign A Presidents Day Card For Trump . It Did n’t Go Well .,monkeys,32110,1.4
11893,Enraged Bernie Supporter Opens Fire on Republicans After Realizing he Ca n't Get a Refund,Enraged Bernie Supporter Opens Fire on clowns After Realizing he Ca n't Get a Refund,clowns,32111,1.6
8860,"Police in Paris shoot man dead after he stabs several people in the Opera district , French media say","Police in Paris shoot man dead after he moons several people in the Opera district , French media say",moons,3222111100,1.3
7432,Dozens feared dead or missing after storm swamps the Philippines,Dozens feared dead or undead after storm swamps the Philippines,undead,32110,1.4
10726,Trump ’s budget makes it official : he ’s doing little to nothing about the opioid epidemic,Trump ’s intelligence makes it official : he ’s doing little to nothing about the opioid epidemic,intelligence,33100,1.4
6282,Trump ’s Footloose Foreign Policy Keeps His Own Team Guessing,Trump ’s Footloose Foreign Policy Keeps His Own Brain Guessing,Brain,22110,1.2
5117,"Trump ’s Pick For Agriculture Secretary Is A Climate Denier , Too","Trump ’s Pick For fiction Secretary Is A Climate Denier , Too",fiction,32210,1.6
5781,No Trump slump in tourism but there could be a Trump bump,No Trump slump in tourism but there could be a baby bump,baby,32110,1.4
641,"House OKs huge spending bill , next to Senate","House OKs huge taco bill , next to Senate",taco,33221,2.2
8818,"Trump 's ' overall health is excellent ' says doctor , weight loss a goal","Trump 's ' overall health is excellent ' says walrus , weight loss a goal",walrus,31110,1.2
3046, Man sucker punches 5-year-old in face on New York City subway !!!, Giraffe sucker punches 5-year-old in face on New York City subway !!!,Giraffe,33110,1.6
7747,Trump ’s Labor Dept wants salary to count on overtime rule,Trump ’s Labor Dept wants salary to count on fingers rule,fingers,32110,1.4
10525, Donald Trump Begins Yet Another Day By Attacking Jeff Sessions, Crocodile Begins Yet Another Day By Attacking Jeff Sessions,Crocodile,32220,1.8
7799,Trump says his London trip is off because he does n't like the embassy building ,Trump says his London trip is off because he does n't like the embassy bar ,bar,22110,1.2
13022,The N.F.L. Is Now One of the Most Divisive Brands in the U.S.,The N.F.L. Is Now One of the Most Divisive acronyms in the U.S.,acronyms,32100,1.2
13859,' It 's all explosive ' : Michael Wolff on Donald Trump ,' It 's all explosive ' : Michael Wolff on dynamite ,dynamite,3222221100,1.5
1250,Lawmakers Seek Facebook Data on Russian Election Meddling,Lawmakers Seek Facebook likes on Russian Election Meddling,likes,3322222210,1.9
2146,Donald Trump 's White House staff ' communicate through app which automatically deletes messages ',Donald Trump 's White House apes ' communicate through app which automatically deletes messages ',apes,33100,1.4
12891,Las Vegas security guard Jesus Campos disappears moments before TV interviews,Las Vegas security guard Jesus Campos resurrects moments before TV interviews,resurrects,32100,1.2
5254,Turkey backs Syrian rebels for serious operation in Idlib,Turkey backs Syrian rebels for serious ballet in Idlib,ballet,32110,1.4
2475,How soon will the alt-right win an election ? Neo-Confederate Corey Stewart came shockingly close in Virginia,How soon will the alt-right win an election ? Neo-Confederate dog came shockingly close in Virginia,dog,22110,1.2
5647,Former president 's movement disorder mimics Parkinson 's,Former president 's movement disorder mimics cheetah 's,cheetah,22110,1.2
1057,The strange collection of extremists running for office as Republicans,The strange collection of geckos running for office as Republicans,geckos,22211,1.6
13107,"Trump : If Dems Get Back in Power , They ’re Going to Raise Your Taxes ‘ Way Up High ’","Trump : If Dems Get Back in Power , They ’re Going to Raise Your Trousers ‘ Way Up High ’",Trousers,33322,2.6
971,Will Trump Be Impeached Based on Michael Flynn ’s Russia Revelations ?,Will Trump Be Impeached Based on Michael Flynn ’s Russia dressings ?,dressings,33111,1.8
9289,Trump is right -- California is out of control ,Trump is right -- California is out of oranges ,oranges,33321,2.4
11888,U.S. Has Discussed Nuclear Weapons in South Korea,U.S. Has Discussed Nuclear manure in South Korea,manure,32210,1.6
5071,"Paul Manafort , and the Weakness of Trump ","Paul Manafort , and the Weakness of chins ",chins,22110,1.2
3496,"Drilling In America ’s ‘ Crown Jewel ’ Is Indefensible , Former Interior Officials Say","Drilling In America ’s ‘ brain ’ Is Indefensible , Former Interior Officials Say",brain,22110,1.2
3608,Revealed : how Nike stays one step ahead of the taxman,Revealed : how Nike shimmies one step ahead of the taxman,shimmies,32210,1.6
14537,Why African millennials ca n't get enough of Bitcoin,Why African millennials ca n't understand enough of Bitcoin,understand,33220,2.0
8419,Barack Obama threatens to upstage Donald Trump 's Europe trip as he visits Germany,Barack Obama threatens to upstage Donald Trump 's Acid trip as he visits Germany,Acid,33321,2.4
10579,"Macron meets Russia 's Putin near Paris , promising tough talks","Macron meets Russia 's Putin near sewers , promising tough talks",sewers,32110,1.4
12743,Execs slam Trump 's decision to withdraw from Paris climate agreement,Execs slam Trump 's decision to withdraw from Paris croissant agreement,croissant,33100,1.4
3838,Delhi smog chokes India capital with air pollution 10 times worse than Beijing,Delhi curry chokes India capital with air pollution 10 times worse than Beijing,curry,33222,2.4
2102,"Trump hits Canada , Mexico , EU with steel and aluminum tariffs","Trump hits Canada , Mexico , EU with deodorant and aluminum tariffs",deodorant,22110,1.2
791,"Trucker damaged part of Peru 's world-renowned Nazca lines , officials say","Trucker damaged part of Peru 's world-renowned Nazca jockstraps , officials say",jockstraps,32110,1.4
1378,"Spending bill excludes border wall , but Trump declares victory anyway","Spending bill excludes painting wall , but Trump declares victory anyway",painting,22110,1.2
4812,3 reasons Devin Nunes must step away from the Trump probe ,3 reasons Devin Nunes must step away from the Trump hair ,hair,31110,1.2
3572,Report : Trump campaign had at least 18 undisclosed contacts with Russians during 2016 race,Report : Trump campaign had at least 18 undisclosed massages with Russians during 2016 race,massages,32210,1.6
3004,Donald Trump suggests second thoughts on Obamacare repeal : ' Do n't let the Schumer clowns out of this web ',Donald Trump suggests second thoughts on Obamacare repeal : ' Do n't let the Schumer clowns out of this car ',car,33211,2.0
2514,Five ways Dems could fight Trump if they win the House,Five ways Dems could confuse Trump if they win the House,confuse,33110,1.6
9867,Mueller ’s team interviewed Rosenstein over the summer,Mueller ’s team shaved Rosenstein over the summer,shaved,22111,1.4
6356,"With Mugabe in custody , Zimbabwe 's military denies coup ","With Mugabe in custody , Zimbabwe 's military denies breakdancing ",breakdancing,32100,1.2
5899,Cory Booker Votes Against Gay Trump Nominee After Posturing as Gay Rights Champion,Cory Booker Votes Against Gay Trump Nominee After Posturing as Gay Wrestling Champion,Wrestling,32220,1.8
14805,U.S. blocks use of Venezuela 's digital currency : White House,U.S. blocks use of Venezuela 's digital watch : White House,watch,32210,1.6
13725,Washington state readies to defend booming marijuana business from feds,Washington state readies to defend booming muffin business from feds,muffin,33221,2.2
6013,Trump ’s flashy executive actions could run aground,Trump ’s flashy dance actions could run aground,dance,32211,1.8
10814,Dem to unveil bill requiring a White House psychiatrist,Dem to unveil bride requiring a White House psychiatrist,bride,21111,1.2
8993,Saudi King ’s Son Plotted Effort to Oust His Rival,Saudi King ’s Son Plotted Effort to shave His Rival,shave,22210,1.4
5100,Alt-Right snowflakes play victim in hopes of mainstream sympathy,Alt-Right snowflakes play music in hopes of mainstream sympathy,music,22110,1.2
5430,Trump dines with South Korean president at White House,Trump sleeps with South Korean president at White House,sleeps,33100,1.4
13567,US Navy ship fired warning shots at an Iranian boat in the Persian Gulf,US Navy ship fired tequila shots at an Iranian boat in the Persian Gulf,tequila,33322,2.6
14570,Stephen Miller 's heated interview with CNN 's Jake Tapper earns Trump 's praise ,Stephen Miller 's heated interview with CNN 's Jake Tapper earns Trump 's erection ,erection,22221,1.8
12033,"Floods , landslides kill 11 on Indonesia 's main Java island","Floods , donkeys kill 11 on Indonesia 's main Java island",donkeys,31111,1.4
1984,Africa can not keep quiet about ' shocking ' Trump remark ,Africa can not keep quiet about ' shocking ' Trump toupee ,toupee,33321,2.4
8430,"Official Says Trump ’s Tax Plan , Led by Cohn , Will Be Released in Weeks","Official Says Trump ’s Burrito Plan , Led by Cohn , Will Be Released in Weeks",Burrito,22221,1.8
11398,House includes fund for border wall,House includes fund for padded wall,padded,33210,1.8
3600,"Should a Republican Healthcare bill actually emerge from the House , it will almost certainly be changed in the Senate .","Should a Republican Healthcare Scam actually emerge from the House , it will almost certainly be changed in the Senate .",Scam,33200,1.6
11193,What is the US-Russian hotline being used as possible Syria strike looms ?,What is the US-Russian hotline being used as possible clown strike looms ?,clown,32220,1.8
3726,Congo 's mining revenue ' missing ' - Global Witness,Congo 's mining revenue ' buried ' - Global Witness,buried,32100,1.2
13028,"Ex-President Luiz Inacio Lula da Silva defies court order to turn himself into police , hunkers down with supporters .","Ex-President Luiz Inacio Lula da Silva defies court order to turn himself into police , hunkers down with hunks .",hunks,33100,1.4
8184,One tiny sign of hope : At least Donald Trump ’s defense secretary seems to live in the real world,One tiny sign of hope : At least Donald Trump ’s appointments secretary seems to live in the real world,appointments,22221,1.8
12519,The White House says NFL teams should stop getting public money for new stadiums ,The White House says NFL teams should stop getting public money for new brains ,brains,31111,1.4
916,"Exclusive — Back on Offense : Conservatives Plan to Press for Official Congressional Investigation into James Comey , Loretta Lynch","Exclusive — Back on Offense : Conservatives Plan to fish for Official Congressional Investigation into James Comey , Loretta Lynch",fish,22110,1.2
12780,Trump doubles down on ' I inherited a mess ' claim,Trump dumbs down on ' I inherited a mess ' claim,dumbs,22110,1.2
4856,"Evidence Russia tipped election for Trump “ staggering , ” says former U.S. intelligence chief James Clapper","Evidence Russia tipped cow for Trump “ staggering , ” says former U.S. intelligence chief James Clapper",cow,32221,2.0
9454,"Trump threatens to terminate free trade deal with South Korea , says he wants Seoul to pay for THAAD","Trump threatens to terminate free puppy deal with South Korea , says he wants Seoul to pay for THAAD",puppy,33211,2.0
9345,RNC spent over $ 230K last month covering Trump 's legal fees in Russia investigations ,RNC spent over $ 230K last month covering Trump 's legal fees in Russia theater ,theater,22210,1.4
145,Joe Biden calls President Trump a liar in the nicest way ever,Joe Biden calls President Trump a psychopath in the nicest way ever,psychopath,32110,1.4
14901,Trump-drawn NYC sketch heads to auction ,Trump-drawn NYC sketch heads to incinerator ,incinerator,33310,2.0
9416,Jared Kushner 's shady business dealings evoke the nepotism and corruption of America 's Gilded Age,Jared Kushner 's shady snack dealings evoke the nepotism and corruption of America 's Gilded Age,snack,32210,1.6
5059,Could Roy Moore Be Expelled From The Senate If Elected ?,Could Roy Moore Be Expelled From The Galaxy If Elected ?,Galaxy,32222,2.2
3690,Chris Wallace slams Fox colleagues for ' bashing the media ',Chris Wallace slams Fox colleagues for ' bashing the pumpkin ',pumpkin,33211,2.0
521,New Delhi engulfed by pollution so bad United Airlines halts flights,New Delhi engulfed by odor so bad United Airlines halts flights,odor,32211,1.8
3917,"Pompeo Affirms , Reluctantly , That Russia Tried to Help Trump Win","Pompeo Affirms , Reluctantly , That monkeys Tried to Help Trump Win",monkeys,33321,2.4
1497,Trump wants you to take his tweets seriously . His aides do n’t .,Trump wants you to take his presidency seriously . His aides do n’t .,presidency,33210,1.8
8484,This voting reform solves 2 of America 's biggest political problems,This circus reform solves 2 of America 's biggest political problems,circus,22110,1.2
6763,Trump campaign had at least 18 undisclosed contacts with Russians during 2016 race,Trump campaign had at least 18 undisclosed contacts with aliens during 2016 race,aliens,33111,1.8
9980,British election : PM Theresa May under pressure ' to go ' after disastrous election result,British election : PM Theresa May under pressure ' to cry ' after disastrous election result,cry,32210,1.6
1715,"Some U.S. borrowers jailed over civil debts , new ACLU report shows","Some U.S. kittens jailed over civil debts , new ACLU report shows",kittens,22200,1.2
4583,Italian President Blocks Eurosceptic Coalition Govt,Italian linebacker Blocks Eurosceptic Coalition Govt,linebacker,22110,1.2
9757,"Despite Campaign Boasts , Trump Has No Idea How To Handle Classified Material","Despite Campaign Boasts , Trump Has No Idea How To Erase Classified Material",Erase,33300,1.8
10361, Man sucker punches 5-year-old in face on New York City subway !!!, Baby sucker punches 5-year-old in face on New York City subway !!!,Baby,33100,1.4
10566,"If weed is no longer a crime , why are people still behind bars ?","If weed is no longer a plant , why are people still behind bars ?",plant,21111,1.2
2263,Trump pulls US out of Paris climate change pact,Trump pulls US out of Paris Underwear change pact,Underwear,33200,1.6
14707, Ford rejected Michael Cohen ’s offer to provide legal services, monkey rejected Michael Cohen ’s offer to provide legal services,monkey,22110,1.2
11583,AT&amp;T CEO : ' We ’re prepared to litigate now ' over Time Warner deal,AT&amp;T CEO : ' We ’re prepared to cry now ' over Time Warner deal,cry,22210,1.4
3489, Shooting reported on Louisiana college campus ; 2 injured, laughing reported on Louisiana college campus ; 2 injured,laughing,32110,1.4
9779," Today in Trump : February 11 , 2017"," Stormy in Trump : February 11 , 2017",Stormy,33000,1.2
6352,Trump Met Russian Ambassador During Campaign at Speech Reception,Trump seduced Russian Ambassador During Campaign at Speech Reception,seduced,32110,1.4
1475,"Iowa senator defends tax plan by implying non-wealthy spend their money on "" booze and women ""","Iowa senator defends tax plan by implying non-wealthy spend their money on "" booze and cheese """,cheese,22200,1.2
10810,Workers at Chinese Factory for Ivanka Trump ’s Clothing Paid $ 62 a Week : Report,Workers at Chinese Factory for Ivanka Trump ’s nose Paid $ 62 a Week : Report,nose,31110,1.2
12329,"Major Referendum Today in Turkey , Decision on Whether or Not To Expand Turkish President Erdogan 's Power and Role","Major Referendum Today in Turkey , Decision on Whether or Not To Expand Turkish President Erdogan 's kitchen and Role",kitchen,32111,1.6
12235,"IMF cuts U.S. growth outlook , cites uncertainty around Trump policies ","IMF cuts U.S. growth outlook , cites uncertainty around Trump toupees ",toupees,32220,1.8
2559,Donald Trump Endorses Keeping Senate in Session Seven Days a Week to Get Nominees Approved,Donald Trump Endorses Keeping Senate in Jail Seven Days a Week to Get Nominees Approved,Jail,32222,2.2
12782,Andrew McCabe 's fishy resignation exposes House Oversight Committee cowardice,Andrew McCabe 's fishy resignation exposes House overweight Committee cowardice,overweight,31110,1.2
5983,"Roy Moore accuser 's lawyer issues scathing response to request to appear on "" Hannity "" - Business Insider","Roy Moore accuser 's dog issues scathing response to request to appear on "" Hannity "" - Business Insider",dog,32210,1.6
4465,Can Democrat Beto O'Rourke beat Ted Cruz in Texas ?,Can Democrat Beto O'Rourke beat Ted Cruz in Checkers ?,Checkers,22221,1.8
2,How should you react to a missile alert ?,How should you react to a puppy alert ?,puppy,22110,1.2
14229,Sen. Bob Hertzberg will cooperate with investigation into unwanted hugs ,Sen. Bob Hertzberg will cooperate with investigation into unwanted hairpieces ,hairpieces,22210,1.4
4593,Tech and entertainment activists launch an app to ' Block the Bully ' Donald Trump on Twitter,Tech and entertainment activists Install an app to ' Block the Bully ' Donald Trump on Twitter,Install,31110,1.2
12447,Trump invites Coast Guard members to West Palm Beach golf club,Trump invites Coast Guard members to West Palm Beach strip club,strip,33321,2.4
14115,Eric Trump : My father has ' zero conflicts of interest ',Eric Trump : My nose has ' zero conflicts of interest ',nose,22210,1.4
14307,Ten of Trump 's budget 's cruelest cuts,Ten of Trump 's salami 's cruelest cuts,salami,32110,1.4
6863,"Top Russian Court Bans Jehovah 's Witnesses , Claiming ' Extremist Activities '","Top Russian Court Bans Jehovah 's deodorant , Claiming ' Extremist Activities '",deodorant,32200,1.4
1376,"Trump , Putin to hold bilateral meeting ","Trump , Putin to hold bilateral bromance ",bromance,33210,1.8
9404,How states can fix the Electoral College and prevent future Trumps,How states can rig the Electoral College and prevent future Trumps,rig,21111,1.2
14587,Emma Gonzalez survived the Florida shooting . Now she ’s taking on Trump and the NRA .,Emma Gonzalez survived the Florida shooting . Now she ’s dunking on Trump and the NRA .,dunking,32111,1.6
14214,Navarro : Do not joke about American diplomats - CNN Video,Navarro : Do not joke about American eagles - CNN Video,eagles,22110,1.2
8073,"Obama Supports The Wrong Candidate In France 's Election , While Others Endorse Melenchon","Obama Supports The Wrong risotto In France 's Election , While Others Endorse Melenchon",risotto,22110,1.2
6479,Chelsea Manning Walks Free After Serving 7 Years Of A 35-Year Sentence ,Chelsea Manning Walks Free After Serving 7 Years Of A 35-Year nap ,nap,32210,1.6
13951,Trump Ca n't Bring Back All Those Jobs From China . Here 's What He Can Do,Trump Ca n't Bring Back All Those pandas From China . Here 's What He Can Do,pandas,32221,2.0
11531,"President Trump Set to Visit a Traumatized , Divided Las Vegas ","President Trump Set to Visit a Traumatized , Divided highway ",highway,22110,1.2
4157,Former intel chief Hayden : Trump ‘ willing to throw almost anything against the wall ’ to ‘ de-legitimize ’ Mueller probe,Former intel chief Hayden : Trump ‘ willing to rub almost anything against the wall ’ to ‘ de-legitimize ’ Mueller probe,rub,3332221110,1.8
9476,GOP ’s unsolved Obamacare dilemma : Inflict widespread pain or admit defeat ?,GOP ’s unsolved Obamacare dilemma : Inflict widespread pain or admit insanity ?,insanity,32200,1.4
14563,Barack Obama threatens to upstage Donald Trump 's Europe trip as he visits Germany,Barack Obama threatens to upstage Donald Trump 's Europe trip as he rules Germany,rules,32100,1.2
5427,EU plans talks as egg scandal hits 17 countries,EU plans talks as egg hunt hits 17 countries,hunt,22211,1.6
12894,Donald Trump travel ban : Syrian woman in Oscar-nominated film is barred from US ahead of awards ceremony,Donald Trump menstruating ban : Syrian woman in Oscar-nominated film is barred from US ahead of awards ceremony,menstruating,32100,1.2
573,Charlotte Pence : I Bought The Gay Bunny Book,Charlotte Pence : I Wrote The Gay Bunny Book,Wrote,32220,1.8
286,"NBC corrects story that Trump attorney Michael Cohen was wiretapped , intercepted White House call","NBC corrects story that Trump attorney Michael Cohen was wiretapped , intercepted jail House call",jail,32100,1.2
2892,"Peacekeeping , African warlords and Donald Trump ","Peacekeeping , African warlords and pastries ",pastries,22211,1.6
7206,Letting Obamacare Fail Would Break Trump 's Oath ,Letting Obamacare Fail Would Break Trump 's heart ,heart,33321,2.4
4546,White House Was Warned of Aide 's Background Months Earlier Than Acknowledged,White House Was Warned of Aide 's Odor Months Earlier Than Acknowledged,Odor,33211,2.0
357,Trump set to meet Pope and Italian PM Gentiloni .,Trump set to trip Pope and Italian PM Gentiloni .,trip,32110,1.4
12957,"Mike Tyson denied entry into Chile , to be sent back to US","Mike Tyson denied entry into kindergarten , to be sent back to US",kindergarten,33310,2.0
13659,"The Trump administration is n’t a climate scientist , but it plays one on policy decisions","The Trump administration is n’t a climate scientist , but it plays one on horrible decisions",horrible,31110,1.2
1296,"' We have plenty of time ' : Congress may delay decision on fate of 700,000 Dreamers ","' We have plenty of time ' : Congress may delay decision on fate of 700,000 coconuts ",coconuts,32111,1.6
7814,Mick Mulvaney 's Warning : Massive cuts are coming to the federal government,Mick Mulvaney 's Warning : Massive meats are coming to the federal government,meats,21111,1.2
10900,The Supreme Court ’s Blockbuster Term ,The Supreme Court ’s Blockbuster movies ,movies,33110,1.6
11220,Ex-CIA officer held over secret files ,Ex-CIA officer held over secret handshake ,handshake,33211,2.0
12872,The GOP 's Obamacare repeal plan is out -- and it 's even worse than anyone expected,The GOP 's Obamacare repeal Commercial is out -- and it 's even worse than anyone expected,Commercial,32200,1.4
4763,Trump 's State Of The Union Victory Lap On ISIS Is Garbage,Trump 's State Of The Union Victory Lap On bicycle Is Garbage,bicycle,32100,1.2
4423,The corporate media ignores the rise of oligarchy . The rest of us should n't,The corporate media ignores the rise of yeast . The rest of us should n't,yeast,22111,1.4
1768,Trump could n't find hotel to book for G-20 : report,Trump could n't find brothel to book for G-20 : report,brothel,32221,2.0
6960,Erdogan 's Security Team Violently Clashes With Kurdish Protesters In Washington,Erdogan 's Security Team Violently parties With Kurdish Protesters In Washington,parties,22111,1.4
4520,GOP rep. wo n't say which state options he prefers,GOP rep. wo n't say which steak options he prefers,steak,32100,1.2
4220,Who is Carter Page and why did the FBI suspect he was a Russian agent ?,Who is Carter Page and why did the FBI suspect he was a Russian pet ?,pet,22111,1.4
1141,Erick Erickson : Trump 's Russia Leak Is ' Far Worse ' Than Reported,Erick Erickson : Trump 's Tanning Leak Is ' Far Worse ' Than Reported,Tanning,32211,1.8
8216,"Danish inventor confesses to dismembering journalist Kim Wall , police say","Danish inventor confesses to tickling journalist Kim Wall , police say",tickling,32210,1.6
229,Bill Maher calls President Trump a “ whiny little bitch ” who is n’t adulting,Bill Maher calls toddler a “ whiny little bitch ” who is n’t adulting,toddler,33221,2.2
8867,Pew poll : 61 percent back legalization of pot,Pew poll : 61 percent back gifting of pot,gifting,32221,2.0
2339,Paul Manafort asked a judge to let him go to the Hamptons for Christmas,Paul Manafort asked a judge to let him go to the circus for Christmas,circus,22221,1.8
10990,Russia scandal creeps on : White House is badly compromised after Comey ’s testimony ,Russia scandal creeps on : White House is badly compromised after Comey ’s lunch ,lunch,22110,1.2
11745,White House says Trump unaware of Flynn 's foreign agent work,White House says Trump unaware of Flynn 's foreign singing work,singing,31111,1.4
1969,Dotard : Kim Jong Un claps back at Trump 's ' Rocket Man ',Dotard : Kim Jong Un claps back at Trump 's ' haircut ',haircut,33322,2.6
1794,"Trump 's attorney being investigated for bank fraud , campaign finance violations : report","Trump 's attorney being investigated for coupon fraud , campaign finance violations : report",coupon,21111,1.2
7425,Enraged Bernie Supporter Opens Fire on Republicans After Realizing he Ca n't Get a Refund ,Enraged Bernie Supporter Opens Fire on Republicans After Realizing he Ca n't Get a coffee ,coffee,32100,1.2
8407,North Carolina Governor Says He 'll Issue Executive Order For Full LGBTQ Rights ,North Carolina Governor Says He 'll Issue Executive Order For Full LGBTQ Wardrobe ,Wardrobe,32110,1.4
5454,Pence calls on Mueller to wrap up ' Russia probe ,Pence calls on Mueller to wrap up ' Russia sandwich ,sandwich,22111,1.4
14499,Sessions reportedly told White House that he might leave if Rosenstein is fired,Sessions reportedly told White House that he might cry if Rosenstein is fired,cry,33211,2.0
2540,Fox News co-president Bill Shine resigns amid network turmoil,Fox News co-president Bill Shine resigns amid tummy turmoil,tummy,22110,1.2
12815,Donald Trump Begins Yet Another Day By Attacking Jeff Sessions,Donald Trump Begins Yet Another Day By Hugging Jeff Sessions,Hugging,32211,1.8
3593,Zimbabwe crowns first ' Miss Albino ' in bid to tackle stigma ,Zimbabwe crowns first ' Miss Albino ' in bid to tackle football ,football,32220,1.8
9413, Trump 's first year has been the private prison industry 's best, Gang 's first year has been the private prison industry 's best,Gang,22110,1.2
13879,France is ‘ hunting down its citizens who joined Isis ’ without trial in Iraq,France is ‘ hunting down its citizens who joined veganism ’ without trial in Iraq,veganism,22220,1.6
2774,Donald Trump ' should lift sanctions and use aid instead of weapons ' on North Korea,Donald Trump ' should lift weights and use aid instead of weapons ' on North Korea,weights,3322221000,1.5
3559,"Flynn 's lawyers split from Trump , signaling possible cooperation with Mueller : NY Times","Flynn 's lawyers split from Trump , signaling possible sleepover with Mueller : NY Times",sleepover,33331,2.6
4649,"Lower-income earners face tax increases under revised Senate bill , new congressional analysis says","Lower-income earners face tax monsters under revised Senate bill , new congressional analysis says",monsters,22110,1.2
13079,Qualcomm to meet China regulators in push to clear $ 44 billion NXP deal .,Qualcomm to meet China overlords in push to clear $ 44 billion NXP deal .,overlords,22110,1.2
9216,Republicans ask court to block congressional map ,Republicans ask court to block congressional nap ,nap,33111,1.8
10176,Indian and Chinese troops clash in disputed Himalayan border region,Indian and Chinese Restaurants clash in disputed Himalayan border region,Restaurants,32222,2.2
9921,Trump To Unveil Legislation Limiting Legal Immigration ,Trump To Unveil Legislation Limiting Legal cupcakes ,cupcakes,32210,1.6
302,"Ted Cruz Tweets Zodiac Killer Confession , Extending the Internet 's Favorite Meme","Ted Cruz sings Zodiac Killer Confession , Extending the Internet 's Favorite Meme",sings,32100,1.2
11215,AP FACT CHECK : Trump and the Washington blame game,AP FACT CHECK : Trump and the Washington fame game,fame,32100,1.2
2091,US says refugee admissions wo n't be suspended until July 12,US says leprechaun admissions wo n't be suspended until July 12,leprechaun,33221,2.2
5342,Police say 39 people detained over neo-Nazi march in Berlin,Police say 39 dachshunds detained over neo-Nazi march in Berlin,dachshunds,32210,1.6
14635,"Roy Moore accuser 's lawyer issues scathing response to request to appear on "" Hannity "" - Business Insider","Roy Moore accuser 's lawyer issues scathing response to request to strip on "" Hannity "" - Business Insider",strip,33110,1.6
1075,Republicans unveil harder-line fix for DACA,Republicans unveil harder-line font for DACA,font,31110,1.2
6582,North Korea test-fires missile amid high tensions with U.S.,North Korea test-fires missile amid high fives with U.S.,fives,33100,1.4
6205,Corker vows to block arms sales to Gulf countries amid Qatar crisis,Corker vows to block camel sales to Gulf countries amid Qatar crisis,camel,22110,1.2
9265,"Russian prisoners transported in ' cruel , inhuman and degrading conditions in train carriages from Soviet era '","Russian prisoners transported in ' cruel , inhuman and degrading conditions in baby carriages from Soviet era '",baby,33211,2.0
10001,North Korea ICBMs : Pyongyang says it will conduct nuclear missile test ' anytime and anywhere it wants ',North Korea ICBMs : Pyongyang says it will conduct nuclear meme test ' anytime and anywhere it wants ',meme,32221,2.0
6421,Andrew McCabe lawyer considers suing for defamation after Trump tweet ,Andrew McCabe lawyer considers suing for defamation after Trump dance ,dance,22221,1.8
14622,"Syrian President Assad faces international pressure to step down , but in Damascus there is a mood of defiance","Syrian President Assad faces international pressure to fall down , but in Damascus there is a mood of defiance",fall,22110,1.2
7166,"In court , a Turkish journalist delivers a searing attack on the government ","In court , a Turkish journalist delivers a searing attack on the hookah ",hookah,22211,1.6
8844, Enjoy Wine More With These Helpful Tips, Chug Wine More With These Helpful Tips,Chug,32111,1.6
4903,Hamas makes demands as UN chief arrives in Gaza for visit,Hamas makes pretzels as UN chief arrives in Gaza for visit,pretzels,21111,1.2
14459,"Turkey suspends 9,103 police personnel over alleged links with failed coup : CNN Turk","Turkey roasts 9,103 police personnel over alleged links with failed coup : CNN Turk",roasts,33220,2.0
2529,"Why Trump would really , really rather not fire Scott Pruitt","Why Trump would really , really rather not kiss Scott Pruitt",kiss,32210,1.6
4032,Donald Trump 's unprecedented first year in the White House in numbers,Donald Trump 's unprecedented first burger in the White House in numbers,burger,22110,1.2
14057,Trump ’s Trillion Dollar Pledge to Fix Bridges and Roads Could be Challenging . .,Trump ’s Trillion Dollar Pledge to Fix Bridges and hair Could be Challenging . .,hair,33321,2.4
2252,"Syria Vows To Sign Paris Agreement , Leaving U.S. Alone In Climate Denial .","Syria Vows To Sign autograph , Leaving U.S. Alone In Climate Denial .",autograph,22200,1.2
12323,An email prankster pretending to be Reince Priebus got a very real rise out of Anthony Scaramucci,An email prankster pretending to be gay got a very real rise out of Anthony Scaramucci,gay,33110,1.6
14422,President Trump says he wo n't fire special counsel Robert Mueller : ' I 'm not dismissing anybody ',President Trump raps he wo n't fire special counsel Robert Mueller : ' I 'm not dismissing anybody ',raps,32210,1.6
11196,Macron condemns ' massive ' hacking attack as documents leaked - BBC News,Macron condemns ' massive ' hacking attack as roof leaked - BBC News,roof,22200,1.2
5766,"Trump firing Mueller ? Impeachment would follow , two Republican senators say .","Trump firing Mueller ? Celebration would follow , two Republican senators say .",Celebration,32111,1.6
1031,A Jeff Sessions Adviser Thinks Doctors Should Force Suspected Addicts Into Rehab And Drug Test All Patients,A Jeff Sessions Adviser Thinks Doctors Should Force Suspected Democrats Into Rehab And Drug Test All Patients,Democrats,33220,2.0
7971, Read the full text of Trump 's infrastructure plan, Sing the full text of Trump 's infrastructure plan,Sing,22210,1.4
13877,"Moderate incumbent Rouhani leads in vote count for Iranian presidency , preliminary results show","Moderate incumbent Rouhani leads in mole count for Iranian presidency , preliminary results show",mole,22110,1.2
11164,Trump is reportedly being investigated for obstruction of justice ,Trump is reportedly being investigated for obstruction of sun ,sun,32110,1.4
873,Reporter says Donald Trump used alter ego ' John Barron ' to get onto Forbes 400 list,Reporter says Donald Trump used giant ego ' John Barron ' to get onto Forbes 400 list,giant,32210,1.6
11651,Donald Trump boasts that his nuclear button is bigger than Kim Jong-un 's,Donald Trump boasts that his nuclear ignorance is bigger than Kim Jong-un 's,ignorance,33321,2.4
4955,Trump Team Knew Flynn Was Under Investigation Before He Came to White House,Trump Team Knew Flynn Was Under Influence Before He Came to White House,Influence,33210,1.8
12083,Mueller Deflates Trump 's Claim That Russia Meddling Was a Hoax,Mueller Deflates balloon 's Claim That Russia Meddling Was a Hoax,balloon,22110,1.2
2599,Officials expect DeVos to resign from Trump Administration .,Officials expect DeVos to resign from Trump club .,club,32220,1.8
10507,Study : Hillary Clinton ’s emails got as much front-page coverage in 6 days as policy did in 69,Study : Hillary Clinton ’s emails got as much front-page coverage in 6 days as haircut did in 69,haircut,22200,1.2
10592,Could a Democrat actually beat Ted Cruz this year ?,Could a Democrat actually marry Ted Cruz this year ?,marry,31110,1.2
4045,17-Year-Old Transgender Boy Wins Texas Girls ' Wrestling Championship,17-Year-Old Transgender Boy Wins Texas Girls ' drinking Championship,drinking,22222,2.0
11241," Earthquake hits Indonesia 's Java island , deaths reported"," Coffee hits Indonesia 's Java island , deaths reported",Coffee,22210,1.4
2789,Why Americans hate paying taxes,Why Poodles hate paying taxes,Poodles,22211,1.6
1255,Trump ’s increasingly confrontational approach to Mueller enabled by congressional GOP timidity ,Trump ’s increasingly confrontational approach to Mueller enabled by congressional GOP stupidity ,stupidity,32210,1.6
3089, Study Predicts Deserts in Spain If Global Warming Continues, Wizard Predicts Deserts in Spain If Global Warming Continues,Wizard,32211,1.8
7274,Indonesia ’s Aceh canes couples for public shows of affection,Indonesia ’s Aceh marries couples for public shows of affection,marries,22111,1.4
14715,"Mick Mulvaney ’s snake oil : A blend of bad science , bad math and really bad politics ","Mick Mulvaney ’s snake oil : A blend of bad science , bad math and really bad breath ",breath,32200,1.4
4134,Germany 's fighter jets may not be fit for NATO service,Germany 's fighter apes may not be fit for NATO service,apes,32211,1.8
2535,Report : GOP Rep. urged woman from affair to get abortion despite his anti-abortion stance,Report : GOP Rep. urged woman from internet to get abortion despite his anti-abortion stance,internet,32111,1.6
3895,TRUMP : Our country needs a good ' shutdown ' in September !,TRUMP : Our laptop needs a good ' shutdown ' in September !,laptop,32110,1.4
7433,Report : Trump 's lawyer hand-delivered Michael Flynn a plan to lift sanctions on Russia,Report : Trump 's lawyer hand-delivered Michael Flynn a plan to lift weights on Russia,weights,22211,1.6
10471,Republicans still at odds over Obamacare after closed-door meeting ,Republicans still at odds over Obamacare after closed-door seance ,seance,32111,1.6
488,Idaho Is Fastest-Growing State in U.S.,Idaho Is Fastest-Growing Potato in U.S.,Potato,32110,1.4
7044,"Trump 's approval rating up after tough North Korea talk , new poll shows","Trump 's approval rating up after tough North Korea talk , new bragging shows",bragging,22110,1.2
10410,This Female Bernie Sanders Might Run For Governor of Iowa,This Female Hamster Might Run For Governor of Iowa,Hamster,31110,1.2
10731,Congress has a reached a deal fund the government ,Congress has a reached a deal fund the zombies ,zombies,33222,2.4
5924,SCTV cast to reunite for a fund raiser : How Dave Thomas created the classic Canadian stereotype ,SCTV cast to reunite for a fund raiser : How Dave Thomas created the classic Canadian bacon ,bacon,22110,1.2
7829,Judge issues gag order in Manafort-Gates case,Judge issues gag sound in Manafort-Gates case,sound,33210,1.8
1756,"Russia Sanctions : Donald Trump is Hostage to Congress And Like Hillary Clinton , Moscow Says","Russia Sanctions : Donald Trump is Hostage to monkeys And Like Hillary Clinton , Moscow Says",monkeys,32211,1.8
13599,"Congress releases more than 3,500 Russian-bought Facebook ads","Congress posts more than 3,500 Russian-bought Facebook ads",posts,22200,1.2
12379,Jerry Brown Compares Trump Supporters to Cave-dwellers at NY Climate Change Meeting,Jerry Brown Compares Trump Supporters to Cave-dwellers at NY Sex Change Meeting,Sex,33211,2.0
117,Trump ’s Muslim ban is no surprise : Our new president ’s agenda is fueled by white nationalism ,Trump ’s Muslim ban is no surprise : Our new president ’s agenda is fueled by white bread ,bread,32211,1.8
12226,Exxon Mobil fined $ 2 million for violating sanctions against Russia when Rex Tillerson was CEO,Exxon Mobil fined $ 2 million for violating sanctions against dinosaurs when Rex Tillerson was CEO,dinosaurs,32111,1.6
8647,Thousands of women march in cities across the world to express support for President Trump ,Thousands of women march in cities across the world to express support for tampons ,tampons,32210,1.6
10562,Remember all those left-wing pundits who drooled over Venezuela ?,Remember all those left-wing pundits who drooled over Cheeseburgers ?,Cheeseburgers,32111,1.6
2814,Secret Service protection for Donald Trump Jr. reactivated : report,Secret handshake protection for Donald Trump Jr. reactivated : report,handshake,22222,2.0
11896,This Is What Happens When You Let Trump Be Trump,This Is What Happens When You Let halloweeners Be Trump,halloweeners,22110,1.2
9213,How Kim Jong Un ‘ Baited ’ Trump Into Canceling The North Korea Summit ,How Kim Jong Un ‘ Baited ’ Trump Into Canceling The North Korea kimchi ,kimchi,32200,1.4
12938,Trump defends decision to keep “ political and long ” Democratic memo under wraps,Trump defends decision to keep “ political and long ” Democratic presents under wraps,presents,32200,1.4
13202,"Sean Spicer : Angry Republican town halls were a ‘ bit of professional , manufactured protest ’","Sean Spicer : Angry Republican Dance halls were a ‘ bit of professional , manufactured protest ’",Dance,22111,1.4
4421,"Joe Biden 's niece pleads guilty to stealing credit card , $ 100k in fraud - no jail time","Joe Biden 's niece pleads guilty to stealing credit card , $ 100k in fraud - no nap time",nap,32110,1.4
689,Sanders slams Trump 's request for billions to build wall he said Mexico would pay for,Sanders slams Trump 's request for midgets to build wall he said Mexico would pay for,midgets,32100,1.2
13030,"Romney on Moore : ' No majority is worth losing our honor , our integrity '","Romney on Moore : ' No majority is worth losing our honor , our macaroni '",macaroni,32210,1.6
13256,"Trump ’s conflicts are unprecedented , but not unique : A short history of Republican corruption ","Trump ’s conflicts are unprecedented , but not unique : A short history of Republican neckties ",neckties,22110,1.2
10051,Hundreds Of Thousands Of ' Missing ' Educators ; A Hundred Thousand Homeless Students ,Hundreds Of Thousands Of ' Missing ' Educators ; A Hundred Thousand Homeless bananas ,bananas,32110,1.4
14902,Judge prepared to order first DREAMer deported under Trump back to U.S. to make his case ,Judge prepared to order first DREAMer deported under Trump back to U.S. to make his dinner ,dinner,33220,2.0
12013,Margaret Atwood : US going ' back to Puritan values ' under Trump,Margaret Atwood : US going ' back to no values ' under Trump,no,32110,1.4
9572,Britain has 10-day absolute deadline to deliver on key Brexit issues : Tusk,Britain has 10-day absolute deadline to wiggle on key Brexit issues : Tusk,wiggle,32100,1.2
450,China 's ' Ice Boy ' Kicked Out of New School After One Week,China 's ' Ice Boy ' Melts Out of New School After One Week,Melts,22110,1.2
10473,Mattis asks former U.S. ambassador Anne Patterson to take a top job at the Pentagon ,Mattis asks former U.S. ambassador Anne Patterson to take a top job at the brothel ,brothel,33321,2.4
11371,South Korea Court Approves Arrest of Samsung Heir Jay Y. Lee,South Korea Court Approves fleecing of Samsung Heir Jay Y. Lee,fleecing,31110,1.2
5698,Us Weekly gives Ivanka Trump credit for failing ,Us Weekly gives Ivanka Trump credit for sleeping ,sleeping,32220,1.8
14275,"UK 's Houses of Parliament network blocked 24,473 porn website access attempts in 5 months ","UK 's Houses of Parliament network blocked 24,473 porn website access attempts in 5 minutes ",minutes,22200,1.2
3862,Trump lashes out at press during Arizona rally,Trump lashes out at self during Arizona rally,self,32110,1.4
11325,Kushner Ally Rob Porter Resigns from White House amid Domestic Abuse Allegations,Kushner Ally Rob Porter Resigns from clown House amid Domestic Abuse Allegations,clown,32200,1.4
7105,The FBI is leading an investigation into Donald Trump ’s connections with Russia ,The FBI is leading an investigation into Donald Trump ’s connections with children ,children,32111,1.6
962,US flies two B-1 bombers over South Korea after North Korea missile launch,US flies two B-1 bombers over South Korea after North Korea product launch,product,33211,2.0
2839,Democratic National Committee Asks Its Entire Staff To Resign ,Democratic National Committee Asks Its Entire Staff To Prom ,Prom,32210,1.6
10464,Illinois Congressman : Poverty Plays A Large Role In Chicago Gun Violence,Illinois Congressman : Gun Plays A Large Role In Chicago Gun Violence,Gun,33300,1.8
2416,House chaplain wins job back after scalding letter to Paul Ryan,House chaplain wins job back after love letter to Paul Ryan,love,32211,1.8
1745,House Republicans just voted to gut the independent office overseeing their ethics ,House Republicans just voted to gut the independent office overseeing their laundry ,laundry,33200,1.6
1033,Trump doubles down on ' I inherited a mess ' claim,Trump doubles down on ' I made a mess ' claim,made,3332222111,2.0
6103, Egypt singer jailed for ' inciting debauchery ' in music video, Karaoke singer jailed for ' inciting debauchery ' in music video,Karaoke,33100,1.4
9435,Trump And Russia : Stephen Colbert Says He Was Followed During Secret Moscow Trip,Trump And Russia : Stephen Colbert Says He Was Followed During Secret bathroom Trip,bathroom,31111,1.4
4095,"Wikileaks ' Sceptical ' Macron Leaks Fake , As Russia Falls Under Spotlight","Wikileaks ' Sceptical ' Macron Leaks Fake , As Russia Dances Under Spotlight",Dances,22110,1.2
1034,"Trump cancels meeting with North Korea , citing ' tremendous anger and open hostility '","Trump cancels meeting with North Korea , citing ' tremendous anger and open sesame '",sesame,31110,1.2
3407,No. 2 Senate Republican : ‘ Big mistake ’ to fire Mueller,No. 2 Senate Republican : ‘ Big mistake ’ to grope Mueller,grope,32221,2.0
10157,Sean Spicer has a problem : Melissa McCarthy ,Sean Spicer has a problem : gum ,gum,33210,1.8
4433,Here 's how Wall Street is reacting to Trump 's tax plan,Here 's how sesame Street is reacting to Trump 's tax plan,sesame,33321,2.4
3283,OnPolitics Today : Get ready to Wolff up that book ,OnPolitics Today : Get ready to Wolff up that steak ,steak,32110,1.4
5192,"Trump has pledged $ 1 million to Harvey relief , White House says","Trump has pledged $ 1 million to itch relief , White House says",itch,32222,2.2
5711,Eric Trump : My father has ' zero conflicts of interest ',Eric Trump : My infant has ' zero conflicts of interest ',infant,32100,1.2
7830,House Dem : ' We ’ve seen a lot of contact ' between Trump Jr. and Russians,House Dem : ' We ’ve seen a lot of kissing ' between Trump Jr. and Russians,kissing,3222211000,1.3
43,"Republican Debbie Lesko wins Arizona special election , NBC News projects","Republican Debbie Lesko wins Arizona special cupcake , NBC News projects",cupcake,33211,2.0
10782,Robert Mueller reportedly looking into Trump 's ' attempt to oust ' Jeff Sessions,Robert Mueller reportedly looking into Trump 's ' attempt to wrestle ' Jeff Sessions,wrestle,32220,1.8
1349,U.S. consumer protection official puts Equifax probe on ice,U.S. consumer protection official puts Equifax champagne on ice,champagne,33110,1.6
6839,"Trump , Pence travel to Charlotte for Rev. Billy Graham 's funeral ","Trump , Pence travel to Charlotte for Rev. Billy Graham 's cake ",cake,22210,1.4
3963,Mexico Sends Top Official to California Help Illegal Aliens Avoid Deportation,Mexico Sends Top Official to California Help otters Avoid Deportation,otters,32100,1.2
14178,Second judge denies Scott Walker ’s request to delay special elections ,Second judge denies Scott Walker ’s request to delay special sauce ,sauce,22210,1.4
12941,Phoenix : Arizona 's Republican Governor will not attend Donald Trump 's rally amid fears over potential violence,Phoenix : Arizona 's Republican Governor will not attend Donald Trump 's birthday amid fears over potential violence,birthday,22110,1.2
12395,North Korea is ' on an aggressive schedule ' to develop a ballistic missile submarine,North Korea is ' on an aggressive schedule ' to develop a ballistic party submarine,party,32220,1.8
14815,U.S. launches dozens of missiles in response to chemical weapons attack,U.S. launches dozens of missiles in response to marshmallow weapons attack,marshmallow,32111,1.6
8964,There 's a contradiction within Republican ' plans ' to replace Obamacare,There 's a contradiction within Republican ' brains ' to replace Obamacare,brains,32221,2.0
13439,"Trump 's history of breaking decorum with remarks on race , ethnicity","Trump 's history of breaking wind with remarks on race , ethnicity",wind,33100,1.4
3292,Former presidents raise $ 31 million for hurricane relief fund,Former presidents raise $ 31 million for headache relief fund,headache,22110,1.2
13721,Graham rips into White House 's Stephen Miller ,Graham rips into White House 's butler ,butler,32110,1.4
10409,Australian government unveils gun amnesty amid terror warnings,Australian government unveils gun amnesty amid kangaroo warnings,kangaroo,32100,1.2
7953,Senate Bill Does n’t Have House ’s Tax Break for ‘ Unborn Children ’,Senate Bill Does n’t Have House ’s Tax Break for ‘ Unborn puppies ’,puppies,22110,1.2
6601,"AP FACT CHECK : Trump 's not-so-big deals on opioids , aid","AP FACT CHECK : Trump 's not-so-big hands on opioids , aid",hands,32211,1.8
932,GOP ' chickens ' just do n't get it on tax reform,GOP ' chickens ' just do n't get it on poultry reform,poultry,32221,2.0
5125,House Republicans preparing to subpoena Comey memos ,House Republicans preparing to subpoena Comey emojis ,emojis,32210,1.6
7724,"Suddenly , the GOP tax bill has morphed into an attack on your healthcare ","Suddenly , the GOP tax bill has morphed into an attack on your looks ",looks,22221,1.8
14773,Shark attacks cause cancellation of World Surf League event,Shark attacks cause fascination of World Surf League event,fascination,32100,1.2
4067,Trump push for border wall threatens to cause government shutdown,Trump push for Velcro wall threatens to cause government shutdown,Velcro,22211,1.6
8761,Trump administration may force CNN to be sold as part of $ 85bn deal,Trump administration may force CNN to be sold as scraps of $ 85bn deal,scraps,22110,1.2
9868,Mattis asks former U.S. ambassador Anne Patterson to take a top job at the Pentagon ,Mattis asks former U.S. ambassador Anne Patterson to take a top job at the circus ,circus,33221,2.2
13672,BET founder : Trump 's economy is bringing black workers back into the labor force,BET founder : Trump 's economy is bringing black comedians back into the labor force,comedians,32220,1.8
14940,$ 2.7 billion Christmas lottery in Spain [ Video ],$ 2.7 billion Christmas tree in Spain [ Video ],tree,22111,1.4
11825,How should you react to a missile alert ?,How should you react to a nerd alert ?,nerd,32221,2.0
12151,George W. Bush to raise money for Ed Gillespie in Virginia,George W. Bush to raise dead for Ed Gillespie in Virginia,dead,33210,1.8
7969,"In court , a Turkish journalist delivers a searing attack on the government","In court , a Turkish taffy delivers a searing attack on the government",taffy,32110,1.4
11585,"Police in Paris shoot man dead after he stabs several people in the Opera district , French media say","Police in Paris shoot man dead after he boos several people in the Opera district , French media say",boos,33210,1.8
5459,"On China ’s Weibo , It ’s Forbidden to Disagree With President Xi Jinping ’s Plan to Rule Forever","On China ’s Weibo , It ’s Forbidden to Disagree With elderly Xi Jinping ’s Plan to Rule Forever",elderly,32100,1.2
7753,Facebook launches searchable archive of U.S. political ads ,Facebook launches searchable archive of U.S. political memes ,memes,22220,1.6
7203,Who is Carter Page and why did the FBI suspect he was a Russian agent ?,Who is Carter Page and why did the FBI suspect he was a Russian doll ?,doll,3332222111,2.0
5242,"Former Trump aide unloads on Mueller subpoena , refuses to cooperate","Former Trump aide doodles on Mueller subpoena , refuses to cooperate",doodles,33211,2.0
6684,"Roy Moore has regained the lead over Doug Jones , according to new polls","Roy Moore has regained the lead over hamster , according to new polls",hamster,32100,1.2
4684,Trump ’s taste for flattery is a disaster for Puerto Rico,Trump ’s taste for caviar is a disaster for Puerto Rico,caviar,22110,1.2
667,Vladimir Putin took time at a press conference to gloat about Trump,Vladimir Putin took time at a press conference to laugh about Trump,laugh,33110,1.6
9453,U.S. fighter jet shoots down Iranian-made drone in Syria,U.S. fighter jet shoots down Iranian-made kite in Syria,kite,33110,1.6
7952,Grassley presses Comey on ' material inconsistencies ' in Trump dossier inquiry,Grassley presses Comey on ' hairstyle inconsistencies ' in Trump dossier inquiry,hairstyle,22221,1.8
7354,"Clarence Thomas Sexually Harassed Me . Yes , He Should Be Impeached .","Clarence Thomas Sexually caressed Me . Yes , He Should Be Impeached .",caressed,22110,1.2
8375,Nigeria 's Senate seeks explanation of $ 462 million to buy helicopters ,Nigeria 's Senate seeks explanation of $ 462 million to buy Candy ,Candy,32220,1.8
8665,Saying Trumpcare Will Kill Americans Is n’t Partisan . It ’s True .,Saying Trumpcare Will spank Americans Is n’t Partisan . It ’s True .,spank,33210,1.8
14425,DirecTV is offering refunds for NFL Sunday Ticket to fans offended by national anthem protests ,DirecTV is offering refunds for NFL Sunday Ticket to fans offended by national anthem melody ,melody,32210,1.6
8166,White House invites intelligence committee leaders to review National Security Council documents,White House invites monkey committee leaders to review National Security Council documents,monkey,32211,1.8
4667,Trump files annual financial disclosure,Trump destroys annual financial disclosure,destroys,32100,1.2
8133,Trump administration to announce more sanctions against Russia on Monday,Trump administration to announce more sanctions against tuna on Monday,tuna,32211,1.8
10255,"Despite Promise of Bottom-Up , Transparent Process , Paul Ryan Sets Record for Stifling Floor Debate","Despite Promise of Bottom-Up , Transparent Process , Paul Ryan Sets Record for Drunken Floor Debate",Drunken,32211,1.8
8176,Donald Trump : A “ populist ” who wages class war on behalf of the rich,Donald Trump : A “ populist ” who wages tanning war on behalf of the rich,tanning,32211,1.8
14276,China Lavishes Red-Carpet Treatment On Trump As He Arrives For Talks With Xi Jinping,China Lavishes Red-Carpet Treatment On Trump As He Arrives For Oscars With Xi Jinping,Oscars,32200,1.4
6108,2 major new polls show Trump will conclude his first 100 days as the least popular president in modern history,2 major new polls show Trump will conclude his first 100 days as the least popular person in modern history,person,33000,1.2
11534,Texas Republican vows to fight for flood insurance overhaul,Texas Republican vows to pray for flood insurance overhaul,pray,22210,1.4
14416,Chinese state media : Trump is ' wrong ' when he says we can fix the North Korea crisis ,Chinese state media : Trump is ' wrong ' when he says we can fix the North Korea bathroom ,bathroom,32210,1.6
14494,He 'll Take ' Gubernatorial Debate ' For 400 : Trebek Tries Out Moderator 's Chair,He 'll mock ' Gubernatorial Debate ' For 400 : Trebek Tries Out Moderator 's Chair,mock,31110,1.2
759,Trump considers benching Giuliani from doing TV interviews ,Trump considers benching Giuliani from doing TV guides ,guides,31111,1.4
15068,"' We have plenty of time ' : Congress may delay decision on fate of 700,000 Dreamers","' We have plenty of toilets ' : Congress may delay decision on fate of 700,000 Dreamers",toilets,22110,1.2
3220,"CEOs could tame Trump , if they wanted to","CEOs could tame lions , if they wanted to",lions,22111,1.4
9156,"Donald Trump Jr. should publicly testify in Russia probe , Democrat on Senate Judiciary Committee says","Donald Trump Jr. should publicly strip in Russia probe , Democrat on Senate Judiciary Committee says",strip,32111,1.6
9918,Black Americans want new gun laws to curb gun violence . Trump offers more police .,Black Americans want new gun laws to curb gun violence . Trump offers more cookies .,cookies,32111,1.6
9627, California to sue Trump administration for repeal of fracking rules, Gophers to sue Trump administration for repeal of fracking rules,Gophers,33211,2.0
2032,Trump is making Americans see the U.S. the way the rest of the world already did,Trump is making Americans despise the U.S. the way the rest of the world already did,despise,32200,1.4
6248,"Wikileaks ' Sceptical ' Macron Leaks Fake , As Russia Falls Under Spotlight","Wikileaks ' Sceptical ' Macron Teeth Fake , As Russia Falls Under Spotlight",Teeth,32110,1.4
5620,"‘ Help Us , Help Us ’ : Swedish National Police Commissioner Begs as Number of No-Go Zones Rises","‘ Help Us , Help Us ’ : Swedish National Police Commissioner Begs as Number of No-Go discos Rises",discos,33110,1.6
3737,Key Dem wants probe on whether Trump payment broke ethics laws,Key Dem wants probe on whether Trump payment broke jaywalking laws,jaywalking,32111,1.6
5498,Philippines defied experts ' advice in pursuing dengue immunization program,Philippines defied flamingos ' advice in pursuing dengue immunization program,flamingos,22111,1.4
11441,Trump administration rolls back ObamaCare contraceptive mandate ,Trump administration rolls back ObamaCare contraceptive carpet ,carpet,32220,1.8
11853,"Oh , bother Winnie the Pooh falls foul of Chinese internet censors","Oh , bother Winnie the Pooh smells foul of Chinese internet censors",smells,32100,1.2
6415,"Donald Trump has inspired more than 11,000 women to consider running for political office","Donald Trump has inspired more than 11,000 chimps to consider running for political office",chimps,32111,1.6
13495,"The legal battle over Trump ’s immigration ban , explained","The legal battle over Trump ’s lawyer ban , explained",lawyer,22210,1.4
5920,The Obamas just inked a book deal for more than $ 65 million,The Obamas just inked a record deal for more than $ 65 million,record,22211,1.6
10631,"Mitch McConnell says Democrats ' planned filibuster of Neil Gorsuch is "" new low ""","Mitch McConnell says Democrats ' planned neutering of Neil Gorsuch is "" new low """,neutering,31110,1.2
7493,Trump 's Phoenix rally attracts thousands of protesters,Trump 's Phoenix rally attracts laughter of protesters,laughter,32110,1.4
7603,"Russia hits back at claims Trump shared classified information , calls them ‘ dangerous ’","Russia hits back at claims Trump shared classified cookies , calls them ‘ dangerous ’",cookies,32200,1.4
4531, Crisis in Chicago - 60 minutes report on Chicago 's surge in murders, Normalcy in Chicago - 60 minutes report on Chicago 's surge in murders,Normalcy,33211,2.0
3682, Ellison named deputy to new Dem Party head Perez, monkey named deputy to new Dem Party head Perez,monkey,33111,1.8
10902,Us Weekly gives Ivanka Trump credit for failing ,Us Weekly gives Ivanka Trump credit for hairdo ,hairdo,32100,1.2
7459,HUD Unveils Plan To Increase Rent On Millions Receiving Federal Housing Assistance,HUD Unveils Plan To Increase Rent On Hamsters Receiving Federal Housing Assistance,Hamsters,32211,1.8
6653,Coast Guard wo n’t ban transgender members unless compelled,Coast Guard wo n’t date transgender members unless compelled,date,22111,1.4
10380,Ted Nugent Condemns Kathy Griffin But Calls His Obama Comments ‘ Metaphor ’,Ted Nugent Condemns Kathy Griffin But Calls His Obama Comments ‘ Poetry ’,Poetry,22200,1.2
82,The top US nuclear commander said he would resist an ' illegal ' strike order from Trump,The top US nuclear commander said he would resist an ' illegal ' news order from Trump,news,32100,1.2
5313,"Christie signs N.J. budget , ending 3-day government shutdown","Christie signs N.J. budget , ending 3-day circus shutdown",circus,33220,2.0
10018,"Mitch McConnell says Democrats ' planned filibuster of Neil Gorsuch is "" new low ""","Mitch McConnell says Democrats ' planned hazing of Neil Gorsuch is "" new low """,hazing,22221,1.8
11101,US Sen McCain says Putin bigger threat than ISIS ,US Sen McCain says Putin bigger threat than bedbugs ,bedbugs,33210,1.8
3354,GOP panicking as signs point to imminent Mueller blockbuster ,GOP panicking as signs point to imminent Mueller moonwalk ,moonwalk,32210,1.6
287,Trump Organization real estate partner in India accused of ' large-scale fraud ',Trump Organization real estate partner in India accused of ' large-scale celebration ',celebration,31110,1.2
14101,Trump holds joint press conference with Norway 's prime minister — live updates,Trump botches joint press conference with Norway 's prime minister — live updates,botches,22111,1.4
10729,The Latest : Ethics panel finds probable cause gov broke law ,The Latest : Ethics panel finds probable cause gov broke lamp ,lamp,22220,1.6
11868,Trumpcare is causing Wall Street to question Trump 's whole economic agenda ,Trumpcare is causing Wall Street to question Trump 's whole economic dementia ,dementia,33210,1.8
3748,Senate confirms Mnuchin for Treasury ,Senate confirms Mnuchin for dinner ,dinner,32221,2.0
4023, Pope Francis says rescinding DACA is not ' pro-life ', Fetus Francis says rescinding DACA is not ' pro-life ',Fetus,33100,1.4
12609,Trump called for a government shutdown over immigration and it makes no sense,Trump called for a government shutdown over rice and it makes no sense,rice,32200,1.4
6045,"Japan , China , South Korea pledge to resist protectionism , taking stand against Trump rhetoric","Japan , China , South Korea pledge to resist tourism , taking stand against Trump rhetoric",tourism,31110,1.2
14714,List of the Unremarkable Performers for the Inaguration,List of the Unremarkable meals for the Inaguration,meals,33211,2.0
11481,Trump Orders Steel Imports Probe as American Company Fights China,Trump Orders Steel alien Probe as American Company Fights China,alien,33210,1.8
8822,Top career US diplomat to step down in blow to State Dept - AP News,Top career US diplomat to boogie down in blow to State Dept - AP News,boogie,22200,1.2
12854,Chaos in Catalonia as Separatist Leader Runs Into a Dead End,Chaos in Catalonia as Marathon Leader Runs Into a Dead End,Marathon,22221,1.8
10790,The Republican Ethics Vote : What Happened ?,The Republican Bikini Vote : What Happened ?,Bikini,22110,1.2
1347,Trump Is Giving Staffers Secret Assignments And Telling Aides To Hide Them From John Kelly,Trump Is Giving Staffers Secret haircuts And Telling Aides To Hide Them From John Kelly,haircuts,33322,2.6
4699,Ex-federal judge tapped to review Cohen documents,Ex-federal inmate tapped to review Cohen documents,inmate,22110,1.2
6424,Hong Kong human rights situation ' worst since handover to China ' | World news,Hong Kong human centipede situation ' worst since handover to China ' | World news,centipede,33110,1.6
13431,Le Pen 's Euro Contortions Underline French Reluctance to Exit ,Le Pen 's Euro Contortions Underline French Reluctance to sneeze ,sneeze,32221,2.0
5604,Trump walks back bizarre comments on funding black colleges — but this administration ’s racism is no mistake,Trump walks back bizarre comments on funding black zombies — but this administration ’s racism is no mistake,zombies,22210,1.4
10412,Trump lashes out as states rebuff voter data request,Trump pigs out as states rebuff voter data request,pigs,22221,1.8
9741,"Donald Trump has inspired more than 11,000 women to consider running for political office","Donald Trump has inspired more than 11,000 monkeys to consider running for political office",monkeys,32221,2.0
10498,Joe Biden calls President Trump a liar in the nicest way ever,Joe Biden calls President Trump a pig in the nicest way ever,pig,22110,1.2
5235,Supreme Court takes up 2nd major partisan redistricting case,Supreme pizza takes up 2nd major partisan redistricting case,pizza,32210,1.6
9517,Youngest Texas shooting victim just 18 months old : What we know now,Youngest Texas licking victim just 18 months old : What we know now,licking,22110,1.2
934,GOP rep regrets using term ‘ Orientals ’ regarding town halls,GOP loser regrets using term ‘ Orientals ’ regarding town halls,loser,32110,1.4
13582,Former Trump aide Sam Nunberg summoned to meet with Senate panel,Former Trump aide Sam Nunberg summoned to Dungeon with Senate panel,Dungeon,33210,1.8
1931,' The Trump slump ' : Remington files for bankruptcy as gun sales tumble,' The Trump slump ' : Remington files for bankruptcy as Supersoaker sales tumble,Supersoaker,32210,1.6
92,The timing once again suggests that Trump tweeted after watching a ' Morning Joe ' segment,The timing once again suggests that Trump pooped after watching a ' Morning Joe ' segment,pooped,33221,2.2
14816,All the Experts Who Told Us Stocks Would Crash if Trump Won,All the Experts Who Told Us Stocks Would disappear if Trump Won,disappear,32100,1.2
13696,"s Trump to sit down with Russian foreign minister , one day after firing Comey","s Trump to lay down with Russian foreign minister , one day after firing Comey",lay,22222,2.0
14721,Bangladeshi human rights campaigner Farhad Mazhar disappears,Bangladeshi human invisibility campaigner Farhad Mazhar disappears,invisibility,33310,2.0
14407,"Saudi Arabia 's political purge may actually improve the business climate , but comes with huge risk ","Saudi Arabia 's political purge may actually improve the business climate , but comes with huge salad ",salad,22220,1.6
5860,Democratic National Committee Asks Its Entire Staff To Resign ,Democratic National Committee Asks Its Entire Staff To pray ,pray,32110,1.4
366,Former Trump aide Sam Nunberg summoned to meet with Senate panel ,Former Trump aide Sam Nunberg summoned to meet with Senate torturer ,torturer,32100,1.2
13989,Trump rallies Capitol Hill as House GOP set to pass tax plan,Trump bullies Capitol Hill as House GOP set to pass tax plan,bullies,32210,1.6
6516,Readers on the Fake News awards presented by President Trump,Readers on the Fake tan awards presented by President Trump,tan,33211,2.0
1392,Useful Idiots Galore - The New York Times ,Useful Idiots Galore - The New York Inhabitants ,Inhabitants,33110,1.6
243,Trump : We 'll guard the US-Mexico border with the military,Trump : We 'll guard the US-Mexico sombrero with the military,sombrero,22211,1.6
11463, Mike Pompeo Confirmed as Secretary of State, Moose Confirmed as Secretary of State,Moose,32210,1.6
13047,House Speaker Paul Ryan was the biggest fraud in American politics - Vox,House Sitter Paul Ryan was the biggest fraud in American politics - Vox,Sitter,32110,1.4
6387,Trump spokesman : President-elect wants more info on Russia ,Trump spokesman : President-elect wants more info on porn ,porn,22110,1.2
11867,House includes fund for border wall,House fritters fund for border wall,fritters,33200,1.6
2947,Sessions announces new conditions for sanctuary cities to get federal money,Sessions announces new conditions for sanctuary cities to launder federal money,launder,33210,1.8
4061,North Korea reportedly cancels high level talks with South Korea ,North Korea reportedly cancels high level talks with everyone ,everyone,33110,1.6
3601,Trump administration may force CNN to be sold as part of $ 85bn deal ,Trump administration may force CNN to be sold as part of $ 85bn oppression ,oppression,31110,1.2
7884,"Suspect Allegedly Opens Fire in Parking Lot , Dies After Concealed Permit Holder Shoots Back","Suspect Allegedly Opens Snack in Parking Lot , Dies After Concealed Permit Holder Shoots Back",Snack,32100,1.2
14403,"Russian hackers hunt hi-tech secrets , exploiting US weakness","Russian hackers hunt hi-tech secrets , tickling US weakness",tickling,22210,1.4
2939,"The war in Syria , explained","The mustache in Syria , explained",mustache,22211,1.6
8187,"Yet again , Trump 's defensiveness makes his handling of a gold-star family 's grief worse","Yet again , Trump 's Hair makes his handling of a gold-star family 's grief worse",Hair,32211,1.8
7128,Intel chief calls Trump to disavow leaks,Intel chief calls plumber to disavow leaks,plumber,333332222222210,2.1333333333333333
12138,Democrats ' call to action after Vegas shooting includes plea for ' moral courage ' on gun control legislation,Democrats ' call to action after Vegas shooting includes plea for ' moral courage ' on mind control legislation,mind,32110,1.4
6782,Japan foreign minister hopes for improved ties with China ,Japan foreign minister hopes for improved ties with hipsters ,hipsters,32111,1.6
9424, James Comey calls Donald Trump ' morally unfit ' in scathing interview, Monkey calls Donald Trump ' morally unfit ' in scathing interview,Monkey,32211,1.8
2972,Grassley Says Manafort ’s Lawyers ‘ Are n’t Returning Our Calls ’,Grassley Says Manafort ’s Lawyers ‘ Are n’t Returning Our dishes ’,dishes,33210,1.8
9145,"Anti-Trump Women Marchers Threaten to Never Leave Washington , DC","Anti-Trump Women Marchers Threaten to Never Leave Kitchen , DC",Kitchen,33221,2.2
13889,I worked with Republicans to hound Obama . I wish they would give Jared Kushner the same treatment,I worked with Republicans to hypnotize Obama . I wish they would give Jared Kushner the same treatment,hypnotize,22110,1.2
5144,Ukrainian military dolphins refused food from Russian handlers in Crimea and died,Ukrainian military dolphins refused vodka from Russian handlers in Crimea and died,vodka,32210,1.6
14750,Hoboken elects first Sikh mayor in New Jersey state history,Hoboken elects first amphibian mayor in New Jersey state history,amphibian,32220,1.8
2133,"Japan , China , South Korea pledge to resist protectionism , taking stand against Trump rhetoric","Japan , China , South Korea pledge to resist zombies , taking stand against Trump rhetoric",zombies,32100,1.2
6500,Japan economy minister declines comment on Trump 's Toyota tweet,Japan economy minister declines comment on Trump 's Karaoke tweet,Karaoke,32100,1.2
6259,"Donald Trump Jr. may well have committed a federal crime , experts say ","Donald Trump Jr. may well have committed a federal crime , experts pray ",pray,32210,1.6
8746,"Meet Lee Busby , the Alabama write-in candidate who 's challenging Roy Moore ","Meet Lee Busby , the Alabama write-in candidate who 's challenging literacy ",literacy,31110,1.2
10433,Grassley promises hearings into McCabe ’s firing once inspector general ’s report is public,Grassley promises hearings into McCabe ’s firing once inspector gadget ’s report is public,gadget,3332222200,1.9
14181," Subpoenas issued to Susan Rice , John Brendan - CIA Director under Obama , and UN Ambassador Samantha Power"," unicorns issued to Susan Rice , John Brendan - CIA Director under Obama , and UN Ambassador Samantha Power",unicorns,32210,1.6
11146,White supremacist hate crimes surge in LA amid growing swastika graffiti,White supremacist art crimes surge in LA amid growing swastika graffiti,art,32100,1.2
14487,Al Franken slams new secretary of education Betsy DeVos : ' the most incompetent cabinet-level nominee I have ever seen ',Al Franken slams new secretary of incompetence Betsy DeVos : ' the most incompetent cabinet-level nominee I have ever seen ',incompetence,22111,1.4
13896,"Jordan Selects Finalists to Bid for 300MW of Solar , Wind Power","Jordan Selects Finalists to Wrestle for 300MW of Solar , Wind Power",Wrestle,31111,1.4
9737, Senators grill top intelligence officials about whether Trump pressured them to ease off Russia investigations, chefs grill top intelligence officials about whether Trump pressured them to ease off Russia investigations,chefs,32100,1.2
3424," Kelly calls some of Trump ’s campaign pledges on immigration , wall ‘ uninformed , ’ meeting attendees say"," child calls some of Trump ’s campaign pledges on immigration , wall ‘ uninformed , ’ meeting attendees say",child,32110,1.4
5600,It 's over : Britain files for divorce from the European Union ,It 's over : Britain files for divorce from the toothbrush ,toothbrush,22110,1.2
6820,Royal wedding : Meghan 's dress in detail ,Royal wedding : Meghan 's dress in technicolor ,technicolor,31110,1.2
12053,Trump declares Georgia Democrats are ' failing ',Trump declares Georgia dropouts are ' failing ',dropouts,32110,1.4
1400,"An Obamacare insurer flees another state , blaming Trump and the GOP for sabotage","An Obamacare insurer flees another state , blaming bats and the GOP for sabotage",bats,22210,1.4
13975,"Cohen promised health care company access to Trump White House , exec says","Cohen promised health care company access to Trump White Underwear , exec says",Underwear,32110,1.4
8140,"Trump moving forward with border wall , weighs refugee cuts","Trump moving forward with border fortress , weighs refugee cuts",fortress,21111,1.2
7535,Iranian Animation Depicts Battle With U.S. Forces in Gulf,Iranian Animation Depicts Battle With Hamsters in Gulf,Hamsters,32100,1.2
5371,Justice wants ' sanctuary cities ' in California and 7 other states to cooperate with immigration enforcement,Justice wants ' Hippie cities ' in California and 7 other states to cooperate with immigration enforcement,Hippie,22210,1.4
14928,U.S. Secretary of State Mike Pompeo says ' sonic attack ' in China similar to reported Cuba incident,U.S. Secretary of pasta Mike Pompeo says ' sonic attack ' in China similar to reported Cuba incident,pasta,32100,1.2
10518,Trump Jr. says missing out on India deals because of father 's self-imposed curbs,Trump Jr. says missing out on India food because of father 's self-imposed curbs,food,32111,1.6
11961,House includes fund for border wall,House includes cupcake for border wall,cupcake,21111,1.2
1852,"Trump Bodyguard Keith Schiller Testifies Russian Offered Trump Prostitutes , Aligning With Dossier Story","Trump Bodyguard Keith Schiller Testifies Russian Offered Trump hamburgers , Aligning With Dossier Story",hamburgers,22221,1.8
4038, Man destroys new Ten Commandments statue at Arkansas Capitol, Moses destroys new Ten Commandments statue at Arkansas Capitol,Moses,32110,1.4
8877,Hillary Clinton Needs to Move On,Hillary Clinton Needs to party On,party,33222,2.4
6184,Why Access To Planned Parenthood Is Vital And Must Be Protected,Why Access To Planned haircuts Is Vital And Must Be Protected,haircuts,31110,1.2
13679,Seattle to dismiss misdemeanor marijuana charges ,Seattle to dismiss misdemeanor marijuana munchies ,munchies,32111,1.6
10032,Sean Spicer Sends Distress Signal To America With Upside-Down Flag Pin,Sean Spicer Sends Distress Signal To boyfriend With Upside-Down Flag Pin,boyfriend,21111,1.2
10578,"Woman who injected husband with lethal dose of heroin may have killed 9 others , served lover 's remains at BBQ","Woman who injected husband with lethal dose of cooties may have killed 9 others , served lover 's remains at BBQ",cooties,32210,1.6
4137,"Kellyanne Conway says Trump mostly tweets about policy , with a straight face","Kellyanne Conway says Trump mostly tweets about puppies , with a straight face",puppies,33211,2.0
3753,We asked 18 states if they 're expanding Medicaid now that Obamacare is here to stay,We asked 18 donkeys if they 're expanding Medicaid now that Obamacare is here to stay,donkeys,22110,1.2
372,Graham rips into White House 's Stephen Miller ,Graham rips into White House 's Snacks ,Snacks,22111,1.4
11434,"Laura Ingraham returns following boycott , says liberals ' cutting off free speech '","Laura Ingraham returns following boycott , says liberals ' cutting off free refills '",refills,22110,1.2
2208,Tennessee college senior defends posing for graduation picture with gun in her waistband,Tennessee college senior defends posing for graduation picture with pickle in her waistband,pickle,22110,1.2
4523,British election : PM Theresa May under pressure ' to go ' after disastrous election result,British election : PM Theresa May under pressure ' to go ' after disastrous baking result,baking,32221,2.0
2999,Mark Cuban Wants Constitution Changed to Make Health Care a ‘ Right ’,Mark Cuban Wants Constitution Changed to Make pet Care a ‘ Right ’,pet,32220,1.8
2909,"U.S. threatens military force against N.Korea , to propose new U.N. sanctions","U.S. threatens military dance against N.Korea , to propose new U.N. sanctions",dance,33211,2.0
10318,There is no 1st Amendment right to speak on a college campus ,There is no 1st Amendment right to speak on a college laundromat ,laundromat,22110,1.2
10922,"Try As He Might , Trump Struggles To Spin Government Spending Bill As A Victory","Try As He Might , Trump Struggles To Spin Laundry Spending Bill As A Victory",Laundry,33210,1.8
6797,Grassley presses Comey on ' material inconsistencies ' in Trump dossier inquiry,Grassley presses Comey on ' material inconsistencies ' in Trump toupee inquiry,toupee,32211,1.8
4033,"Trump to host Netanyahu in meeting focused on Iran , Middle East talks ","Trump to host Netanyahu in meeting focused on Iran , Middle East hugs ",hugs,22221,1.8
3658,The Comey Firing : a screenplay in 5 acts,The Comey Firing : a ballet in 5 acts,ballet,22111,1.4
14629,"Donald Trump becomes least popular first-year president in modern US history , polls find","Donald Trump becomes least popular first-year mascot in modern US history , polls find",mascot,33200,1.6
8412,The network backed by Charles and David Koch realizes 2018 will be a challenging environment ,The network backed by Charles and David Koch realizes 2018 will be a challenging game ,game,22110,1.2
9268,There 's a contradiction within Republican ' plans ' to replace Obamacare,There 's a contradiction within Republican ' plans ' to cuddle Obamacare,cuddle,33200,1.6
11877,"Trump and Obama have the same approval rating after their first year , at least according to one poll","Trump and Obama have the same approval rating after their first dance , at least according to one poll",dance,32110,1.4
7557,US Treasury eases some sanctions against Russian intelligence service,US Treasury eases some sanctions against Russian goulash service,goulash,32110,1.4
7696, Retirement Tips for the Age of Trump, Coping Tips for the Age of Trump,Coping,32100,1.2
7490, Democrats are over-performing in key races — and it could be a nightmare for Trump in 2018, Horses are over-performing in key races — and it could be a nightmare for Trump in 2018,Horses,32100,1.2
10271,"Obamacare architect , after meeting with Trump , expresses a sliver of hope about the GOP approach","Obamacare architect , after jamming with Trump , expresses a sliver of hope about the GOP approach",jamming,22110,1.2
9501,Appeasing the Trigger Gods,Appeasing the Pizza Gods,Pizza,33100,1.4
14381,Obamacare replacement vote postponed in House as GOP fails to win support ,Obamacare replacement vote postponed in House as GOP fails to win lottery ,lottery,22211,1.6
9375,"Trump , the anti-globalist , declares America ' open for business ' in Davos speech to globalists","Trump , the anti-globalist , declares America ' open for burgers ' in Davos speech to globalists",burgers,32111,1.6
10246,Trump wants you to take his tweets seriously . His aides do n’t .,Trump wants you to take his hair seriously . His aides do n’t .,hair,3333332221,2.5
13442,Chinese watchdog says 1.34 million officials punished for graft since 2013,Chinese watchdog says 1.34 million pandas punished for graft since 2013,pandas,22110,1.2
1833,"Diesel cars are 10 times more toxic than trucks and buses , data shows","Diesel cars are 10 times more toxic than trucks and girlfriends , data shows",girlfriends,22110,1.2
12532,Trump to Call Trade a Key Part of National Security,Trump to Call alcohol a Key Part of National Security,alcohol,32210,1.6
12374,Donald Trump hosts man who called for death of Barack Obama and Hillary Clinton at White House,Donald Trump hosts man who called for marriage of Barack Obama and Hillary Clinton at White House,marriage,33211,2.0
10403,Trump 's budget is an unmitigated disaster for abortion rights and reproductive health,Trump 's mother is an unmitigated disaster for abortion rights and reproductive health,mother,33100,1.4
9056,Northern Ireland : Ryan McLaughlin replaces George Saville for Central American tour,Northern Ireland : Ryan McLaughlin caresses George Saville for Central American tour,caresses,32210,1.6
9901,Texas Republican vows to fight for flood insurance overhaul,Texas Republican vows to fight for cow insurance overhaul,cow,32110,1.4
4401,Donald trump will not be given state visit treatment by the UK,Donald duck will not be given state visit treatment by the UK,duck,3222221111,1.7
411,Trump and Sessions are weaving immigration policy from propagandistic fantasy,Trump and Sessions are weaving wig policy from propagandistic fantasy,wig,32110,1.4
9080,Trump to visit Alabama to campaign for Luther Strange,Trump to visit Alabama to audition for Luther Strange,audition,22210,1.4
9094,Senate blocks ' skinny ' Obamacare repeal bill in dramatic late-night vote ,Senate blocks ' skinny ' Obamacare repeal bill in dramatic late-night sleepover ,sleepover,22221,1.8
11457,Hannity : Mueller Could Start ' Civil War ' In Homes,Hannity : Mueller Could reenact ' Civil War ' In Homes,reenact,22221,1.8
1736,"Trump signs executive actions on "" extreme vetting , "" rebuilding military","Trump Misplaces executive actions on "" extreme vetting , "" rebuilding military",Misplaces,31110,1.2
9542,"In win for Trump , Nebraska approves Keystone XL pipeline route","In win for pipes , Nebraska approves Keystone XL pipeline route",pipes,32100,1.2
3791,What is the US-Russian hotline being used as possible Syria strike looms ?,What is the US-Russian hotline being used as possible Cereal strike looms ?,Cereal,31110,1.2
10111,EU says summit with Turkey provides no answers to concerns,EU says gravy with Turkey provides no answers to concerns,gravy,33220,2.0
13994,Royal wedding : Meghan 's dress in detail,Royal wedding : Meghan 's toenails in detail,toenails,31110,1.2
4544,"Donald Trump Unfollowed Reince Priebus , The Ultimate Insult From A Twitter-Obsessed President ","Donald Trump Unfollowed Reince Priebus , The Ultimate Insult From A Twitter-Obsessed girlfriend ",girlfriend,32221,2.0
6302,Cold weather : Do n't leave these things in your car when temps fall,Cold weather : Do n't leave these seniors in your car when temps fall,seniors,22210,1.4
12618,Michael Cohen Puts Up Family Apartment Against Bank Debts,Michael Cohen Puts Up Family Pet Against Bank Debts,Pet,32111,1.6
11837,"Bin Laden ’s son wants to avenge his father , ex-FBI agent says","Bin Laden ’s son wants to avenge his kitten , ex-FBI agent says",kitten,21111,1.2
5813,TSA tightens electronics screening for domestic flights,TSA botches electronics screening for domestic flights,botches,22110,1.2
6198,Forget term limits — retirements will create competitive 2018 elections,Forget term limits — juggling will create competitive 2018 elections,juggling,22210,1.4
9499,Three Equifax Managers Sold Stock Before Cyber Hack Was Revealed,Three Equifax Managers Sold socks Before Cyber Hack Was Revealed,socks,22110,1.2
7214,"Who is Sergey Kislyak , and how did he become the hottest meeting ticket in Washington ?","Who is Sergey Kislyak , and how did he become the hottest dance ticket in Washington ?",dance,32100,1.2
6604,Disney Says Promised Bonus Depends On Workers Signing Wage Contract .,Disney Says Promised Unicorn Depends On Workers Signing Wage Contract .,Unicorn,32210,1.6
5458,International Campaign to Abolish Nuclear Weapons wins Nobel Peace Prize,International Campaign to Abolish Nuclear Weapons detonates Nobel Peace Prize,detonates,22200,1.2
13635,Bernie Sanders says Russia was obviously trying to divide the Democratic party,Bernie Sanders says chicken was obviously trying to divide the Democratic party,chicken,22110,1.2
1079,"House Majority Whip Scalise Is Wounded After Gunman Fires At Baseball Practice In Virginia , USA","House Majority Whip Scalise Is Wounded After pitcher Fires At Baseball Practice In Virginia , USA",pitcher,22111,1.4
11768,"CIA , FBI launch manhunt for leaker who gave top-secret documents to WikiLeaks","CIA , FBI launch manhunt for leaker who gave top-secret Glasses to WikiLeaks",Glasses,33110,1.6
10853,Alabama 's Roy Moore would be the most extreme senator — with huge consequences for Congress,Alabama 's Roy Moore would be the most extreme lecher — with huge consequences for Congress,lecher,32100,1.2
13801,Elon Musk has just blasted the world 's most powerful rocket into space ,Elon Musk has just blasted the world 's most powerful rocket into wall ,wall,33321,2.4
11639,Former FBI director James Comey confirms he is Twitter 's Reinhold Niebuhr,Former FBI director James Comey dreams he is Twitter 's Reinhold Niebuhr,dreams,32100,1.2
7109,Trump pledges $ 10G to supporter going to inaugural ball in donated suit ,Trump pledges $ 10G to supporter going to inaugural ball in donated underwear ,underwear,3333222200,2.0
9045,Senate in all-night session as Democrats protest DeVos nomination,Senate in all-night sleepover as Democrats protest DeVos nomination,sleepover,32100,1.2
14420, Unicorns of the Intellectual Righ, dinosaurs of the Intellectual Righ,dinosaurs,21111,1.2
9521,Saudi Arabia to let women enter sports stadiums in 2018,Saudi Arabia to let goats enter sports stadiums in 2018,goats,31111,1.4
304,Puerto Rico benchmark bond drops to record low after Trump remark ,Puerto Rico benchmark bond drops to record low after Trump endorsement ,endorsement,22200,1.2
3524,Iran 's bad behavior leaves Trump with just one choice ,Iran 's bad behavior leaves Trump with just one hamburger ,hamburger,33320,2.2
4143,James Comey ’s Opening Remarks : It ’s All About Him,James Comey ’s Mother Remarks : It ’s All About Him,Mother,32110,1.4
5839,The Trumpist Gets Trumped,The Trumpist Trumpet Trumped,Trumpet,32111,1.6
5085,Patrick Meehan Wo n’t Seek Re-election in Pennsylvania ,Patrick Meehan Wo n’t Seek Re-election in clubhouse ,clubhouse,22110,1.2
13742,Tom Price intervened on rule that would hurt drug profits on the same day he acquired drug stocks ,Tom Price intervened on rule that would hurt drug profits on the same day he acquired drug paraphernalia ,paraphernalia,3222221110,1.6
4333,Brennan ’s explosive testimony just made it harder for the GOP to protect Trump,Brennan ’s explosive pants just made it harder for the GOP to protect Trump,pants,22110,1.2
11350,"Trump Tells Hate Group Americans ‘ Worship God , ’ Not Government","Trump Tells Hate Group Americans ‘ Worship me , ’ Not Government",me,33211,2.0
10528,Why should taxpayers subsidize Joe Arpaio ’s legal defense ?,Why should children subsidize Joe Arpaio ’s legal defense ?,children,31110,1.2
9257,"In pictures : Protests , pomp and Donald Trump","In pictures : Protests , ponies and Donald Trump",ponies,32200,1.4
13916,Illinois Congressman : Poverty Plays A Large Role In Chicago Gun Violence,Illinois Congressman : gun Plays A Large Role In Chicago Gun Violence,gun,31110,1.2
8259,U.S. fighter jet shoots down Iranian-made drone in Syria,U.S. fighter jet shoots down Iranian-made stew in Syria,stew,32100,1.2
11626,Sean Spicer has a problem : Melissa McCarthy ,Sean Spicer has a problem : seasonings ,seasonings,32100,1.2
1036,"U.S. senator urges Trump to tap fuel , oil reserves in Harvey 's wake ","U.S. senator urges Trump to tap fuel , oil reserves in Harvey 's milkshake ",milkshake,32210,1.6
14317,Trump ’s own voters are now warning him against firing Robert Mueller,Trump ’s own toes are now warning him against firing Robert Mueller,toes,32110,1.4
12697,North Korea launches unsuccessful missile attempt,North Korea launches unsuccessful footrace attempt,footrace,32110,1.4
10260,British security minister says North Korea was behind WannaCry hack on NHS,British security minister says baby was behind WannaCry hack on NHS,baby,22111,1.4
4899,Jeff Sessions gets slammed over Justice Department plan to cramp down on leaks ,Jeff Sessions gets slammed over Justice Department plan to cramp down on height ,height,32100,1.2
11484,Donald Trump : I ’m Not Going to Tell You What I ’ll Do in Syria ,Donald Trump : I ’m Not Going to Tell You What I ’ll Do in bathroom ,bathroom,33310,2.0
2004,Saudi women riled by robot with no hjiab and more rights than they have,Saudi women riled by robot with no hjiab and more dresses than they have,dresses,32100,1.2
3066,Teacher apologizes for accidentally firing gun in classroom,Teacher apologizes for accidentally firing student in classroom,student,22110,1.2
4798,"Citigroup , 21st Century Fox , Twitter : Prince 's Arrest Touches Many","Citigroup , 21st Century Fox , Twitter : Prince 's Hand Touches Many",Hand,22110,1.2
5451,President Trump ’s ‘ impulsive ’ problem ,President Trump ’s ‘ impulsive ’ dancing ,dancing,32100,1.2
4601,Bridgegate scandal lands Christie ally Bill Baroni two years in prison,Bridgegate scandal lands Christie ally Bill Baroni two cells in prison,cells,22210,1.4
4691,Trump once summoned Priebus to kill a fly in Oval Office : report,Trump once summoned Priebus to kill a vagrant in Oval Office : report,vagrant,32200,1.4
1012,Michael Cohen Puts Up Family Apartment Against Bank Debts,Michael Cohen Puts Up Family dog Against Bank Debts,dog,21111,1.2
8349,GOP tax cut not why economy is booming,GOP tax cut not why bass is booming,bass,32100,1.2
11511,US judge to hear arguments on longer block to travel ban,US judge to hear arguments on longer block to deodorant ban,deodorant,32111,1.6
9242,"Trump ousts Secretary of State Tillerson , taps CIA director Pompeo","Trump ousts Secretary of State Tillerson , traps CIA director Pompeo",traps,31110,1.2
8317,Eight times Donald Trump has changed his position on Obamacare,Eight times Donald Trump has changed his name on Obamacare,name,31110,1.2
10121,"H.R. McMaster says Trump administration will confront Russia 's "" destabilizing behavior ""","H.R. McMaster says Trump administration will confront Russia 's "" destabilizing cocktails """,cocktails,33222,2.4
9111,"Fugu Freakout : Do n't Eat The Blowfish , Japanese Officials Warn : Poisonous","Fugu Freakout : Do n't inflate The Blowfish , Japanese Officials Warn : Poisonous",inflate,32211,1.8
5796,Pelosi tells Democrats that GOP is ' stonewalling ' on the investigation into Russia and Trump,Pelosi tells Democrats that GOP is ' stonewalling ' on the affair into Russia and Trump,affair,31110,1.2
4760,Top court rejects challenge to Maryland assault weapons ban,Top court rejects challenge to Maryland foam weapons ban,foam,32210,1.6
10307,How America feels about Trump,How America apologizes about Trump,apologizes,32100,1.2
3501,Pakistan 's Gig Economy Helps Smash Obstacles To Women Working,Pakistan 's Gig Economy Helps Smash Obstacles To Imbeciles Working,Imbeciles,32100,1.2
14959,White House Declassifies GOP Memo on Russia Probe,White House frames GOP Memo on Russia Probe,frames,32100,1.2
7343,"Forget Trump – populism is the cure , not the disease","Forget Trump – cowbell is the cure , not the disease",cowbell,33322,2.6
9585,White House backs bill criminalizing abortions after 20 weeks,White House backs bill criminalizing burritos after 20 weeks,burritos,33221,2.2
4954, New Yorker fires Ryan Lizza over alleged ' improper sexual conduct ', hippo fires Ryan Lizza over alleged ' improper sexual conduct ',hippo,22110,1.2
7516,FBI ' reopens investigation into Clintons at Donald Trump 's request ',FBI ' reopens investigation into Martians at Donald Trump 's request ',Martians,32210,1.6
4432,"Ex-President Luiz Inacio Lula da Silva defies court order to turn himself into police , hunkers down with supporters .","Ex-President Luiz Inacio Lula da Silva defies court order to turn himself into woman , hunkers down with supporters .",woman,32110,1.4
10257,Democratic senators to press FCC on DDoS attack,Democratic abbreviations to press FCC on DDoS attack,abbreviations,31110,1.2
6077,Germany 's center-left Social Democrats agree to hold talks with Merkel 's party on joining or supporting a new government,Germany 's center-left Social Democrats agree to hold talks with Merkel 's parrot on joining or supporting a new government,parrot,21111,1.2
1505,Deficits do n’t matter ( again ) ! Paul Ryan promotes Congress ’ upcoming spending binge,Deficits do n’t matter ( again ) ! Paul Ryan promotes Congress ’ upcoming cookie binge,cookie,32221,2.0
12317,"Rudy Giuliani , former New York mayor , being divorced by wife Judith","Rudy Giuliani , former New York joke , being divorced by wife Judith",joke,32110,1.4
2762,A Supreme Court Showdown Could Shrink Unions ' Power ,A Supreme Court Showdown Could Shrink Unions ' haemorrhoid ,haemorrhoid,33221,2.2
14985,Efforts to Prevent Government Shutdown Hit a Snag Over Health Care Plans,Efforts to Prevent Government Shutdown Hit a Snag Over goat Care Plans,goat,32111,1.6
5838,German political limbo threatens European reform push ,German political limbo threatens European reform dance ,dance,32110,1.4
13552,US military members had ' improper contact ' with foreign women ,US military members had ' improper contact ' with foreign animal ,animal,32210,1.6
5944,A Glitch On Donald Trump ’s Website Lets You Put Words Into His Mouth,A Glitch On Donald Trump ’s Website Lets You Put Ties Into His Mouth,Ties,22110,1.2
8408,Meet the billionaires who run Trump 's government,Meet the Pigeons who run Trump 's government,Pigeons,32210,1.6
2394,Why Gorsuch could lead court in wrong direction,Why Gorsuch could lead ducks in wrong direction,ducks,33221,2.2
1795,Trump Invites Rodrigo Duterte to the White House ,Trump Invites Rodrigo Duterte to the White prison ,prison,22210,1.4
3553,U.K. Has a Secret Plan to Hold Brexit Cash if EU refuses to Trade .,U.K. Has a Secret compartment to Hold Brexit Cash if EU refuses to Trade .,compartment,22110,1.2
579,Federal judge blocks new Texas abortion ban,Federal judge blocks new Texas pie ban,pie,33110,1.6
10150,"Breitbart News 29th Most Trafficked Site in America , Overtakes PornHub and ESPN","Breitbart News 29th Most Trafficked Site in America , combines PornHub and ESPN",combines,33222,2.4
1888,Nutella sale leads to ugly brawls in French supermarket aisles,Nutella sale leads to ugly toast in French supermarket aisles,toast,22220,1.6
12510,Franken Reiterates He Wo n't Resign : ' I Know That I 've Let A Lot Of People Down ',Franken Reiterates He Wo n't undress : ' I Know That I 've Let A Lot Of People Down ',undress,22111,1.4
5429,Jeff Sessions on Marijuana : Drug is ' Only Slightly Less Awful ' than Heroin ,Jeff Sessions on Marijuana : Drug is ' Only Slightly Less Awful ' than Soda ,Soda,33220,2.0
6222,Trump 's DACA decision could cost thousands of jobs ,Trump 's DACA decision could cost thousands of penguins ,penguins,32211,1.8
8672,DOJ Appeals Travel Ban,DOJ Appeals Moustache Ban,Moustache,32220,1.8
1697,There is still a way to break Trump ’s will,There is still a way to break kid ’s will,kid,32100,1.2
15061,Cannabis Drug Halved Convulsions in Company-Funded Epilepsy Test,Cannabis Drug Halved Convulsions in Company-Funded multiplication Test,multiplication,32210,1.6
11223,"In pictures : Protests , pomp and Donald Trump","In pictures : swamp , pomp and Donald Trump",swamp,32100,1.2
7254,We Wo n’t Have Hillary Clinton to Kick Around Anymore,We Wo n’t Have balls to Kick Around Anymore,balls,22111,1.4
7059,Undocumented Workers Are The Backbone Of Dairies . Will Trump Change That ?,Undocumented Cows Are The Backbone Of Dairies . Will Trump Change That ?,Cows,33321,2.4
14155,The UK promised us Hong Kong would never walk alone – Theresa May has to keep that promise,The UK promised us Hong Kong would never eat alone – Theresa May has to keep that promise,eat,32111,1.6
616,"CNN Chief Jeff Zucker Calls Fox News ' State-Run TV , ' Blasts Facebook","CNN Chief Jeff Zucker Calls Fox News ' State-Run TV , ' spams Facebook",spams,32100,1.2
12004,Live Updates : Pennsylvania 's special election appears to be a dead heat ,Live Updates : Pennsylvania 's special election appears to be a dead end ,end,22111,1.4
8303,Trump campaign had contact with Russian intelligence : NYT,Trump campaign had contact with Russian vodka : NYT,vodka,21111,1.2
908, Bill Maher calls President Trump a “ whiny little bitch ” who is n’t adulting, Congress calls President Trump a “ whiny little bitch ” who is n’t adulting,Congress,22200,1.2
14796,Rick Gates ’ lawyers cite ‘ irreconcilable differences ’ in request to split,Rick Gates ’ lawyers cite ‘ irreconcilable Hairstyles ’ in request to split,Hairstyles,33220,2.0
13401,The Trump Admin 's Unwritten Policy that Blocks Undocumented Immigrant Abortions ,The Trump Admin 's Unwritten Policy that Blocks Undocumented Immigrant picnics ,picnics,32110,1.4
2315,"Jacinda Ardern is next prime minister of New Zealand , Winston Peters confirms","Jacinda Ardern is next prime zebra of New Zealand , Winston Peters confirms",zebra,22200,1.2
3109,Trump delivers first State of the Union address,Trump babbles first State of the Union address,babbles,33222,2.4
3641,Associated Press Source : Trump tells senators House health bill ‘ mean ’,Associated Press Source : Trump tells senators House bullying bill ‘ mean ’,bullying,32222,2.2
7963,Hawaii judge rejects Trump administration request to revise ruling against travel ban,Hawaii judge rejects Trump administration request to revise ruling against coconut ban,coconut,21111,1.2
4192,Wall Street 's top regulator is resigning from the Fed,Wall Street 's top regurgitator is resigning from the Fed,regurgitator,22110,1.2
3531,Trump lawful group shake-up clears way for conceivable Mueller meet,Trump lawful group shake-up clears blemishes for conceivable Mueller meet,blemishes,22110,1.2
4898,One industry suddenly has ' unfettered access ' to the White House under Trump — and it 's making a killing ,One industry suddenly has ' unfettered access ' to the White House under Trump — and it 's making a salad ,salad,22220,1.6
5852,"Alt-Left Extremists Post Police Photos Online , Threats , In Revenge For Police Action Against Them","Alt-Left Extremists Post kitten Photos Online , Threats , In Revenge For Police Action Against Them",kitten,32211,1.8
14640,Turkey Chooses Russia Over NATO for Missile Defense,Turkey Chooses Stuffing Over NATO for Missile Defense,Stuffing,33220,2.0
7000,Five Chinese military innovations that threaten U.S. dominance ,Five Chinese military innovations that threaten U.S. pie ,pie,22221,1.8
14784,"Trump and Obama have the same approval rating after their first year , at least according to one poll","Trump and Obama have the same hotness rating after their first year , at least according to one poll",hotness,32220,1.8
2445,Trump Orders Steel Imports Probe as American Company Fights China ,Trump Orders Steel Imports Probe as American Company Fights dinosaurs ,dinosaurs,22111,1.4
9912,John McCain : GOP health care bill likely ' dead ',John McCain : GOP zombie care bill likely ' dead ',zombie,32110,1.4
4175,"Government Accountability Office to Examine Cost , Security of Trump Florida Trips","Government Accountability Office to Examine Cost , Security of Trump bathroom Trips",bathroom,2222111110,1.3
2585,Trump : New UN sanctions are ' nothing compared to what will have to happen ',Trump : New UN trousers are ' nothing compared to what will have to happen ',trousers,32210,1.6
3798,Why Japan Is Begging Trump for Help,Why Japan Is Begging dolphins for Help,dolphins,22110,1.2
14776,#WomensMarch against Donald Trump around the world,#WomensMarch against kitchens around the world,kitchens,33220,2.0
13456,Trump ’s tax plan is built on a fairy tale,Trump ’s grooming plan is built on a fairy tale,grooming,33200,1.6
15087,Congressional Black Caucus says meeting with Trump was a ' positive first start ',Congressional Black Caucus says dancing with Trump was a ' positive first start ',dancing,22221,1.8
600,Israel Acknowledges Having Bombed A Suspected Syrian Nuclear Reactor In 2007,Israel Acknowledges Having Bombed A Suspected Syrian Nuclear Family In 2007,Family,31110,1.2
8610,Moon calls for trump to win Nobel Prize,Moon calls for trump to forget Nobel Prize,forget,32211,1.8
11589,"On the campaign trail , Trump was very worried about revealing America ’s secrets","On the campaign trail , monkey was very worried about revealing America ’s secrets",monkey,22210,1.4
13285,North Carolina Governor Says He 'll Issue Executive Order For Full LGBTQ Rights ,North Carolina Governor Says He 'll Issue Executive Order For Full LGBTQ alphabet ,alphabet,33100,1.4
11181,"Trump loved WikiLeaks during the campaign , but he 's not so fond of leaks as president ","Trump loved WikiLeaks during the campaign , but he 's not so fond of leaks as plumber ",plumber,31110,1.2
14533,The author of the ' fake news ' dossier on Trump 's ties to Russia is looking increasingly credible,The author of the ' fake news ' dossier on Trump 's ties to cheeseburgers is looking increasingly credible,cheeseburgers,32210,1.6
3043,Trump 's popularity faces test in Alabama 's Senate race,Trump 's hairpiece faces test in Alabama 's Senate race,hairpiece,33000,1.2
12849,AP FACT CHECK : Trump ’s claims in his State of Union address,AP FACT CHECK : Trump ’s claims in his State of Confusion address,Confusion,33211,2.0
12639,Big companies used to pay the best wages . Not anymore,Big companies used to pay the best politicians . Not anymore,politicians,33100,1.4
3343,GOP co-opts “ The Legend of Zelda ” for alternative-facts tax campaign,GOP co-opts “ The Legend of Zelda ” for alternative-facts Fantasy campaign,Fantasy,22110,1.2
9361,Republicans Explain Why They Want Permanent Tax Cuts For Corporations But Not People,Republicans Explain Why They Want Permanent Tax Cuts For Themselves But Not People,Themselves,32211,1.8
6488,"Theresa May will not take part in general election debates , say Tory party sources","Theresa May will not take candy in general election debates , say Tory party sources",candy,32222,2.2
10028,May says UK will still work with US despite intel furor,May says UK will still Dance with US despite intel furor,Dance,33210,1.8
191,Many in China think that poor doctor was dragged from the United flight for being Chinese .,Many in China think that poor panda was dragged from the United flight for being Chinese .,panda,32211,1.8
3640,Is the end of Donald Trump ’s presidency drawing nearer ? Either way he will have done great harm to America,Is the end of Donald Trump ’s haircut drawing nearer ? Either way he will have done great harm to America,haircut,32211,1.8
14601,Fusion GPS Founder 's Senate Judiciary Testimony Released,Fusion GPS Founder 's Senate Judiciary Musical Released,Musical,22210,1.4
11721,White House expects Justice crackdown on legalized marijuana,White House expects Justice binge on legalized marijuana,binge,22111,1.4
2183,Sally Field and More Stars Rally to Urge Congress to ‘ Vigorously Oppose ’ Trump,Sally Field and More Stars Rally to Urge Congress to ‘ Vigorously massage ’ Trump,massage,32211,1.8
14885,U.S. Secretary of State Mike Pompeo says ' sonic attack ' in China similar to reported Cuba incident,U.S. Secretary of State Mike Pompeo says ' sonic hedgehog ' in China similar to reported Cuba incident,hedgehog,22111,1.4
3096,"If the G.O.P. Tax Plan Hurts You , Congressmen Say It ’s Your State ’s Fault","If the G.O.P. Tax Plan Hurts You , Congressmen Say It ’s Your Mother ’s Fault",Mother,22110,1.2
11762,UC Berkeley students threaten to sue over Ann Coulter visit,UC Berkeley students threaten to sue over alien visit,alien,22111,1.4
6237,Report : Hillary Clinton protected aide accused of sexual harassment in 2008,Report : Hillary Clinton protected aide accused of sexual celebration in 2008,celebration,32210,1.6
6461,Stop pretending the estate tax has anything to do with us family farmers,Stop pretending the estate tax has anything to do with us weed farmers,weed,3322111000,1.3
7594,"Essential Politics : California 's hottest congressional races , ranked","Essential Politics : California 's hottest congressional mistresses , ranked",mistresses,33332,2.8
10663,When George W. Bush stood with Hillary Clinton,When George W. Bush boxed with Hillary Clinton,boxed,21111,1.2
3460,A top State Department official could n't explain why the U.S. backs Saudi Arabia ,A top State Department official could n't explain why the U.S. backs bacon ,bacon,22211,1.6
4854,"Trump , in unprecedented fashion for a president , rips press ","Trump , in unprecedented fashion for a president , rips dress ",dress,22200,1.2
6469,Lebanon LGBT scene empowered despite crackdown ,Lebanon LGBT scene empowered despite fashion ,fashion,22110,1.2
6418,Restaurant owner fed emergency workers for free during Westminster attack,Restaurant dumpster fed emergency workers for free during Westminster attack,dumpster,22110,1.2
12929,Jay Sekulow : “ Pardons have not been discussed and pardons are not on the table ”,Jay Sekulow : “ Pardons have not been discussed and turkeys are not on the table ”,turkeys,22111,1.4
3777,When George W. Bush stood with Hillary Clinton,When George W. Bush drank with Hillary Clinton,drank,32110,1.4
12558,"ISIS allegedly used chemical weapons in Mosul , women and children hurt","ISIS allegedly used chemical Deodorant in Mosul , women and children hurt",Deodorant,32100,1.2
11480,Meet the wealthy donors pouring millions into the 2018 elections,Meet the wealthy donors pouring Syrup into the 2018 elections,Syrup,32221,2.0
12998,No wall — for now : Trump reverses course on Mexico border wall to avoid government shutdown,No Eyesore — for now : Trump reverses course on Mexico border wall to avoid government shutdown,Eyesore,21111,1.2
13780,Pre-existing conditions not covered by TrumpCare,Pre-existing cookies not covered by TrumpCare,cookies,22111,1.4
9200,Judge says former Trump campaign manager Paul Manafort might spend ' the rest of his life in prison ',Judge says former Trump campaign manager Paul Manafort might spend ' the rest of his life in luxury ',luxury,32200,1.4
4816,"Young people are leaving the Republican Party in droves , new study finds","Young people are leaving the dinner Party in droves , new study finds",dinner,22110,1.2
1231,"U.S. military plane crashes in Mississippi , at least five reported dead","U.S. military bicycle crashes in Mississippi , at least five reported dead",bicycle,32200,1.4
6730,How partisanship won the Alabama election,How partisanship won the Monkey election,Monkey,31111,1.4
6346,Basic income experiment receives $ 5 million worth of bitcoin,Basic income experiment eats $ 5 million worth of bitcoin,eats,32110,1.4
4701,Trump asks black journalist to help set up meeting with Congressional Black Caucus,Trump asks black journalist to help set up tweet with Congressional Black Caucus,tweet,32100,1.2
9299,White House Red Scare ,White House Asylum ,Asylum,32100,1.2
1219,Liberal outrage erupts after Vanity Fair pokes fun at Hillary Clinton,Liberal pimple erupts after Vanity Fair pokes fun at Hillary Clinton,pimple,22110,1.2
12647,OMG New Zealand PM reveals she is pregnant,OMG New Zealand PM guesses she is pregnant,guesses,32100,1.2
10085,Trump ’s ‘ strategy ’ on Afghanistan : Let the next president figure it out,Trump ’s ‘ strategy ’ on hygiene : Let the next president figure it out,hygiene,22220,1.6
14621,The quest to help astronauts sleep better,The quest to help astronauts smell better,smell,33221,2.2
9856,Rep. Claudia Tenney : Many mass murderers ' end up being Democrats ',Rep. Claudia Tenney : Many mass murderers ' end up being President ',President,32210,1.6
7660,"Collins : Franken allegations ‘ credible , disgusting and appalling ’","Collins : Franken monsters ‘ credible , disgusting and appalling ’",monsters,32100,1.2
10191,"US to deploy 1,000 troops to Poland as Russian foreign minister accuses Nato of being a ' Cold War institution '","US to deploy 1,000 sausages to Poland as Russian foreign minister accuses Nato of being a ' Cold War institution '",sausages,33222,2.4
14810,Lee Relative Who Denounced White Supremacy Resigns As Pastor Of N.C. Church,Lee Relative Who Denounced White Supremacy Resigns As Mascot Of N.C. Church,Mascot,32200,1.4
11328,Israeli Prime Minister Benjamin Netanyahu may be regretting forcing his ministers to meet Donald Trump,Israeli Prime Minister Benjamin Netanyahu may be regretting forcing his wives to meet Donald Trump,wives,33321,2.4
625,How to cripple a presidency in 10 days,How to purchase a presidency in 10 days,purchase,33221,2.2
13894,The Alex Jones influence : Trump ’s “ deep state ” fears come from his conspiracy theorist ally and adviser ,The Alex Jones influence : Trump ’s “ deep state ” fears come from his conspiracy theorist ally and bro ,bro,32211,1.8
5568,"Venezuelans scour polluted river for lost treasure , survival","Venezuelans scour polluted river for lost socks , survival",socks,21111,1.2
1594,GOP Could Lose a House Seat in a District Trump Won by 19 Points,GOP Could Lose a Warm Seat in a District Trump Won by 19 Points,Warm,32210,1.6
11605,Congress passes first rollback of Obama environmental rule ,Congress passes first rollback of Obama environmental decor ,decor,32100,1.2
9254,Texas congressman receives threats over call for impeachment ,Texas congressman receives threats over call for pizza ,pizza,22111,1.4
5635,California deputy attorney general charged with possession of child porn,California deputy attorney general charged with possession of food porn,food,33310,2.0
1416,Michael Goodwin : FBI memo proves the ‘ deep state ’ is real – and the press is part of it,Michael Goodwin : FBI memo proves the ‘ deep state ’ is real – and the Bogeyman is part of it,Bogeyman,33211,2.0
9669,Trump to GOP senators : ' Inaction is not an option ',Trump to GOP senators : ' Coherence is not an option ',Coherence,33322,2.6
8705,Pelosi : State of the Union should focus on Trump 's ' slobbering self ',Pelosi : State of the Union should focus on Trump 's ' slobbering pig ',pig,32211,1.8
5509,"Trump , Comey And Special Counsel Robert Mueller Could Come Face-To-Face At FBI Ceremony Next Week","Trump , Comey And Special Counsel Robert Mueller Could Come Face-To-Face At FBI Bathroom Next Week",Bathroom,22211,1.6
13414,The ‘ genius ’ of Trump : What the president means when he touts his smarts ,The ‘ genius ’ of Trump : What the president means when he touts his hair ,hair,22210,1.4
11338,"Christie signs N.J. budget , ending 3-day government shutdown","Christie signs N.J. budget , ending 3-day diet shutdown",diet,32211,1.8
9837,US Treasury eases some sanctions against Russian intelligence service,US Treasury eases some sanctions against Russian delivery service,delivery,32211,1.8
11682,Cuba mystery grows : New details on what befell US diplomats ,Cuba mystery grows : New details on what befell US cigars ,cigars,22200,1.2
7117,Congress should pass laws giving taxpayers more bang for the buck,Congress should pass laws giving kittens more bang for the buck,kittens,22110,1.2
14424,"Fugu Freakout : Do n't Eat The Blowfish , Japanese Officials Warn : Poisonous","Fugu Freakout : Do n't Pop The Blowfish , Japanese Officials Warn : Poisonous",Pop,31110,1.2
6236,Man shot dead at Paris airport after trying to steal police officer 's gun ,Man shot dead at Paris airport after trying to steal police officer 's donut ,donut,32221,2.0
6010,Protesters Rally for Refugees Detained at JFK Airport After Trump Ban ,Protesters Rally for Refugees Detained at JFK Airport After Trump disco ,disco,31110,1.2
11824,"EPA to reduce workforce with buyouts , early retirement plan","EPA to reduce workforce with buyouts , early execution plan",execution,22110,1.2
4010,"Sen. Rand Paul : If you support Israel , you ca n't support more arms sales to Saudi Arabia","Sen. Rand Paul : If you support Israel , you ca n't support more Garage sales to Saudi Arabia",Garage,32110,1.4
4257,Ex-CIA officer held over secret files ,Ex-CIA officer held over secret recipe ,recipe,32110,1.4
6221,Hawaii judge rejects Trump administration request to revise ruling against travel ban,Hawaii judge rejects Trump administration request to revise ruling against doughnut ban,doughnut,22110,1.2
5412,House OKs GOP bill expanding gun owners ’ rights,House OKs GOP bill expanding gerbil owners ’ rights,gerbil,32110,1.4
9596,"Mike Pence Told About Flynn Warning Two Weeks After Trump , White House","Mike Pence Told About Flynn birthday Two Weeks After Trump , White House",birthday,22110,1.2
4453,"Pelosi : The minute Republicans vote for Trumpcare , ' they are putting doo-doo on their shoe '","Pelosi : The minute Republicans vote for Trumpcare , ' they are putting doo-doo on their nose '",nose,33200,1.6
3606,Trump Is Giving Staffers Secret Assignments And Telling Aides To Hide Them From John Kelly,Trump Is Giving Staffers Secret decoders And Telling Aides To Hide Them From John Kelly,decoders,32221,2.0
3010,Gov. Jerry Brown and European Union leaders agree to work to combat climate change,Gov. Jerry Brown and European Union leaders agree to work to combat sex change,sex,32221,2.0
3758,GOP Asked People To Sign A Presidents Day Card For Trump . It Did n’t Go Well .,GOP Asked People To Sign A Presidents Day Card For maniac . It Did n’t Go Well .,maniac,31110,1.2
11321,Indian and Chinese troops clash in disputed Himalayan border region,Indian and Chinese troops sunbathe in disputed Himalayan border region,sunbathe,32221,2.0
3375,North Korea : China and Russia call on US to freeze military exercises in bid to cool tensions ,North Korea : China and Russia call on US to freeze military exercises in bid to cool weather ,weather,32100,1.2
9182,How Donald Trump weaponizes confusion : Now he wants to blame Russia scandal on Obama,How Donald Trump weaponizes flatulence : Now he wants to blame Russia scandal on Obama,flatulence,33321,2.4
1986,Terrorism by Muslims makes up one-third of 1 percent of all murders in the US,Terrorism by emus makes up one-third of 1 percent of all murders in the US,emus,32100,1.2
6448,Trump Tells Russia ‘ Get Ready ’ For Syria Missile Strikes,Trump Tells Russia ‘ Get Ready ’ For confetti Missile Strikes,confetti,22111,1.4
6801,U.S. hate crimes up 20 percent in 2016 fueled by election campaign-report,U.S. tickle crimes up 20 percent in 2016 fueled by election campaign-report,tickle,22220,1.6
11542,"Republicans Plead With Trump To Get On , And Stay On , Message To Pass A Tax Overhaul ","Republicans Plead With Trump To Get On , And Stay On , Message To Pass A Tax Scam ",Scam,32100,1.2
10105,"With 60 Killed In Gaza , U.N. Rights Commissioner Criticizes Israel ","With 60 Killed In Gaza , U.N. Rights Commissioner Criticizes cupcakes ",cupcakes,22110,1.2
1252,Kennedy on questioning Trump judicial pick : I ask questions I expect them to answer ,Kennedy on questioning Trump judicial pick : I ask questions I expect them to laugh ,laugh,32220,1.8
10277,Ford rejected Michael Cohen ’s offer to provide legal services ,Ford rejected Michael Cohen ’s offer to provide legal Marijuana ,Marijuana,32100,1.2
14338,"Mulvaney says it 's "" difficult "" to cut spending in Washington , blames Congress","Mulvaney says it 's "" difficult "" to cut hair in Washington , blames Congress",hair,33220,2.0
5309,"Among Republicans , Trump is more popular than congressional leaders ","Among Republicans , Trump is more popular than congressional mascots ",mascots,31110,1.2
12140,Could microwave missiles disable North Korea 's missiles ?,Could microwave ovens disable North Korea 's missiles ?,ovens,31110,1.2
1503,Pre-existing conditions not covered by TrumpCare,Pre-existing people not covered by TrumpCare,people,33220,2.0
8892,CNN : Come Retribution -- Bannon Recruits Populists to Take Over Senate and Put Establishment Consultants Out of Business,CNN : Come Retribution -- Bannon Recruits Populists to Take Over playgrounds and Put Establishment Consultants Out of Business,playgrounds,22210,1.4
6542,Russia 's Putin says Islamic State destroyed in Syria .,Russia 's Putin says sanity destroyed in Syria .,sanity,32110,1.4
6924,Trump and Sessions locked in silent battle ,Trump and Sessions locked in silent auction ,auction,33211,2.0
10497,Donald Trump Claims Vladimir Putin Would Have Preferred A Hillary Clinton Victory ,Donald Trump Claims Vladimir Putin Would Have Preferred A Hillary Clinton Kiss ,Kiss,32221,2.0
1410,Trump Tells Russia ‘ Get Ready ’ For Syria Missile Strikes,Trump Tells Russia ‘ Get Ready ’ For Syria bowling Strikes,bowling,33221,2.2
3300,Key Trump allies are reportedly encouraging him to compromise with special counsel Robert Mueller,Key Trump allies are reportedly encouraging him to dance with special counsel Robert Mueller,dance,32222,2.2
1999,Alabama Secretary of State ’s Office on Pro-Doug Jones PAC ’s Voter Intimidation Effort : ‘ A Targeted Effort to Misinform and Confuse Voters ’,Alabama Secretary of State ’s Office on Pro-Doug Jones PAC ’s Voter Intimidation Effort : ‘ A Targeted Effort to Misinform and Confuse toddlers ’,toddlers,31110,1.2
7455,Michael Flynn pleads guilty to lying to the FBI on contacts with Russian ambassador ,Michael Flynn pleads guilty to lying to the FBI on contacts with Russian refrigerator ,refrigerator,22110,1.2
5300,Hillary Clinton : US does ' not deserve ' Trump ,Hillary Clinton : US does ' not deserve ' Me ,Me,32221,2.0
13488,Robert Mueller reportedly looking into Trump 's ' attempt to oust ' Jeff Sessions ,Robert Mueller reportedly looking into Trump 's ' attempt to oust ' decency ,decency,32222,2.2
8267,White House : Trump To Make Announcement On Comey Tapes This Week,White House : Trump To Make mistake On Comey Tapes This Week,mistake,32110,1.4
2220,We asked 18 states if they 're expanding Medicaid now that Obamacare is here to stay,We asked 18 states if they 're expanding hamburgers now that Obamacare is here to stay,hamburgers,22211,1.6
2431,Donald Trump Claims Vladimir Putin Would Have Preferred A Hillary Clinton Victory ,Donald Trump Claims Vladimir Putin Would Have Preferred A Hillary Clinton Bustier ,Bustier,21111,1.2
2400,Trump ’s Muslim ban is no surprise : Our new president ’s agenda is fueled by white nationalism ,Trump ’s Muslim ban is no surprise : Our new president ’s agenda is fueled by white noise ,noise,22110,1.2
7772,Rubio 's defection threatens Senate GOP 's margin on tax bill,Rubio 's defection threatens Senate GOP 's margin on phone bill,phone,21111,1.2
630,US Treasury eases some sanctions against Russian intelligence service,US Treasury eases some sanctions against Russian room service,room,32210,1.6
5866,Preet Bharara Says Trump Tried to Build Relationship With Him Before Firing,Preet Bharara Says Trump Tried to Build wall With Him Before Firing,wall,33210,1.8
678,Trump Lawyer Michael Cohen to Appear Before House Intel Panel on Tuesday ,Trump Lawyer Michael Cohen to Appear Before House Intel Panel on crack ,crack,32221,2.0
2990,Africa can not keep quiet about ' shocking ' Trump remark ,Africa can not keep quiet about ' shocking ' Trump tan ,tan,32222,2.2
3783,DNC vice chair Keith Ellison and Louis Farrakhan : ‘ No relationship ’ ?,DNC vice chair Keith Ellison and Louis Farrakhan : ‘ No loitering ’ ?,loitering,32100,1.2
1511,"Trump is n't pro-business , he 's pro- ' white nationalism ' : Venture capital co-founder","Trump is n't pro-business , he 's pro- ' white bread ' : Venture capital co-founder",bread,22111,1.4
10851,"Saudi king to visit Indonesia in March with entourage of 1,500 : Indonesian officials","Saudi camel to visit Indonesia in March with entourage of 1,500 : Indonesian officials",camel,32100,1.2
3634,Advice for Trump : Do n't fire Robert Mueller -- He will clear you in the end,Advice for Trump : Do n't tickle Robert Mueller -- He will clear you in the end,tickle,33111,1.8
1088,Gang Rape And Murder Of 8-Year-Old Girl Sparks Outrage Across India,Gang Rape And Murder Of 8-Year-Old sandwich Sparks Outrage Across India,sandwich,32110,1.4
5553,White House ices out CNN,White House squirts out CNN,squirts,22110,1.2
12691,"Kim Jong Un agrees to meet Donald Trump at DMZ , sources say","Kim Jong Un agrees to punch Donald Trump at DMZ , sources say",punch,33320,2.2
11831,What the dip in US life expectancy is really about : inequality ,What the dip in US life expectancy is really about : food ,food,31110,1.2
10954,"If Trump wants to use this memo to fire Rosenstein , he will have a lot more explaining to do","If Trump wants to use this memo to fire Rosenstein , he will have a lot more tweeting to do",tweeting,32111,1.6
5096,What if Sociologists Had as Much Influence as Economists ?,What if Sociologists Had as Much money as Economists ?,money,22200,1.2
14858,"Australia ’s mandatory gun buyback inspires U.S. activists , but few lawmakers","Australia ’s mandatory child buyback inspires U.S. activists , but few lawmakers",child,22111,1.4
7717,Study Predicts Deserts in Spain If Global Warming Continues,Study Predicts bikinis in Spain If Global Warming Continues,bikinis,33321,2.4
13758,Undocumented Woman Arrested While Seeking Protective Order Faces 10 Years In Prison,Undocumented Woman Arrested While Seeking Protective bra Faces 10 Years In Prison,bra,33110,1.6
7449,Trump ’s ‘ strategy ’ on Afghanistan : Let the next president figure it out,Trump ’s ‘ strategy ’ on Presidency : Let the next president figure it out,Presidency,33331,2.6
2182,"Berkeley Police Allowed Antifa to Jump Barricades , Assault Demonstrators","Berkeley Police Allowed Antifa to Jump Barricades , kiss Demonstrators",kiss,32211,1.8
13541,Senate investigation concludes Russia interfered in election to help Donald Trump - breaking with conclusion of House probe,Senate investigation concludes aliens interfered in election to help Donald Trump - breaking with conclusion of House probe,aliens,32221,2.0
3596,Watch Barack Obama 's 2009 speech on winning Nobel Peace prize award,Watch Barack Obama 's 2009 speech on winning Nobel Peace Pipe award,Pipe,32211,1.8
7062,Meet the legendary G-man investigating Russia 's meddling ,Meet the legendary G-man investigating Russia 's juggling ,juggling,21111,1.2
13172,"Illegal immigrant from Mexico pleads guilty to using fake identity to steal $ 361,000 in government benefits","Illegal immigrant from Mexico pleads guilty to using fake moustache to steal $ 361,000 in government benefits",moustache,32221,2.0
5655,BBC : ' Dozens dead ' after military plane crash in Algeria,BBC : ' Dozens dead ' after military wedding crash in Algeria,wedding,32200,1.4
5740,Donald Trump has just met with the new leader of the secular world – Pope Francis,Donald Trump has just met with the new puppet of the secular world – Pope Francis,puppet,22111,1.4
9965,Denmark ' to deport 70-year-old woman with dementia to Afghanistan ',Denmark ' to deport 70-year-old turtle with dementia to Afghanistan ',turtle,22111,1.4
321,Illinois Senate passes measure for neo-Nazis to be classed as terrorist groups ,Illinois Senate passes measure for neo-Nazis to be classed as terrorist cheerleaders ,cheerleaders,32110,1.4
12742,Ban Trump ’s sad view of America ,Ban Trump ’s sad view of hygiene ,hygiene,32100,1.2
11813,Hong Kong to Release 9 Seized Singapore Troop Carriers,Hong Kong to Release 9 Seized Singapore Cat Carriers,Cat,31111,1.4
8276,Navy SEAL Who Killed Bin Laden Calls Trump 's Parade Plan ' Third World Bulls ** t ',Navy SEAL Who Killed Bin Laden Calls Trump 's stupidity Plan ' Third World Bulls ** t ',stupidity,22110,1.2
13743,"FBI ’s McCabe faces GOP calls for ouster , ahead of closed-door testimony","FBI ’s McCabe faces GOP calls for bathing , ahead of closed-door testimony",bathing,33211,2.0
14419,"Budget , FY 2019 : The era of Trump deficits has begun","Budget , FY 2019 : The era of Trump dandruff has begun",dandruff,22111,1.4
8354,Trump reportedly believes Mueller will write a letter exonerating him in the Russia probe soon,Trump reportedly believes Mueller will write a song exonerating him in the Russia probe soon,song,33311,2.2
6558,Report : Trump 's lawyer circulates email with secessionist rhetoric,Report : Trump 's dog circulates email with secessionist rhetoric,dog,32210,1.6
8260, Republicans Say Trump 's Support For Gun Control Was Just An Act All Along, Skeletons Say Trump 's Support For Gun Control Was Just An Act All Along,Skeletons,32200,1.4
6231,Virginia Will Break Tie For Key Seat By Randomly Pulling Name From A Bowl,Virginia Will Break Tie For Key Seat By Randomly Pulling goldfish From A Bowl,goldfish,33220,2.0
12351,Former Obama officials are defending the White House doctor as he takes heat for saying Trump is in ' excellent ' health,Former Obama officials are defending the White House doctor as he takes heat for saying poodle is in ' excellent ' health,poodle,33100,1.4
7320,Senate Democrats Call for Sessions ’ Russia Testimony to Be Public,Senate Democrats Call for Sessions ’ Russia Costume to Be Public,Costume,22210,1.4
13717,EPA seeks to scrap rule protecting drinking water for third of Americans,EPA seeks to scrap rule allowing drinking water for third of Americans,allowing,22200,1.2
12713,Trump ’s ‘ strategy ’ on Afghanistan : Let the next president figure it out,Trump ’s ‘ strategy ’ on everything : Let the next president figure it out,everything,33321,2.4
5417,The Democrats ' Resistance to Trump Is Pathetic,The Democrats ' Resistance to coffee Is Pathetic,coffee,32111,1.6
796,Trump says US nuke force must be in ‘ tiptop shape ’,Trump says US nuke force must be in ‘ tiptop shoes ’,shoes,32210,1.6
9071,"DNC data guru denies Hillary Clinton 's claim she "" inherited nothing "" from DNC","DNC horse guru denies Hillary Clinton 's claim she "" inherited nothing "" from DNC",horse,22110,1.2
7406,Why Japan Is Begging Trump for Help,Why nobody Is Begging Trump for Help,nobody,22110,1.2
9809, Tremor detected in North Korea - BBC News, humor detected in North Korea - BBC News,humor,32221,2.0
5061,Liberals To Senate Democrats : ( Do n't ) Do Your Jobs,Liberals To Unemployed : ( Do n't ) Do Your Jobs,Unemployed,22210,1.4
2298,Emma Gonzalez survived the Florida shooting . Now she ’s taking on Trump and the NRA .,Emma Gonzalez survived the Florida tickling . Now she ’s taking on Trump and the NRA .,tickling,32200,1.4
8083,Obama ’s Strange Last Days in Office ,Obama ’s Strange Last Days in utero ,utero,22110,1.2
7633,"At Singapore regional defense dialogue , it wo n't be all North Korea","At Singapore regional comedy dialogue , it wo n't be all North Korea",comedy,22110,1.2
10652,Trump : Dems playing blame game instead of fixing Obamacare,Trump : Dems playing baseball game instead of fixing Obamacare,baseball,32100,1.2
6208,' What are they trying to hide ? ' Trump slams election officials over voter data request,' What are they trying to hide ? ' Trump slams wrestling officials over voter data request,wrestling,33221,2.2
7820, Russia probe now centers on aide offered Clinton ‘ dirt ’, Alien probe now centers on aide offered Clinton ‘ dirt ’,Alien,32211,1.8
772,Recent Scandals Highlight Trump 's Chaotic Management Style,Recent Scandals Highlight Trump 's Chaotic hair Style,hair,33332,2.8
2393,' Butcher of Bosnia ' Ratko Mladic found guilty of genocide and war crimes,' Butcher of Bosnia ' Ratko Mladic found guilty of jaywalking and war crimes,jaywalking,22111,1.4
429,Trump files annual financial disclosure,Trump eats annual financial disclosure,eats,32221,2.0
14609,Jury Finds Mexican Man Not Guilty in San Francisco Pier Killing,Jury Finds Mexican shark Not Guilty in San Francisco Pier Killing,shark,21111,1.2
3676,"BREAKING : Trump considering options for Syria retaliation , source says","BREAKING : Trump considering options for Syria vacation , source says",vacation,22110,1.2
7790,North Korea accuses US of ' criminal moves ' as three Navy carriers operate in Asian waters,North Korea accuses US of ' criminal moves ' as three Navy dancers operate in Asian waters,dancers,22110,1.2
12785,Philippines President Rodrigo Duterte vows to kill mayors and officials involved in drug trade,Philippines President Rodrigo Duterte vows to kiss mayors and officials involved in drug trade,kiss,33110,1.6
6230,Ex-aide : Rep. Franks offered $ 5 million to carry his child ,Ex-aide : Rep. Franks offered $ 5 million to carry his dog ,dog,33211,2.0
701,Trump ’s Footloose Foreign Policy Keeps His Own Team Guessing ,Trump ’s Footloose Foreign Policy Keeps His Own Team Employed ,Employed,32110,1.4
11602,Rohingya children close to starvation due to ' unimaginable ' ' health crisis,Rohingya vampires close to starvation due to ' unimaginable ' ' health crisis,vampires,21111,1.2
13976,The ‘ genius ’ of Trump : What the president means when he touts his smarts ,The ‘ genius ’ of Trump : What the president means when he touts his ignorance ,ignorance,31110,1.2
10565,45 million Americans rely on food stamps . Trump wants to gut the program .,45 million Americans rely on food trucks . Trump wants to gut the program .,trucks,32110,1.4
5029,Trump Organization employees forced to agree not to sue the company ,Trump Organization employees forced to agree not to sue the Moon ,Moon,31111,1.4
6234,"Russian prisoners transported in ' cruel , inhuman and degrading conditions in train carriages from Soviet era '","Russian vodka transported in ' cruel , inhuman and degrading conditions in train carriages from Soviet era '",vodka,32200,1.4
8258,"California Democrats propose adding third , nonbinary gender option for driver 's licenses and other official documents","California Democrats propose adding third , nonbinary pet option for driver 's licenses and other official documents",pet,22111,1.4
1911,Romanians demonstrate in the streets and force the government to repeal executive order that provided amnesty to corrupt politicians,Romanians demonstrate in the streets and force the government to repeal executive order that provided doughnuts to corrupt politicians,doughnuts,32110,1.4
1082,"Democrats are heading toward some big losses in midterm Senate races , polls say","Democrats are heading toward some big losses in midterm horse races , polls say",horse,22110,1.2
11313,RNC spent over $ 230K last month covering Trump 's legal fees in Russia investigations,RNC spent over $ 230K last month covering Trump 's legal britches in Russia investigations,britches,32100,1.2
13880,Ex-rising star of French far right steps into US limelight ,Ex-rising star of French far right steps into US puddle ,puddle,22111,1.4
9795,Are Women Candidates Winning More In 2018 ?,Are fake Candidates Winning More In 2018 ?,fake,32110,1.4
9524,"Trump cancels meeting with North Korea , citing ' tremendous anger and open hostility '","Trump cancels meeting with wife , citing ' tremendous anger and open hostility '",wife,33220,2.0
2582,The procrastinator 's guide to viewing the solar eclipse,The procrastinator 's guide to Ignoring the solar eclipse,Ignoring,32110,1.4
11148,Ex-AG Lynch : Clinton tarmac talk was about ' innocuous things ',Ex-AG Lynch : Clinton tarmac fling was about ' innocuous things ',fling,32111,1.6
13149,Macron urges US to reject isolationism ,Macron urges US to reject cheeseburgers ,cheeseburgers,33321,2.4
10115,"McCain memoir to reveal his ' no-holds-barred opinions ' on Trump , publisher says","McCain memoir to reveal his ' no-holds-barred opinions ' on tacos , publisher says",tacos,21111,1.2
4644,Watch : Conservative political advocate Matt Schlapp says Trump ’s ties to Russia are “ probably treasonous ”,Watch : Conservative political advocate Matt Schlapp says Trump ’s ties to Disco are “ probably treasonous ”,Disco,31110,1.2
8308,"John Boehner unleashed : Ex-House speaker curses at lawmakers , says congressman once held a knife to his throat ","John Boehner unleashed : Ex-House speaker curses at lawmakers , says congressman once held a knife to his steak ",steak,33220,2.0
14373,"Kremlin Tells Media to Cut Back on Fawning Trump Coverage , Sources Say ","Kremlin Tells Media to Cut Back on Fawning Trump Coverage , Sources lie ",lie,32210,1.6
306,"Drilling In America ’s ‘ Crown Jewel ’ Is Indefensible , Former Interior Officials Say","Drilling In America ’s ‘ Crown Jewel ’ Is Indefensible , Former Interior decorators Say",decorators,33100,1.4
11070,An Incoherent Strategy on North Korea ,An Incoherent Strategy on dancing ,dancing,32100,1.2
594,"France : ' Perpetual ' house arrest prompts vote , hunger strike","France : ' Perpetual ' house party prompts vote , hunger strike",party,3322222100,1.7
1242,Demoralized West Wing stokes fears over Trump ’s capacity to handle a crisis ,Demoralized West Wing stokes fears over Trump ’s capacity to handle a diet ,diet,33221,2.2
13874,"Conservative Activist , Journalist Lauren Southern Detained at Calais , Banned From Entering UK","Conservative Activist , Journalist Lauren Southern Detained at Calais , Banned From loving UK",loving,32110,1.4
5211,Trump hears Christmas sermon about ' the power of words ',Trump hears Christmas sermon about ' the spelling of words ',spelling,22211,1.6
12806,Why Access To Planned Parenthood Is Vital And Must Be Protected,Why Access To Planned picnics Is Vital And Must Be Protected,picnics,33100,1.4
6915,Chinese Space Lab Expected To Crash To Earth On Sunday Night : The Two-Way : NPR,Chinese methamphetamine Lab Expected To Crash To Earth On Sunday Night : The Two-Way : NPR,methamphetamine,31110,1.2
14183,OnPolitics Today : Get ready to Wolff up that book ,OnPolitics Today : Get ready to Wolff up that burger ,burger,32211,1.8
9465,Undocumented Workers Are The Backbone Of Dairies . Will Trump Change That ?,Undocumented cows Are The Backbone Of Dairies . Will Trump Change That ?,cows,33200,1.6
11607,Saudi King ’s Son Plotted Effort to Oust His Rival,Saudi King ’s elephant Plotted Effort to Oust His Rival,elephant,33200,1.6
1713,The Latest : Pakistan death toll in suicide blast rises to 11,The Latest : Pakistan death metal in suicide blast rises to 11,metal,32200,1.4
13474, Vehicle plows into protesters in Charlottesville, Spaceship plows into protesters in Charlottesville,Spaceship,32100,1.2
9872,Turkey Chooses Russia Over NATO for Missile Defense,Turkey Chooses Cheddar Over NATO for Missile Defense,Cheddar,32221,2.0
4548, California to sue Trump administration for repeal of fracking rules, Planet to sue Trump administration for repeal of fracking rules,Planet,22210,1.4
1988,Trump Is on the Verge of His Own Bull Market,Trump Is on the Verge of His Own flea Market,flea,22111,1.4
7226,Trump 's new conflict of interest could involve paying off officials to not talk about Russia,Trump 's new conflict of interest could involve paying off officials to not think about Russia,think,32100,1.2
10268,Trump wants to make Wall Street great again,Trump wants to make Wall Street paved again,paved,32100,1.2
14086,Secret Service protection for Donald Trump Jr. reactivated : report,Secret Service party for Donald Trump Jr. reactivated : report,party,22111,1.4
10801, Jury Convicts Protester Who Laughed at Sessions Hearing, monkey Convicts Protester Who Laughed at Sessions Hearing,monkey,32100,1.2
3473,Nashville mayor agrees to resign after admitting to affair ,Nashville mayor agrees to resign after admitting to boredom ,boredom,22110,1.2
10195,Michelle Wolf roasts Washington at White House Correspondents ' Dinner,Michelle Wolf roasts duck at White House Correspondents ' Dinner,duck,22210,1.4
15038,"Trump Rips Mueller Target Papadopoulos as ‘ Liar , ’ ‘ Low Level Volunteer ’","Trump praises Mueller Target Papadopoulos as ‘ Liar , ’ ‘ Low Level Volunteer ’",praises,32100,1.2
7437,"President Trump defends Comey 's firing , attacks Democrats on Twitter","President Trump defends Comey 's firing , attacks teenagers on Twitter",teenagers,32210,1.6
14978,Is the Trump International Hotel a sign that the Gilded Age is back ?,Is the Trump International Hotel a sign that the Gilded Toilet is back ?,Toilet,32220,1.8
2063,Here Are The Seven Republicans Who Could Kill The Tax Bill,Here Are The Seven Dwarfs Who Could Kill The Tax Bill,Dwarfs,3322222110,1.8
12823,The Justice Department is rescinding critical rules directing the federal government to keep its hands off of states ' legal marijuana,The Justice Department is rescinding critical rules directing the federal government to keep its lips off of states ' legal marijuana,lips,22210,1.4
9914,Hackers stole the personal data of 57 million Uber passengers and drivers,Hackers stole the personal cats of 57 million Uber passengers and drivers,cats,32210,1.6
9175,I 've Watched Trump Testify Under Oath . It Is n't Pretty .,I 've Watched Trump Testify Under water . It Is n't Pretty .,water,22211,1.6
9185," Russia Will Test ' Unstoppable ' Satan Missile by End of 2017 , Says Military"," kindergartners Will Test ' Unstoppable ' Satan Missile by End of 2017 , Says Military",kindergartners,32210,1.6
9902,White House moves to distance Trump from shutdown,White person moves to distance Trump from shutdown,person,22200,1.2
9217,TRUMP HAS A ‘ NAUGHTY OR NICE ’ LIST ,TRUMP HAS A ‘ NAUGHTY OR NICE ’ wife ,wife,32110,1.4
12717,Intel chief : Trump CIA pick will ' fully ' explain torture involvement,Intel chief : Trump CIA pick will ' fully ' explain chipmunk involvement,chipmunk,32111,1.6
7098,"Senate Dems filibuster Gorsuch , teeing up ‘ nuclear ’ showdown","Senate Dems massage Gorsuch , teeing up ‘ nuclear ’ showdown",massage,32200,1.4
7965,"Trump Can Prep For Mueller Interview After Playing Golf , Giuliani Says","Trump Can Prep For Mueller Interview After Playing president , Giuliani Says",president,33110,1.6
1862, White House physician : Trump is in excellent physical and mental health, Out House physician : Trump is in excellent physical and mental health,Out,32220,1.8
6917,Second Amendment Foundation Files Suit Against California ‘ Assault Weapons ’ Ban,Second Amendment Foundation Files Suit Against California ‘ Assault underwear ’ Ban,underwear,33221,2.2
10591,Stop It — Trump Does n’t Do Strategy ,Stop It — Trump Does n’t Do Dancing ,Dancing,32111,1.6
9332,US health care system : A patchwork that no one likes ,US health care system : A patchwork that no one understands ,understands,32110,1.4
1578,"42 US attorney nominees , but only one woman ","42 US attorney nominees , but only one toddler ",toddler,32210,1.6
162,White House calls emergency meetings as global cyberattack spreads,White House calls emergency room as global cyberattack spreads,room,32210,1.6
9927," News coverage of Trump is really , really negative . Even on Fox News ."," fashion coverage of Trump is really , really negative . Even on Fox News .",fashion,21111,1.2
11579,Experts to Trump : Russia is not our ally in the war on ISIS ,Experts to Trump : Russia is not our ally in the war on cholesterol ,cholesterol,32100,1.2
14049,"Warren : After Trump , ‘ I Wonder If America Will Ever Be Ready for a Male President Again ’","Warren : After Trump , ‘ I Wonder If America Will Ever Be Ready for a Male dancer Again ’",dancer,22220,1.6
9306,Donald Trump declares national prisoner of war day despite saying ' I like people who were n't captured ',Donald Trump declares national prisoner of war day despite saying ' I capture people who were n't captured ',capture,22210,1.4
10877,The Democrats ’ hypocrisy fest : Disingenuous attacks on Bernie Sanders persist — and his popularity climbs,The Democrats ’ hypocrisy fest : Disingenuous attacks on Bernie Sanders persist — and his hairline climbs,hairline,32111,1.6
10279,The Latest : San Juan mayor answers Trump ’s Twitter attack ,The Latest : San Juan mayor answers Trump ’s Twitter tantrum ,tantrum,32221,2.0
4196,Bashar al-Assad and Vladimir Putin Hug and Declare the End of War in Syria,Bashar al-Assad and Vladimir Putin Hug and Declare the End of decency in Syria,decency,21111,1.2
3857,"Women senators say #MeToo , reveal stories of sexual harassment","Women senators say #MeToo , reveal Benefits of sexual harassment",Benefits,22210,1.4
5947,"Trump , Comey And Special Counsel Robert Mueller Could Come Face-To-Face At FBI Ceremony Next Week","Trump , Comey And Special Counsel Robert Mueller Could Come Face-To-Face At FBI ballet Next Week",ballet,32100,1.2
14328,"More GOP Senators Say No , Killing Chances For Republican Healthcare Bill","More GOP cows Say No , Killing Chances For Republican Healthcare Bill",cows,22210,1.4
419,Hawaii judge rejects Trump administration request to revise ruling against travel ban,Hawaii judge rejects Trump administration request to revise ruling against dancing ban,dancing,32210,1.6
8881,President Trump Meeting with Automakers to Bring Back Jobs ,President Trump Meeting with Automakers to Bring Back wheelies ,wheelies,22110,1.2
9574,Stephen Miller 's heated interview with CNN 's Jake Tapper earns Trump 's praise,Stephen Miller 's heated shower with CNN 's Jake Tapper earns Trump 's praise,shower,22221,1.8
5091,Man gets kicked off Delta Air Lines flight for using the restroom before takeoff ,Man gets kicked off Delta Air Lines flight for using the restroom before flushing ,flushing,22110,1.2
8879,"Government Accountability Office to Examine Cost , Security of Trump Florida Trips","Government Accountability Office to Examine Cost , Security of Trump grocery Trips",grocery,22211,1.6
9297,Few Good Alternatives to Palestinian State ,Few Good Alternatives to Palestinian Souffle ,Souffle,32200,1.4
3044,Officials : US captures key militant key in Benghazi attack,Officials : US captures key militant chihuahua in Benghazi attack,chihuahua,33310,2.0
11202,"Donald Trump , pseudo-president : Media embraces his latest “ pivot ” like the proverbial drunks under a streetlight ","Donald Trump , pseudo-president : Media embraces his latest “ pivot ” like the proverbial drunks under a bridge ",bridge,32111,1.6
9909,Trump greeted with selfies and politics on arrival in Israel,Trump greeted with selfies and candy on arrival in Israel,candy,33211,2.0
1962,"From Stormy Daniels to John Bolton , will America ever recover from Donald Trump","From Stormy Daniels to John Bolton , will sanity ever recover from Donald Trump",sanity,32111,1.6
8544,What Trump 's first speech as president tells us about the next four years,What Trump 's first nap as president tells us about the next four years,nap,32210,1.6
6058, House to vote Thursday on Obamacare repeal bill, nobody to vote Thursday on Obamacare repeal bill,nobody,32100,1.2
10690,"Iran , Turkey , Extremists Are ‘ Triangle of Evil , ’ Saudi Crownprince Bin Salman Says","Iran , Turkey , Extremists Are ‘ Triangle of snitches , ’ Saudi Crownprince Bin Salman Says",snitches,22221,1.8
2264,I 'm an American with a Muslim name who was detained at JFK Airport for hours – I want an explanation,I 'm an American with a Muslim camel who was detained at JFK Airport for hours – I want an explanation,camel,22221,1.8
7978,Week 53 : Trump Goes Spy Hunting and Gets Skunked,Week 53 : Trump Goes deer Hunting and Gets Skunked,deer,33311,2.2
11018,Barclays former CEO John Varley and three top bankers to appear in court over fraud charges,Barclays former CEO John Varley and three top dogs to appear in court over fraud charges,dogs,22110,1.2
7795,Some Electronics to Be Banned on Some US-bound Flights,Some singing to Be Banned on Some US-bound Flights,singing,22210,1.4
9666,Zimbabwe crowns first ' Miss Albino ' in bid to tackle stigma ,Zimbabwe crowns first ' Miss Albino ' in bid to tackle sunscreen ,sunscreen,32221,2.0
11962,Male congressman questions why men have to pay for prenatal care . Really .,Male virgin questions why men have to pay for prenatal care . Really .,virgin,33110,1.6
9622,Schiff : Trump Jr. may have been first to know about Russian efforts to meddle in election,Schiff : Trump Jr. may have been first to celebrate about Russian efforts to meddle in election,celebrate,21111,1.2
575,Trump Lifts Obama ’s Curbs on Military Equipment for Cops,Trump Lifts Obama ’s Curbs on Military Dresses for Cops,Dresses,32211,1.8
9279,United Airlines shares drop 1 Billion Dollars after man dragged off flight ,United Airlines shares drop 1 Billion Dollars after man dragged off pilot ,pilot,32211,1.8
9701, People in half of Virginia 's counties on track to have ZERO Obamacare insurers next year, turtles in half of Virginia 's counties on track to have ZERO Obamacare insurers next year,turtles,31110,1.2
10629,"If the G.O.P. Tax Plan Hurts You , Congressmen Say It ’s Your State ’s Fault","If the G.O.P. Tax Plan Hurts You , Congressmen Say It ’s Your momma ’s Fault",momma,33321,2.4
11014,"Report : Texas bathroom bill diverted from school , tax issues","Report : Texas bathroom tissue diverted from school , tax issues",tissue,31110,1.2
11080,Mike Pence does n't stand for North Korea athletes during opening ceremonies,Mike Pence does n't breakdance for North Korea athletes during opening ceremonies,breakdance,33222,2.4
8204,Pope decries fomenting fear of migrants for political gain,Pope decries fomenting fear of spiders for political gain,spiders,31110,1.2
10680,House passes bill against late-term abortions ,House passes bill against late-term papers ,papers,22110,1.2
1123,Federal judge whom Trump called ' Mexican ' clears way for border wall,Federal judge whom Trump called ' smelly ' clears way for border wall,smelly,32200,1.4
7928,Emails reveal follow-up after Trump Jr. 's Russia meeting : report,Emails reveal follow-up after Trump Jr. 's gynecologist meeting : report,gynecologist,32221,2.0
1320,Blast in Police headquarters in Kurdish city of Diyarbakir in Turkey,Blast in alien headquarters in Kurdish city of Diyarbakir in Turkey,alien,33210,1.8
7188,Trump Is on the Verge of His Own Bull Market,Trump Is on the Verge of His Own Super Market,Super,22110,1.2
3715,Trump : I still ' would like to ' sit down with Mueller,Trump : I still ' would like to ' throw down with Mueller,throw,32211,1.8
6152,You Can Be Fined For Wearing A Political T-Shirt To The Polls . SCOTUS Could Change That .,You Can Be Fined For Wearing A Political T-Shirt To The Shower . SCOTUS Could Change That .,Shower,32200,1.4
9516,Anonymous believes NASA will announce discovery of alien life ,Anonymous believes NASA will announce discovery of alien condo ,condo,32100,1.2
828,Pelosi : Trump ’s insecurity fueling fraud investigation,Pelosi : Trump ’s insecurity fueling barber investigation,barber,32111,1.6
9599,"Senate GOP 's "" skinny repeal "" bill dies in middle-of-the-night vote ","Senate GOP 's "" skinny repeal "" bill dies in middle-of-the-night binge ",binge,32211,1.8
4083,Attorney General Jeff Sessions Testifies Before House Judiciary Committee,Attorney General Jeff Sessions dances Before House Judiciary Committee,dances,33110,1.6
7737,Chinese Space Lab Expected To Crash To Earth On Sunday Night : The Two-Way : NPR,Chinese chemistry Lab Expected To Crash To Earth On Sunday Night : The Two-Way : NPR,chemistry,31110,1.2
131,Russia investigation : Trump ' considers firing ' Robert Mueller .,Russia investigation : Trump ' considers firing ' himself .,himself,3333222210,2.1
11448,Health care vote - the latest news ,Health care vote - the latest scam ,scam,32100,1.2
2895,Congress ' deficit hawks seem to have gone missing in action,Congress ' pet hawks seem to have gone missing in action,pet,32111,1.6
434,The Latest : Trump Denounces Report Russia Had Info on Him,The Latest : Trump misunderstands Report Russia Had Info on Him,misunderstands,32100,1.2
11858,Trump push for border wall threatens to cause government shutdown,Trump push for border tacos threatens to cause government shutdown,tacos,33221,2.2
12720,Dems give props to Kimmel as ObamaCare repeal stumbles,Dems give bribes to Kimmel as ObamaCare repeal stumbles,bribes,32220,1.8
13694,"101 Illegal Immigrants Arrested in ICE Operation , a Christmas Gift from ICE","101 dalmatians Arrested in ICE Operation , a Christmas Gift from ICE",dalmatians,33310,2.0
7191,"Minnesota school district drops ' Huckleberry Finn , ' ' To Kill a Mockingbird '","Minnesota school district drops ' Huckleberry pie , ' ' To Kill a Mockingbird '",pie,22110,1.2
12567,Infra - and ultrasonic waves thought to be responsible for Cuba attacks,Infra - and ultrasonic waves thought to be responsible for ghost attacks,ghost,22110,1.2
1060,Turkey Gears Up for ‘ Risky ’ Syria Mission With Russia and Iran,Turkey Gears Up for ‘ Risky ’ shopping Mission With Russia and Iran,shopping,22110,1.2
10278,Notre Dame students walk out on Pence commencement speech,Notre Dame students pass out on Pence commencement speech,pass,32210,1.6
1978,Listen : Trump Records Campaign Robocall For Roy Moore,Listen : Trump sings Campaign Robocall For Roy Moore,sings,22211,1.6
4415,Google employees are spending heavily to elect Democrats in California and to flip the House,Google employees are spending heavily to elect psychopaths in California and to flip the House,psychopaths,22110,1.2
891,Trump shows happiness by going quiet,Trump creates happiness by going quiet,creates,33221,2.2
12965,A linguistic analysis found that Trump speaks at a third-grade level,A linguistic analysis found that Trump colors at a third-grade level,colors,33321,2.4
8562,Conservative media outlet RedState just fired a lot of its anti-Trump bloggers,Conservative paranoia outlet RedState just fired a lot of its anti-Trump bloggers,paranoia,33111,1.8
3254,Air Force leaders dodge questions on Trump 's ' Space Force ',Air Force leaders dodge pies on Trump 's ' Space Force ',pies,33211,2.0
7677,"Welcome to Berlin ’s “ liberal ” mosque — where burqas are banned , and men and women pray together","Welcome to Berlin ’s “ liberal ” mosque — where burqas are banned , and men and women copulate together",copulate,33220,2.0
12866,Supreme Court Ruling Means Immigrants Could Continue To Be Detained Indefinitely,Supreme Court Ruling Means kittens Could Continue To Be Detained Indefinitely,kittens,32110,1.4
1836,Calais violence leaves four teenage refugees in critical state as smuggling gangs ' exploit growing desperation ',Calais violence leaves four teenage refugees in critical state as smuggling marshmallows ' exploit growing desperation ',marshmallows,32110,1.4
13741,Egypt fears influx of militants after Islamic State defeat,Egypt fears influx of cockroaches after Islamic State defeat,cockroaches,22111,1.4
11281," Clarence Thomas Sexually Harassed Me . Yes , He Should Be Impeached ."," Panda Sexually Harassed Me . Yes , He Should Be Impeached .",Panda,31110,1.2
9389,Russian Trolls Would Love the ' Honest Ads Act ',Russian Prostitutes Would Love the ' Honest Ads Act ',Prostitutes,33320,2.2
13487,Russia or tax cuts : Are MSNBC ’s corporate bosses causing a coverage dilemma ?,Russia or cold cuts : Are MSNBC ’s corporate bosses causing a coverage dilemma ?,cold,22211,1.6
5200,"Trump sees veterans as the perfect armed teachers , but they 're divided","Trump sees chimpanzees as the perfect armed teachers , but they 're divided",chimpanzees,33320,2.2
14194,This voting reform solves 2 of America 's biggest political problems,This snoring reform solves 2 of America 's biggest political problems,snoring,22211,1.6
8245,"With His Choice Of Inauguration Prayer Leaders , Trump Shows His Values ","With His Choice Of Inauguration Prayer Leaders , Trump Shows His Penises ",Penises,32100,1.2
12221,Watchdog group wants federal probe into porn actress payment ,Watchdog group wants federal probe into porn actress probing ,probing,22211,1.6
2205,Trump Vows North Korea Could be Met With ‘ Fire and Fury ’,Trump Vows North Korea Could be Met With ‘ Fire and Pancakes ’,Pancakes,32220,1.8
12493,How Crisis Pregnancy Center Clients Rely On Medicaid ,How Crisis Pregnancy Center Clients Rely On VooDoo ,VooDoo,32100,1.2
2078,Fox News v. Robert Mueller ,Fox News v. science ,science,21111,1.2
3586,Trump blames Corker for the Iran deal ,Trump blames Corker for the hangover ,hangover,33211,2.0
8125,"With ' Pussyhats , ' Liberals Get Their Own Version Of The Red Trucker Hat ","With ' Pussyhats , ' Liberals Get Their Own Version Of The Red Trucker eyesore ",eyesore,21111,1.2
6190,' We are going to take back the country we love ' : Hillary Clinton,' We are going to take back the pastry we love ' : Hillary Clinton,pastry,22110,1.2
5151,‘ It Was Great ! ’ — Donald Trump Thanks Steve Bannon for His Service ,‘ It Was Great ! ’ — Donald Trump Thanks Steve Bannon for His watch ,watch,22200,1.2
6457,Schumer to Trump : Do n't even think about it,Schumer to Trump : Do n't even tweet about it,tweet,33210,1.8
1806,"Trump to Visit London This Summer , Despite Protests Promised by Mayor Khan","Trump to Visit zoo This Summer , Despite Protests Promised by Mayor Khan",zoo,21111,1.2
13664,Virginia clashes bring attention to anti-fascist movement,Virginia hams bring attention to anti-fascist movement,hams,22110,1.2
890,"Trump to host Netanyahu in meeting focused on Iran , Middle East talks","Trump to butter Netanyahu in meeting focused on Iran , Middle East talks",butter,32110,1.4
11309,Ex-federal judge tapped to review Cohen documents ,Ex-federal judge tapped to review Cohen homework ,homework,32100,1.2
14065,A Glitch On Donald Trump ’s Website Lets You Put Words Into His Mouth,A Glitch On Donald Trump ’s Website Lets You Put chocolate Into His Mouth,chocolate,32221,2.0
11905,Why Hillary Clinton Lost To Donald Trump ,Why Hillary Clinton Lost To child ,child,32100,1.2
6037,Western airstrikes unlikely to impact Assad ’s war machine,Western airstrikes unlikely to impact Assad ’s slot machine,slot,33211,2.0
10501,Border wall could leave some Americans on ' Mexican side ',Border wall could leave some cactus on ' Mexican side ',cactus,22111,1.4
12306,Parkland students ' ' die-in ' protest turns into shouting match with Trump supporters,Parkland students ' ' die-in ' protest turns into dancing match with Trump supporters,dancing,21111,1.2
7112,Roadside bombings kill 10 Egypt soldiers during Sinai raid,Roadside bombings kill 10 Egypt mummies during Sinai raid,mummies,32110,1.4
6099,Trump asked the Guggenheim for a Van Gogh . The museum offered a gold toilet .,Trump asked the Guggenheim for a Van Gogh . The museum offered a gold pumpkin .,pumpkin,22221,1.8
764,Manchester Arena : 19 dead after explosion at Ariana Grande concert / LATEST UPDATES,Manchester Arena : 19 dead after singing at Ariana Grande concert / LATEST UPDATES,singing,3222111000,1.2
692,How Steve Bannon became the face of a political movement with roots in Los Angeles,How Steve Bannon wrinkled the face of a political movement with roots in Los Angeles,wrinkled,22110,1.2
9612, Democrats vow to fight Trump administration over Census citizenship question, Boxers vow to fight Trump administration over Census citizenship question,Boxers,22210,1.4
6755,Trump-drawn NYC sketch heads to auction ,Trump-drawn NYC sketch heads to dumpster ,dumpster,33311,2.2
2920,Miami Judge : New Stand-Your-Ground Law Is Unconstitutional,Miami Vice : New Stand-Your-Ground Law Is Unconstitutional,Vice,22110,1.2
2049,Trump tells Abbas ' very good chance ' of Mid-East peace deal - BBC News,Trump tells Abbas ' very good chance ' of Mid-East hotel deal - BBC News,hotel,33210,1.8
13563,Trump asks black journalist to help set up meeting with Congressional Black Caucus,Trump asks black inmates to help set up meeting with Congressional Black Caucus,inmates,31111,1.4
6512,A side-by-side comparison of Obamacare and the GOP ’s replacement plan - Los Angeles Times,A side-by-side comparison of Obamacare and the GOP ’s replacement hip - Los Angeles Times,hip,32110,1.4
9428,Trump Vows China ' Will Take Down Its Trade Barriers ',Trump Vows China ' Will Take Down Its Pizza Barriers ',Pizza,31110,1.2
14824,A Reporter ’s Reflections on Hillary Clinton ’s Loss ,A Reporter ’s Reflections on Hillary Clinton ’s pants ,pants,22200,1.2
3174,"In tweet attacking Obama , Trump says Russia tried to influence election","In tweet attacking Obama , Trump says coyote tried to influence election",coyote,32110,1.4
3297, Marijuana may be a miracle treatment for children with autism, Frosting may be a miracle treatment for children with autism,Frosting,33200,1.6
13391,Five tough questions for Trump on immigration ,Five tough questions for Trump on boardgames ,boardgames,32211,1.8
10319,Philippines President Rodrigo Duterte vows to kill mayors and officials involved in drug trade,Philippines President Rodrigo Duterte vows to kill mosquitos and officials involved in drug trade,mosquitos,22210,1.4
13245,South Korean police on alert over Trump protests,South Korean chickens on alert over Trump protests,chickens,31110,1.2
13887,Cory Booker ’s new big idea : guaranteeing jobs for everyone who wants one,Cory Booker ’s new big idea : guaranteeing beer for everyone who wants one,beer,32221,2.0
11767,Islamic television station in Senegal blames saboteur for airing hardcore porn,Islamic television station in Senegal blames grandpa for airing hardcore porn,grandpa,22211,1.6
863,Trump to Call Trade a Key Part of National Security,Trump to Call Pompadours a Key Part of National Security,Pompadours,33210,1.8
1439,Donald Trump said he 'd be ' back to work ' the day after Christmas but instead he played golf ,Donald Trump said he 'd be ' back to work ' the day after Christmas but instead he played hooky ,hooky,32111,1.6
5510,Senate Bill Does n’t Have House ’s Tax Break for ‘ Unborn Children ’,Senate Bill Does n’t Have House ’s Tax Break for ‘ Unborn Billionaires ’,Billionaires,32111,1.6
13404,This Thanksgiving A Majority Would Prefer To Hold The Side Of Political Talk,This Thanksgiving A Majority Would wrestle To Hold The Side Of Political Talk,wrestle,32100,1.2
11244,"Melania Is Trapped In The White House , Says France 's First Lady","Melania Is Trapped In The Out House , Says France 's First Lady",Out,33320,2.2
5997,Shark attacks cause cancellation of World Surf League event,Shark demands cause cancellation of World Surf League event,demands,22220,1.6
7240,' Shock and anger ' over Monarch collapse,' Shock and anger ' over sandcastle collapse,sandcastle,33320,2.2
3281,Ramadan Rage 2017 : The Complete List of Jihadist Attacks Around the World,Ramadan Rage 2017 : The Complete List of Jihadist hoedowns Around the World,hoedowns,22210,1.4
1409,Al Franken : ‘ I ’m not giving up my voice ’,Al Franken : ‘ I ’m not giving up my sandwich ’,sandwich,32221,2.0
15090,The last president to fire an FBI director ? Bill Clinton,The last president to kiss an FBI director ? Bill Clinton,kiss,33332,2.8
14547,"Teachers , Lawyers And Others Worry About The Fate Of Student Debt Forgiveness","Teachers , Lawyers And Others Worry About The Fate Of Student Hangover Forgiveness",Hangover,22210,1.4
7159,Top House Republican wants FBI ' assessment ' on Trump-related leaks ,Top House Republican wants FBI ' assessment ' on Trump-related memes ,memes,21111,1.2
11737,Saudi Arabia to let women enter sports stadiums in 2018,Saudi Arabia to let wolves enter sports stadiums in 2018,wolves,33310,2.0
14316,Trump just blamed the military for the botched Yemen raid . That 's a disgrace .,Trump just blamed the military for the botched pantry raid . That 's a disgrace .,pantry,32210,1.6
10913,Marco Rubio says Russian hackers targeted his presidential campaign staff twice,Marco Rubio says Russian cowboys targeted his presidential campaign staff twice,cowboys,32200,1.4
4890,Russia 's boost in trade with North Korea worries U.S.,Russia 's boost in trade with hackers worries U.S.,hackers,33100,1.4
3374,Meryl Streep called out Trump ’s bullying and lies . Trump just hit back — with still more lies .,Meryl Streep called out Trump ’s brilliance and lies . Trump just hit back — with still more lies .,brilliance,32100,1.2
10962,Supreme Court rejects challenge to Arkansas law restricting medication abortion,Supreme Court raps challenge to Arkansas law restricting medication abortion,raps,32100,1.2
5699,Trump administration backs 20-week abortion ban,Trump administration backs 20-week music ban,music,22110,1.2
1974,"Kushners , Brookfield Near Deal on Troubled 666 Fifth Ave. , Sources Say","Kushners , Brookfield Near Deal on Troubled 666 Fifth Ave. , demons Say",demons,33211,2.0
4380,"‘ Hello , Bob ’ : President Trump called my cellphone to say that the health-care bill was dead","‘ Hello , Bob ’ : President Trump stole my cellphone to say that the health-care bill was dead",stole,32210,1.6
2160,' Pink wave ' candidates hoping to crash red states : ' Powerhouse Politics ',' Pink wave ' candidates hoping to crash red states : ' Crayon Politics ',Crayon,32100,1.2
13623,Trump Tower meeting brings close focus on Russian lawyer ,Trump Tower meeting brings close focus on Russian ballerina ,ballerina,32100,1.2
13105,Trump holds joint press conference with Norway 's prime minister — live updates,Trump holds joint press conference with Norway 's prime rib — live updates,rib,33321,2.4
8883,Trump just blamed the military for the botched Yemen raid . That 's a disgrace .,Trump just blamed the military for the botched Yemen souffle . That 's a disgrace .,souffle,32220,1.8
5942,"U.S. is separating immigrant parents and children to discourage others , activists say","U.S. is marrying immigrant parents and children to discourage others , activists say",marrying,32100,1.2
12579,Who Is The Mystery Man Behind @realDonaldTrump ? ( Besides The President ),Who Is The Mystery turnip Behind @realDonaldTrump ? ( Besides The President ),turnip,32100,1.2
1843,Vice ’s documentary on Charlottesville is really worth watching ,Vice ’s documentary on Charlottesville is really worth skipping ,skipping,33110,1.6
1590, Storms kill at least 78 in western and northern India, Sheep kill at least 78 in western and northern India,Sheep,22211,1.6
9898,Soros takes aim at Facebook and Google ,Soros takes aim at Facebook and Mars ,Mars,31111,1.4
5665,Report finds sloppy handling of sexual misconduct cases in Justice Department,Report finds sloppy touching of sexual misconduct cases in Justice Department,touching,22221,1.8
12087, Teacher apologizes for accidentally firing gun in classroom, Chimpanzee apologizes for accidentally firing gun in classroom,Chimpanzee,32100,1.2
14869,"Trump Administration Releases Requirements for Border Wall , Starts Requesting Bids to Build It","Trump Administration Releases Requirements for Border collie , Starts Requesting Bids to Build It",collie,33100,1.4
4893,DHS secretary : Electronics ban may be expanded to flights departing US,DHS secretary : fun ban may be expanded to flights departing US,fun,22211,1.6
6764,"Sen. John McCain will support GOP tax plan , boosting bill 's chances ahead of Senate vote","Sen. John McCain will support GOP taco plan , boosting bill 's chances ahead of Senate vote",taco,21111,1.2
10178,When will Donald Trump and Kim Jong-un meet and what will they discuss ?,When will Donald Trump and Kim Jong-un date and what will they discuss ?,date,31111,1.4
9934,' Chibok girls ' reunited with families ,' Chibok girls ' reunited with smartphones ,smartphones,32211,1.8
12084,East coast readies for fresh climate fight as Trump eyes more offshore drilling,East coast readies for fresh pillow fight as Trump eyes more offshore drilling,pillow,32221,2.0
11674,Brexit ' could be model for Turkey ',Brexit ' could be stuffing for Turkey ',stuffing,33220,2.0
8181,"Obamacare architect , after meeting with Trump , expresses a sliver of hope about the GOP approach","Obamacare architect , after meeting with psychic , expresses a sliver of hope about the GOP approach",psychic,33211,2.0
2360,Congressional Black Caucus says meeting with Trump was a ' positive first start ',Congressional Black Caucus says musical with Trump was a ' positive first start ',musical,22220,1.6
7871,Idaho Is Fastest-Growing State in U.S.,Idaho Is Fastest-Growing potato in U.S.,potato,2222211100,1.3
5979,These Google employees used their '20 percent ' time to improve Maps for people in wheelchairs ,These Google employees used their '20 percent ' time to improve Maps for people in malls ,malls,21111,1.2
7170,"Senate GOP 's "" skinny repeal "" bill dies in middle-of-the-night vote","Senate GOP 's "" skinny repeal "" bill Combusts in middle-of-the-night vote",Combusts,32100,1.2
348,"Barbara Bush , Matriarch of U.S. Political Dynasty , Dies at 92","Barbara Bush , Matriarch of U.S. Political Dynasty , moonwalks at 92",moonwalks,32110,1.4
2725,CreditLoan survey : What Americans think the minimum wage should be,CreditLoan survey : What Americans think the minimum height should be,height,33110,1.6
7255,How an FBI raid fed a rumor that Orrin Hatch was about to become president ,How an FBI raid fed a rumor that Orrin Hatch was about to become pregnant ,pregnant,33332,2.8
612,Netflix says it now has 104 million subscribers worldwide - BBC News,Netflix says it now has 104 million fleas worldwide - BBC News,fleas,32100,1.2
14345,"Triple Threat : New Pneumonia Is Drug-Resistant , Deadly And Contagious","Triple Threat : New President Is Drug-Resistant , Deadly And Contagious",President,22210,1.4
4716,"Eric Trump to Sean Hannity : Democrats "" Are Not Even People ""","Eric Trump to Sean Hannity : people "" Are Not Even People """,people,33100,1.4
8090,Medicare-for-all progressive may just pull out a win in a key Nebraska House primary,Medicare-for-all progressive may just pull out a win in a key pancake House primary,pancake,31110,1.2
8743,GOP Asked People To Sign A Presidents Day Card For Trump . It Did n’t Go Well .,GOP Asked illiterates To Sign A Presidents Day Card For Trump . It Did n’t Go Well .,illiterates,33221,2.2
6742,Rep. Vicky Hartzler opts against Senate bid to challenge Sen. Claire McCaskill,Rep. Vicky Hartzler opts against Senate bid to slap Sen. Claire McCaskill,slap,32100,1.2
2740,Comey firing shows White House problems go far beyond communications strategy,Comey firing shows White People problems go far beyond communications strategy,People,22111,1.4
5693,Trump ’s mouth battles the storm,Trump ’s ass battles the storm,ass,33200,1.6
8064,"The Latest : In call , Trump backs Moore , dubs him a ‘ fighter ’","The Latest : In call , Trump backs Moore , dubs him a ‘ marshmallow ’",marshmallow,22111,1.4
4617,CFPB chief Mick Mulvaney formally asks Congress to slash the agency 's power ,CFPB chief Mick Mulvaney formally asks Congress to slash the agency 's tires ,tires,3222220000,1.3
980,"Forget Trump – populism is the cure , not the disease","Forget Trump – cancer is the cure , not the disease",cancer,32110,1.4
13675,Fox News v. Robert Mueller ,Fox News v. aliens ,aliens,31110,1.2
8233,"Net neutrality comments mostly came from bots and fake email addresses , Pew finds","Net neutrality comments mostly came from kittens and fake email addresses , Pew finds",kittens,32210,1.6
8214,Conservative Leaders Urge Mitch McConnell to Resign ,Conservative Leaders Urge Mitch McConnell to hibernate ,hibernate,32210,1.6
13211,"Republican Debbie Lesko wins Arizona special election , NBC News projects","Republican Debbie Lesko wins Arizona special sauce , NBC News projects",sauce,22110,1.2
2248,China Is Attempting To Muzzle #MeToo,China Is Attempting To molest #MeToo,molest,22200,1.2
3069,Top Democrat offers a simple explanation that undercuts Republicans ' central argument that the FBI acted illegally,Top Democrat offers a simple explanation that undercuts Republicans ' central argument that the FBI danced illegally,danced,22200,1.2
6860,Huge ice crack in Antarctica forces British scientists to flee research station,Huge ice crack in Antarctica forces British raccoons to flee research station,raccoons,22210,1.4
7303,Articles of impeachment introduced against Trump by Texas House Democrat ; misses chance to force vote .,Articles of impeachment introduced against Trump by Texas House Democrat ; misses chance to force barbeque .,barbeque,22221,1.8
2187,"Trump deserves credit for North-South Korea summit , experts say","Trump deserves cake for North-South Korea summit , experts say",cake,32222,2.2
6680,Do n’t look to the president for moral leadership ,Do n’t look to the president for moral anything ,anything,33000,1.2
11925,John McCain thinks Vladimir Putin is a greater threat than ISIS,John McCain thinks halitosis is a greater threat than ISIS,halitosis,32100,1.2
7680,Dem to unveil bill requiring a White House psychiatrist ,Dem to unveil bill requiring a White House puppy ,puppy,32221,2.0
4413,Could microwave missiles disable North Korea 's missiles ?,Could microwave missiles disable North Korea 's popcorn ?,popcorn,22211,1.6
11422,"14 killed , 36 injured in mosque explosion in eastern Afghanistan","14 killed , 36 injured in souffle explosion in eastern Afghanistan",souffle,33320,2.2
11748,Trump asked Comey to close Flynn investigation ,Trump asked Comey to close Flynn mouth ,mouth,33221,2.2
10614,Marijuana may be a miracle treatment for children with autism,Marijuana may be a miracle treatment for ants with autism,ants,32100,1.2
7370,U.S. ethics office releases Trump 's financial disclosure,U.S. ethics office mocks Trump 's financial disclosure,mocks,33000,1.2
6712,North Korea calls US aircraft carrier dispatch outrageous,North Korea calls US aircraft carrier striptease outrageous,striptease,32110,1.4
2276,Lessons from the Georgia Sixth District election,Lessons from the Georgia Sixth Grade election,Grade,22210,1.4
10907,U.S. Navy joins search for Argentine submarine ,U.S. Navy joins search for Argentine supermodel ,supermodel,22200,1.2
6703,"California driver caught on video punching deputy in face , speeding away in vehicle","California eagle caught on video punching deputy in face , speeding away in vehicle",eagle,33210,1.8
9610,Trump wants tougher immigration law after attack by ‘ animal ’,Trump wants tougher immigration law after cuddle by ‘ animal ’,cuddle,33111,1.8
2782,NPR/Ipsos Poll : Half Of Americans Do n't Trust Trump On North Korea,NPR/Ipsos Poll : Half Of aliens Do n't Trust Trump On North Korea,aliens,22110,1.2
14728,This Thanksgiving A Majority Would Prefer To Hold The Side Of Political Talk ,This Thanksgiving A Majority Would Prefer To Hold The Side Of Political stuffing ,stuffing,22110,1.2
5469,"Voters wanted the swamp drained , but they re-elected nearly all of the incumbents in Congress . This is what they get .","Voters wanted the swamp drained , but they re-elected nearly all of the ogres in Congress . This is what they get .",ogres,33310,2.0
12731,May says Trump was ' wrong ' to share anti-Muslim videos,May says Trump was ' wrong ' to produce anti-Muslim videos,produce,32110,1.4
1127," FOX NEWS : US closer than ever to ' nuclear war with North Korea , ' Mullen says"," Fake NEWS : US closer than ever to ' nuclear war with North Korea , ' Mullen says",Fake,32211,1.8
11968,"Trump ’s Pick For Agriculture Secretary Is A Climate Denier , Too","Trump ’s Pick For Agriculture Secretary Is A UFO Denier , Too",UFO,22110,1.2
4162,Why Hillary Clinton Was ‘ Shocked ’ Over Her Campaign Beauty Routine ,Why Hillary Clinton Was ‘ Shocked ’ Over Her Campaign Beauty pageant ,pageant,32111,1.6
11139,"Nikki Haley on consequences for Russian meddling : "" Ask the president ""","Nikki Haley on rewards for Russian meddling : "" Ask the president """,rewards,32221,2.0
2455,"Macron meets Russia 's Putin near Paris , promising tough talks ","Macron meets Russia 's Putin near Paris , promising tough steak ",steak,32211,1.8
1995,Fox News is No. 1 cable news network for 63rd straight quarter ,Fox News is No. 1 cable news network for 63rd straight minute ,minute,32111,1.6
6956,Six journalists get life in prison over failed Turkish coup ,Six journalists get life in prison over failed Turkish delight ,delight,33100,1.4
9715,Trump has disclosed confidential intel to the Russians ,Trump has disclosed confidential intel to the aliens ,aliens,32210,1.6
2485,Senators consider automatic tax hikes if revenue falls short,Senators consider automatic nature hikes if revenue falls short,nature,32111,1.6
840,USAA says it will reinstate ads on ' Hannity ',USAA says it will reinstate attacks on ' Hannity ',attacks,22200,1.2
11894,A top GOP senator just showed why tax reform may be harder than Trump thought ,A top GOP senator just showed why tax reform may be harder than Trump cerebellum ,cerebellum,33110,1.6
14173,"As Trump mulls a pullout , IS attempts to re-emerge in Syria ","As Trump mulls a pullout , IS attempts to re-emerge in musical ",musical,31110,1.2
6534,When will Donald Trump and Kim Jong-un meet and what will they discuss ?,When will Donald Trump and Kim Jong-un kiss and what will they discuss ?,kiss,33331,2.6
2568,A Reporter ’s Reflections on Hillary Clinton ’s Loss ,A Reporter ’s Reflections on Hillary Clinton ’s hair ,hair,32110,1.4
755,Tillerson Says Military Options Against North Korea ' on the Table . ' What 's That Mean ?,Tillerson Says Military Options Against North Korea ' on the toilet . ' What 's That Mean ?,toilet,22110,1.2
10704,The federal government of Canada has been secretly helping gay Chechen men flee persecution in an under-the-radar programme .,The federal government of Canada has been secretly helping gay Chechen men flee women in an under-the-radar programme .,women,33321,2.4
13882,‘ I certainly meant no disrespect ’ : Kellyanne Conway addresses her pose in the Oval Office photo,‘ I certainly meant no respect ’ : Kellyanne Conway addresses her pose in the Oval Office photo,respect,33222,2.4
1361,Fact-check : How some of Trump ’s State of the Union claims stand up to reality,Fact-check : How some of Trump ’s State of the Union claims wake up to reality,wake,22210,1.4
7077,"Biden 's son fails drug test , is discharged from Navy","Biden 's dog fails drug test , is discharged from Navy",dog,32110,1.4
1759,Trump Lashes Out At Investigators After Reports Of Obstruction Of Justice Inquiry,Trump Lashes Out At Investigators After Reports Of Obstruction Of Barbershop Inquiry,Barbershop,32100,1.2
589,Wisconsin Ironworker Challenges Paul Ryan For House Seat ,Wisconsin Ironworker Challenges Paul Ryan For House cat ,cat,32220,1.8
5541,Gov. Jerry Brown and European Union leaders agree to work to combat climate change,Gov. Jerry Brown and European Union leaders agree to disintegrate to combat climate change,disintegrate,32100,1.2
7184,"Despite Campaign Boasts , Trump Has No Idea How To Handle Classified Material","Despite Campaign Boasts , Trump Has No Idea How To spell Classified Material",spell,33111,1.8
11348,CAROLINE GLICK : Palestinian Leader ’s Anti-American Rant Gives Trump Cause to Cut Funding,CAROLINE GLICK : Palestinian Gorilla ’s Anti-American Rant Gives Trump Cause to Cut Funding,Gorilla,21111,1.2
3394,Trump 's first year has been the private prison industry 's best,Trump 's first hamburger has been the private prison industry 's best,hamburger,33221,2.2
2030,House Republicans start the new Congress with an assault on federal lands,House Republicans start the new Congress with an picnic on federal lands,picnic,32210,1.6
7804, Trump just reorganized the military to gear up for cyberwars, Nerd just reorganized the military to gear up for cyberwars,Nerd,32200,1.4
12257,House overwhelmingly passes $ 7.9 billion Harvey aid bill,House overwhelmingly passes $ 7.9 billion band aid bill,band,21111,1.2
7318,Trump reportedly believes Mueller will write a letter exonerating him in the Russia probe soon,Trump reportedly believes Mueller will write a sonnet exonerating him in the Russia probe soon,sonnet,32200,1.4
10435,"Bush-era diplomat tweets that you should be scared , very scared","Bush-era werewolf tweets that you should be scared , very scared",werewolf,31110,1.2
12070, Democrats Prepare For A Hard Bargain On Health Care If GOP Bill Fails, zombies Prepare For A Hard Bargain On Health Care If GOP Bill Fails,zombies,33100,1.4
6790,Trump heads to Capitol Hill to sell Obamacare repeal bill,Trump heads to prison to sell Obamacare repeal bill,prison,32210,1.6
2122,Russia 's boost in trade with North Korea worries U.S.,Russia 's boost in alcoholism with North Korea worries U.S.,alcoholism,22111,1.4
13138,HB2 Repeal : North Carolina Legislature Votes to Overturn Controversial ‘ Bathroom Bill ’,HB2 Repeal : North Carolina Legislature Votes to Overturn Controversial ‘ Deodorant Bill ’,Deodorant,22111,1.4
2858,"Not so fast , Trump-haters ! We ’re a long way from Watergate , and Michael Flynn ’s offer is clearly a trap","Not so fast , Trump-haters ! We ’re a long way from winning , and Michael Flynn ’s offer is clearly a trap",winning,22200,1.2
845,Eighteen people found guilty over Newcastle sex grooming network,Eighteen people found guilty over Newcastle dog grooming network,dog,32111,1.6
7691,Officials : US captures key militant key in Benghazi attack,Officials : US captures key militant key in hug attack,hug,33211,2.0
7446,North Korea reportedly cancels high level talks with South Korea ,North Korea reportedly cancels high level talks with gerbils ,gerbils,32221,2.0
2343,Trump ’s tax plan would reward the wealthy and balloon the federal debt,Trump ’s tax plan would Deport the wealthy and balloon the federal debt,Deport,22111,1.4
430,Boris Johnson refuses to rule out ' pre-emptive strike ' on North Korea : ' Military option must remain on the table ',Boris Johnson refuses to rule out ' pre-emptive strike ' on gorillas : ' Military option must remain on the table ',gorillas,32110,1.4
14645,"Martin O'Malley believes Trump was "" very much aware "" of what Russians were Doing","Martin O'Malley believes Trump was "" very much aware "" of what elves were Doing",elves,22111,1.4
8099,Ex-aide : Rep. Franks offered $ 5 million to carry his child ,Ex-aide : Rep. Franks offered $ 5 million to carry his penis ,penis,33000,1.2
11066,Exclusive — Alabama Poll : Judge Roy Moore Leads Radical Democrat Doug Jones by Six Points ,Exclusive — Alabama Poll : Judge Roy Moore Leads Radical Democrat Doug Jones by leash ,leash,22211,1.6
3416,U.S. Politics Are Rigged . It 's Time For a Small-Donor Revolution,U.S. Kindergartens Are Rigged . It 's Time For a Small-Donor Revolution,Kindergartens,31111,1.4
4424,Trump spokesman : President-elect wants more info on Russia ,Trump spokesman : President-elect wants more info on spokesmodel ,spokesmodel,33110,1.6
13767,US lawmaker calls for probe into possible $ 418M arms sale to Kenya .,US lawmaker calls for probe into possible $ 418M kitten sale to Kenya .,kitten,32100,1.2
9675,"Right now , there are more than enough House Republicans opposed to the health-care bill to kill it","Right now , there are more than enough House Republicans opposed to the health-care bear to kill it",bear,32200,1.4
1285,Liberal outrage erupts after Vanity Fair pokes fun at Hillary Clinton,Liberal volcano erupts after Vanity Fair pokes fun at Hillary Clinton,volcano,33210,1.8
4781,Starbucks encourages bipartisan coffee-drinking,Starbucks forces bipartisan coffee-drinking,forces,32110,1.4
2151,White House works to release Republican memo despite FBI warning,White House works to release Republican soundtrack despite FBI warning,soundtrack,33221,2.2
14862,"Trump , in unprecedented fashion for a president , rips press ","Trump , in unprecedented fashion for a president , rips pants ",pants,3333332211,2.4
8469,How Putin Will Manipulate Us in 2018,How Children Will Manipulate Us in 2018,Children,31110,1.2
151,"U.N. seeks ' massive ' help for nearly 400,000 Rohingya fleeing Myanmar ' ethnic cleansing '","U.N. seeks ' massive ' help for nearly 400,000 Rohingya fleeing Myanmar ' ethnic cuisine '",cuisine,22110,1.2
2307,House overwhelmingly passes $ 7.9 billion Harvey aid bill,House overwhelmingly passes $ 7.9 billion kitchen aid bill,kitchen,32110,1.4
859,"Amid pressure from Trump , Mexico says it 's dealing with migrant ' caravan '","Amid pressure from Trump , Mexico says it 's dealing with penguin ' caravan '",penguin,32111,1.6
8195,"Trump vows ' no amnesty ' for ' Dreamers , ' says GOP leaders ' on board ' with talks","Trump vows ' no coffee ' for ' Dreamers , ' says GOP leaders ' on board ' with talks",coffee,22220,1.6
4001,Russia : Trump promised to make visit to Moscow if Putin accepts invite to White House,Russia : Trump promised to make visit to Moscow if Putin accepts invite to tree House,tree,33311,2.2
1331,"Trump threatens "" Animal Assad , "" Putin over alleged chemical attack in Syria","Trump threatens "" Animal Assad , "" Putin over alleged tickle attack in Syria",tickle,32221,2.0
2149,Swedish prosecutor says truck attack suspect has not spoken,Swedish prosecutor says mime attack suspect has not spoken,mime,33321,2.4
9150," Shooting reported at Maryland high school , sparking lockdown"," Dancing reported at Maryland high school , sparking lockdown",Dancing,33321,2.4
10179,"In Final Days , Obama Admin Pushed Several Hundred Thousand Taxpayer Dollars to ‘ Climate Change ’ Museum","In Final Days , Obama Admin Pushed Several Hundred Thousand Taxpayer Dollars to ‘ Spare Change ’ Museum",Spare,32221,2.0
8335,Indian and Chinese troops clash in disputed Himalayan border region,Indian and Chinese troops party in disputed Himalayan border region,party,22110,1.2
1143, Sea Shepherd claims it caught Japanese fleet with dead whale, German Shepherd claims it caught Japanese fleet with dead whale,German,33210,1.8
11085,"25 killed , 900 wounded as Palestinians converge on Gaza-Israel fence","25 killed , 900 wounded as Ants converge on Gaza-Israel fence",Ants,32200,1.4
5423,GOP tax cuts will strengthen our economy and drive Democrats crazy,GOP cold cuts will strengthen our economy and drive Democrats crazy,cold,3322111110,1.5
7550,Five tough questions for Trump on immigration ,Five tough questions for Trump on toupees ,toupees,33222,2.4
7309, Trump administration has unforced errors and self-inflicted wounds galore, Zombie administration has unforced errors and self-inflicted wounds galore,Zombie,21111,1.2
6550,Breaking : Bannon removed from security council,Breaking : Bannon removed from fitness council,fitness,33310,2.0
3048,Sexual misconduct accusations against Roy Moore may boost Democrat in Alabama Senate race,Sexual misconduct accusations against Roy Moore may boost Democrat in sack race,sack,22221,1.8
14358,Cory Booker ’s new big idea : guaranteeing jobs for everyone who wants one,Cory Booker ’s new big idea : guaranteeing beatings for everyone who wants one,beatings,33211,2.0
10199,Jared Kushner Says ' I Did Not Collude ' Ahead Of Senate Committee Appearance ,Jared Kushner Says ' I Did Not Collude ' Ahead Of Senate Committee hoedown ,hoedown,22111,1.4
10453,‘ I certainly meant no disrespect ’ : Kellyanne Conway addresses her pose in the Oval Office photo,‘ I certainly meant no disrespect ’ : Kellyanne Conway addresses her hair in the Oval Office photo,hair,32110,1.4
2084,Do n't Succumb to Crazy White House Fatigue ,Do n't Succumb to Crazy White House resident ,resident,32110,1.4
8579,MyPillow Announces ‘ Strong ’ Sales After Refusal to Boycott Ingraham Angle,MyPillow Announces ‘ Strong ’ Sales After Refusal to thump Ingraham Angle,thump,22111,1.4
14313,Key Dem wants probe on whether Trump payment broke ethics laws,Key Dem wants probe on whether Trump tanning broke ethics laws,tanning,33222,2.4
4722,Democrats await answers as their countermemo languishes,Democrats await apocalypse as their countermemo languishes,apocalypse,22110,1.2
388,Trump is leaving the State Department mired in chaos ,Trump is leaving the State Department mired in gerbils ,gerbils,33320,2.2
8373,Former general says he knows how powerful North Korea 's military is,Former general says he knows how powerful North Korea 's cologne is,cologne,33210,1.8
14896,1928-2017 National security adviser to Jimmy Carter who helped steer US foreign policy in difficult years,1928-2017 National security adviser to Jimmy Carter who helped steer US foreign blimp in difficult years,blimp,22110,1.2
4276,Red state lawmakers find blue state piggy bank,Red state lawmakers smash blue state piggy bank,smash,31110,1.2
6919,North Korea preps new missile test as THAAD arrives in South Korea,North Korea preps new kimchi test as THAAD arrives in South Korea,kimchi,32110,1.4
760,"Trump hits Canada , Mexico , EU with steel and aluminum tariffs","Trump hits Canada , Mexico , EU with steel and lingerie tariffs",lingerie,32211,1.8
13237,Clapper : FBI was not spying on Trump,Clapper : FBI was not tattling on Trump,tattling,3222111000,1.2
8081,White House official says GOP has deal on tax cuts,White House official says GOP has deal on deli cuts,deli,32222,2.2
2247,Multiple suspicious packages sent to military locations around DC,Multiple suspicious cupcakes sent to military locations around DC,cupcakes,22110,1.2
5306,Donald trump will not be given state visit treatment by the UK,Donald trump will not be given Spa visit treatment by the UK,Spa,32110,1.4
14270, Putin has run out of patience with Trump, Nutritionist has run out of patience with Trump,Nutritionist,33211,2.0
7500,"Trump Slaps New Sanctions on North Korea , Seeks ‘ Complete Denuclearization ’","Trump Slaps New Sanctions on Superheroes , Seeks ‘ Complete Denuclearization ’",Superheroes,31110,1.2
4818,Jailed Malaysian Opposition Leader To Be Pardoned After His Party 's Victory ,Jailed Malaysian Opposition Leader To Be Pardoned After His Party 's Party ,Party,22200,1.2
13953,McConnell defers action on health care after McCain surgery,McConnell defers action on facial care after McCain surgery,facial,32100,1.2
4007,Read the full text of Trump 's infrastructure plan ,Read the full text of Trump 's infrastructure sitcom ,sitcom,32210,1.6
2900,The timing once again suggests that Trump tweeted after watching a ' Morning Joe ' segment ,The timing once again suggests that Trump tweeted after watching a ' Morning Joe ' cartoon ,cartoon,22211,1.6
3871,"Turkey suspends 9,103 police personnel over alleged links with failed coup : CNN Turk","Turkey gobbles 9,103 police personnel over alleged links with failed coup : CNN Turk",gobbles,32210,1.6
2014,Lieberman emerges as frontrunner for FBI post,Lieberman trips as frontrunner for FBI post,trips,22110,1.2
13841,Mnuchin backs key provision in Trump tax plan that would hit Democrats hardest,Mnuchin backs key provision in Trump diet plan that would hit Democrats hardest,diet,32110,1.4
1870,Iranian Animation Depicts Battle With U.S. Forces in Gulf,Iranian Animation Depicts Dance With U.S. Forces in Gulf,Dance,31110,1.2
2283,"Trump Tells Hate Group Americans ‘ Worship God , ’ Not Government","Trump Tells Hate Group Americans ‘ Worship fries , ’ Not Government",fries,32100,1.2
1868,Trump ’s flashy executive actions could run aground,Trump ’s flashy executive toupees could run aground,toupees,33221,2.2
8067,Trump ’s taste for flattery is a disaster for Puerto Rico,Trump ’s taste for casserole is a disaster for Puerto Rico,casserole,32110,1.4
9037, Singer files sex assault complaint against former Trump aide, Trump files sex assault complaint against former Trump aide,Trump,32110,1.4
4794,Schumer : If Trump fires Mueller it ’ll cause ‘ cataclysm ’ in DC,Schumer : If Trump marries Mueller it ’ll cause ‘ cataclysm ’ in DC,marries,33210,1.8
6444,Trump 's Climate-Denying Coal Lobbyist Nominee Inches Closer To EPA ’s No. 2 Job,Trump 's Climate-Denying volleyball Lobbyist Nominee Inches Closer To EPA ’s No. 2 Job,volleyball,22110,1.2
14433,Officials expect DeVos to resign from Trump Administration .,Officials expect DeVos to run from Trump Administration .,run,32221,2.0
853,Trump officials greet Ford 's plan to import Chinese cars,Trump officials greet Ford 's plan to vandalize Chinese cars,vandalize,32211,1.8
10340,Mark Meadows on Corker ’s Trump comments : “ It ’s easy to be bold when you ’re not coming back ”,Mark Meadows on Corker ’s Trump buttocks : “ It ’s easy to be bold when you ’re not coming back ”,buttocks,32100,1.2
10470,"NRA Teens Ca n't Anonymously Challenge Florida Gun Laws , Judge Says","NRA Teens Ca n't Anonymously Challenge Florida tanning Laws , Judge Says",tanning,32211,1.8
11326,Africa can not keep quiet about ' shocking ' Trump remark ,Africa can not keep quiet about ' shocking ' Trump hands ,hands,22111,1.4
6737,Trump greeted with selfies and politics on arrival in Israel ,Trump greeted with selfies and politics on arrival in circus ,circus,33221,2.2
9090,"Bernie Sanders slams GOP health care bill , calls Trump CNN tweet ' an outrage '","Bernie Sanders slams GOP health care bill , calls Trump CNN tweet ' an ostrich '",ostrich,22110,1.2
4782,"Despite Campaign Boasts , Trump Has No Idea How To Handle Classified Material","Despite Campaign Smoothies , Trump Has No Idea How To Handle Classified Material",Smoothies,32110,1.4
8954,Trump Vows North Korea Could be Met With ‘ Fire and Fury ’,Trump Vows Mosquitoes Could be Met With ‘ Fire and Fury ’,Mosquitoes,22210,1.4
12852,Trump 's State Of The Union Victory Lap On ISIS Is Garbage,Trump 's State Of The Union Victory Lap On landfill Is Garbage,landfill,32100,1.2
8189,Nikki Haley says Russia will face new sanctions over Syria ,Nikki Haley says Russia will face new sanctions over jaywalking ,jaywalking,22211,1.6
7468,"As Trump mulls a pullout , IS attempts to re-emerge in Syria ","As Trump mulls a pullout , IS attempts to re-emerge in sewer ",sewer,33211,2.0
894,Top Senate Democrat promises fight to block Trump high court pick,Top Senate Democrat promises fight to block Trump high pants pick,pants,32211,1.8
12039,Russia says North Korea wants diplomacy with the U.S.,Russia says North Korea wants hugs with the U.S.,hugs,32210,1.6
3441,Watch : Conservative political advocate Matt Schlapp says Trump ’s ties to Russia are “ probably treasonous ”,Watch : Conservative political advocate Matt Schlapp says Trump ’s ties to golf are “ probably treasonous ”,golf,22110,1.2
14927,Hundreds of thousands attend Brazil 's massive gay pride parade,Hundreds of lions attend Brazil 's massive gay pride parade,lions,32100,1.2
4359,"Trump goes into dealmaking mode , works behind the scenes on health bill ","Trump goes into dealmaking mode , works behind the scenes on health food ",food,31110,1.2
5354,Poll : Moore trails Jones in Alabama Senate race,Poll : Moore trails Jones in sack race,sack,32111,1.6
872,"Michelle Obama was Jimmy Fallon ’s only guest and , no , they did not mom dance ","Michelle Obama was Jimmy Fallon ’s only guest and , no , they did not mom swap ",swap,22210,1.4
2285,MyPillow Announces ‘ Strong ’ Sales After Refusal to Boycott Ingraham Angle,MyPillow Announces ‘ Strong ’ snoring After Refusal to Boycott Ingraham Angle,snoring,33211,2.0
6635,Keystone pipeline leak wo n’t affect Nebraska ruling,Keystone beer leak wo n’t affect Nebraska ruling,beer,22111,1.4
10129,Sally Field and More Stars Rally to Urge Congress to ‘ Vigorously Oppose ’ Trump,Sally Field and More Stars Rally to Urge Congress to ‘ Vigorously Tickle ’ Trump,Tickle,33221,2.2
7838,Trump to GOP senators : ' Inaction is not an option ',Trump to GOP senators : ' success is not an option ',success,33221,2.2
11132,DeVos Undoes Obama Student Loan Protections,DeVos Undoes Obama Student Life Protections,Life,32110,1.4
495,My conversations with Russians about Donald Trump,My conversations with infants about Donald Trump,infants,22111,1.4
6064,Donald Trump team ' scrutinising staff Twitter accounts before hiring them to check for criticism ',Donald Trump team ' scrutinising staff Twitter accounts before hiring them to check for grammar ',grammar,32200,1.4
11771,New Yorker fires Ryan Lizza over alleged ' improper sexual conduct ',New Yorker rewards Ryan Lizza over alleged ' improper sexual conduct ',rewards,32110,1.4
5333,Democrats Join Republicans In Bill Criminalizing Speech Critical Of Israel ,Democrats Join Republicans In Bill Criminalizing Speech Critical Of chocolate ,chocolate,21111,1.2
13440,How to Stop an Autocracy,How to Decorate an Autocracy,Decorate,32110,1.4
2608,Lawyer : Trump and attorney Michael Cohen were told about NY Attorney General Eric Schneiderman 's alleged abuse of women in 2013,Lawyer : Trump and attorney Michael Cohen were told about NY Attorney General Eric Schneiderman 's alleged abuse of tacos in 2013,tacos,32221,2.0
993,$ 200 million eyeballed for Donald Trump 's inauguration ,$ 200 million eyeballed for Donald Trump 's toupee ,toupee,33200,1.6
2670,Columbia police hunt woman seen with gun near University of Missouri campus,Columbia police hunt woman seen with elephant near University of Missouri campus,elephant,31111,1.4
3697,Trump 's latest approval ratings could jeopardize his entire presidency,Trump 's latest Television ratings could jeopardize his entire presidency,Television,32210,1.6
5805,Biden says Doug Jones win in Alabama sends message of unity in era of Trump ,Biden says Doug Jones win in Alabama sends message of unity in era of chicken ,chicken,22110,1.2
14874,LISTEN : [ Audio Tapes ] How Michael Cohen Protects Trump By Making Legal Threats,LISTEN : [ Audio Tapes ] How Michael Cohen serenades Trump By Making Legal Threats,serenades,32111,1.6
10754,"Special Counsel : California man pleaded guilty to identity fraud , used stolen identities to create bank account numbers","Special Counsel : California man pleaded guilty to identity fraud , used stolen pencil to create bank account numbers",pencil,22110,1.2
14812,Sessions clears key hurdle to be attorney general ,Sessions clears key hurdle to be attorney speedster ,speedster,22110,1.2
12247,Trump Vows North Korea Could be Met With ‘ Fire and Fury ’,Trump Vows North Korea Could be Met With ‘ Fire and marshmallows ’,marshmallows,33322,2.6
9678,"On China ’s Weibo , It ’s Forbidden to Disagree With President Xi Jinping ’s Plan to Rule Forever","On China ’s Weibo , It ’s Forbidden to Disagree With President Xi Jinping ’s Plan to dance Forever",dance,32111,1.6
13093,U.S. senators near deal on Russia sanctions,U.S. senators near deal on lunch sanctions,lunch,22211,1.6
1305,Fugitive Mexican ex-governor moved to Guatemalan prison ,Fugitive Mexican ex-governor moved to Guatemalan Restaurant ,Restaurant,32110,1.4
5989, Survivor : We will only be heard if we scream @CNN, Mime : We will only be heard if we scream @CNN,Mime,32221,2.0
3450,"France , U.S. committed to wiping out Islamic State ","France , U.S. committed to wiping out Bologna ",Bologna,32111,1.6
6047,USS Ronald Reagan visits South Korean port after week-long joint military drills ,USS Ronald Reagan visits South Korean port after week-long joint military dances ,dances,32111,1.6
6794,Russia ’s mark — A dangerous fool for a president,Russia ’s mark — A dangerous pumpkin for a president,pumpkin,22111,1.4
12103,Republicans dismiss upcoming budget analysis of health plan,Republicans dismiss upcoming budget analysis of karaoke plan,karaoke,32210,1.6
5780,Retirement Tips for the Age of Trump,Retirement Tips for the toupee of Trump,toupee,32100,1.2
1681, Greg Gianforte ' not sure ' he would have sent Trump CNN body-slam tweet, Wrestler ' not sure ' he would have sent Trump CNN body-slam tweet,Wrestler,32220,1.8
14779,Sajid Javid condemned for failing to commit funding for tower block sprinklers in wake of Grenfell Tower fire,Sajid Javid condemned for failing to commit funding for cupcake sprinklers in wake of Grenfell Tower fire,cupcake,32100,1.2
358,Exerpts From Trump 's Conversation With Journalists on Air Force One,Exerpts From Trump 's Conversation With guppies on Air Force One,guppies,22111,1.4
4194,' Is he confused or are you confused ? ' : Sean Spicer grilled by reporters in heated exchange over Trump 's travel ban,' Is he confused or are you confused ? ' : Sean Spicer grilled by reporters in heated exchange over Trump 's pizza ban,pizza,22111,1.4
1600, Taiwan court to rule in in landmark same-sex marriage case, food court to rule in in landmark same-sex marriage case,food,33210,1.8
12121,Where ICE Already Has Direct Lines to Law-Enforcement Databases With Immigrant Data ,Where ICE Already Has Direct Lines to Law-Enforcement Databases With Immigrant koalas ,koalas,22111,1.4
9302,Trump Asked Sessions to Drop Joe Arpaio Case : Report,Trump Asked houseplant to Drop Joe Arpaio Case : Report,houseplant,33100,1.4
13352,Emmanuel Macron Declared French President In Early Vote Counts : The Two-Way : NPR,Emmanuel Macron Declared Sexy In Early Vote Counts : The Two-Way : NPR,Sexy,33322,2.6
13153,US order Russia to close 3 Embassy office,US order zombies to close 3 Embassy office,zombies,22210,1.4
4836,5 takeaways from Alabama 's startling special election ,5 takeaways from Alabama 's startling special sauce ,sauce,32210,1.6
10118, Blast in Police headquarters in Kurdish city of Diyarbakir in Turkey, Party in Police headquarters in Kurdish city of Diyarbakir in Turkey,Party,22110,1.2
8650,"Donald Trump Jr. should be deported for hunting an elephant , PETA billboard demands","Donald Trump Jr. should be deported for hunting an worm , PETA billboard demands",worm,32110,1.4
9252,Trump administration has unforced errors and self-inflicted wounds galore,Trump administration has unforced errors and self-inflicted tweets galore,tweets,32110,1.4
560,"Trump : ' Unacceptable ' McConnell , Senate GOP unable to pass health care bill","Trump : ' Unacceptable ' McConnell , Senate GOP unable to understand health care bill",understand,32221,2.0
7983,"Trump , In A 180-Degree Switch , Says NATO ' No Longer Obsolete '","Trump , In A 180-Degree twirl , Says NATO ' No Longer Obsolete '",twirl,22110,1.2
11349,Jury Convicts Protester Who Laughed at Sessions Hearing,Jury praises Protester Who Laughed at Sessions Hearing,praises,32110,1.4
4417,"Donald Trump becomes least popular first-year president in modern US history , polls find","Donald Trump becomes least popular first-year pumpkin in modern US history , polls find",pumpkin,32220,1.8
2587,White House dismisses NSC aide after harsh criticism of Trump ,White House dismisses NSC aide after harsh criticism of cake ,cake,32111,1.6
11773,"“ It ’s painfully obvious "" Mueller will charge Trump says Roger Stone . Obstruction of justice or "" process-related matter ” most likely .","“ It ’s painfully obvious "" Mueller will strangle Trump says Roger Stone . Obstruction of justice or "" process-related matter ” most likely .",strangle,33221,2.2
4481,Trump ’s own voters are now warning him against firing Robert Mueller,Trump ’s own wigs are now warning him against firing Robert Mueller,wigs,33221,2.2
13539,Trump lashes out at press during Arizona rally,Trump lashes out at eyelashes during Arizona rally,eyelashes,22110,1.2
14611,Spicer deflects questions on reports that White House helped Nunes get surveillance reports,Spicer deflects lasers on reports that White House helped Nunes get surveillance reports,lasers,22110,1.2
1403,I do not know how to convey how appalling the GOP ’s healthcare process or policy is,I do not know how to convey how appalling the GOP ’s lipstick process or policy is,lipstick,33110,1.6
2872, Jeff Sessions responds to Russia allegations as pressure grows on Trump 's Attorney General, rats responds to Russia allegations as pressure grows on Trump 's Attorney General,rats,22210,1.4
8222,Trump and Jerusalem : Will his “ hard power ” realism backfire bigly ?,Trump and Jerusalem : Will his “ hard penis ” realism backfire bigly ?,penis,32110,1.4
14443,"UN agency : 64 migrants "" probably "" died in Jan. 6 shipwreck of smuggling dinghy in Mediterranean","UN agency : 64 Parrots "" probably "" died in Jan. 6 shipwreck of smuggling dinghy in Mediterranean",Parrots,32222,2.2
6631,Trump breaks out a ' mommy ' joke as a protester gets escorted out of Ohio rally ,Trump breaks out a ' mommy ' joke as a protester gets escorted out of Ohio Brothel ,Brothel,33211,2.0
1058,Influential outsiders have played a key role in Scott Pruitt ’s foreign travel,Influential wizards have played a key role in Scott Pruitt ’s foreign travel,wizards,32210,1.6
11127,Stormy Daniels ' lawyer says porn star was physically threatened to remain silent over alleged affair with Trump,Stormy Daniels ' poodle says porn star was physically threatened to remain silent over alleged affair with Trump,poodle,32210,1.6
1569,' We 're preparing for the worst ' : ' alt-right ' rally draws opponents to Portland,' We 're hoping for the worst ' : ' alt-right ' rally draws opponents to Portland,hoping,32100,1.2
3988,Donald Trump celebrates Hispanic Heritage Month by mocking Puerto Rico in Spanish,Donald Trump celebrates Hispanic Heritage Month by serenading Puerto Rico in Spanish,serenading,31111,1.4
1132,"Trump : Democrats , Russians laughing at ' phony Russian Witch Hunt '","Trump : Democrats , Russians laughing at ' phony Russian Missile '",Missile,22110,1.2
782,US ambassador to Netherlands describes own words as ' fake news ',US ambassador to Netherlands describes own president as ' fake news ',president,32210,1.6
1780,"Obama 's $ 400,000 Wall Street speech is completely in character ; Ask all the bankers he jailed for fraud .","Obama 's $ 400,000 Wall Street speech is completely in character ; Ask all the bankers he jailed for dancing .",dancing,32211,1.8
597,"Trump , a Week After Porter Resigned , Says He 's ' ' Totally Opposed ' to Spousal Abuse ","Trump , a Week After Porter Resigned , Says He 's ' ' Totally Opposed ' to Spousal Love ",Love,33311,2.2
3940,"Trump has pledged $ 1 million to Harvey relief , White House says","Trump has pledged $ 1 million to constipation relief , White House says",constipation,33322,2.6
615,"If you want to see what America will be like if it ditches net neutrality , just look at Portugal ","If you want to see what America will be like if it ditches net neutrality , just look at toilet ",toilet,32100,1.2
4102,Trump admits tariffs could cause ' pain ' in markets ,Trump admits tariffs could cause ' pain ' in necks ,necks,32200,1.4
4149,Brennan ’s explosive testimony just made it harder for the GOP to protect Trump ,Brennan ’s explosive testimony just made it harder for the GOP to protect sausage ,sausage,32100,1.2
276,Donald Trump 's unprecedented first year in the White House in numbers,Donald Trump 's unprecedented first shower in the White House in numbers,shower,22210,1.4
2551,Medicare Advisers Recommend Payment Cuts To Many Free-Standing ERs,Medicare Advisers Recommend hair Cuts To Many Free-Standing ERs,hair,32111,1.6
3611,"A new Pence fundraising arm raised eyebrows , but Republicans insist it 's not a sign of presidential ambitions","A new Pence fundraising arm shaved eyebrows , but Republicans insist it 's not a sign of presidential ambitions",shaved,33221,2.2
11472,Michelle Wolf roasts Washington at White House Correspondents ' Dinner,Michelle Wolf roasts pig at White House Correspondents ' Dinner,pig,3311111100,1.2
2039,Can Democrat Beto O'Rourke beat Ted Cruz in Texas ?,Can Democrat Beto O'Rourke beat Ted Cruz in poker ?,poker,32210,1.6
4961,Putin has run out of patience with Trump,Putin has run out of alcohol with Trump,alcohol,22110,1.2
14377,Czechs extradite alleged Russian hacker to US,Czechs extradite alleged Russian alcoholic to US,alcoholic,33211,2.0
4434,Trump ’s Muslim ban is no surprise : Our new president ’s agenda is fueled by white nationalism ,Trump ’s Muslim ban is no surprise : Our new president ’s agenda is fueled by white Chocolate ,Chocolate,22220,1.6
15009,Of course US birth rates are falling – this is a harsh place to have a family | Opinion ,Of course US birth rates are falling – this is a harsh place to have a family | Duh ,Duh,22111,1.4
8824,"Woman swept up in massive cocaine bust in L.A. now faces deportation , spurring protests and anger","Woman swept up in massive cocaine pile in L.A. now faces deportation , spurring protests and anger",pile,32111,1.6
9372,Barclays former CEO John Varley and three top bankers to appear in court over fraud charges,Barclays former CEO John Varley and three top bankers to appear in musical over fraud charges,musical,32221,2.0
9849,Donald Trump and Kim Jong-un lookalikes pretended to kiss in Hong Kong,Donald Trump and Kim Jong-un lookalikes pretended to marry in Hong Kong,marry,22110,1.2
8932,Republicans Explain Why They Want Permanent Tax Cuts For Corporations But Not People,Republicans Explain Why They Want Permanent Tax Cuts For Dogs But Not People,Dogs,32100,1.2
5782,What if Trump did try to fire Mueller ? Why does it matter ?,What if Trump did try to kiss Mueller ? Why does it matter ?,kiss,3332221111,1.9
14919,Trump says ' we have a great relationship with China ' after critical tweet,Trump says ' we have a great relationship with shampoo ' after critical tweet,shampoo,33320,2.2
4503,Israel : US-Led Strikes enforce Red Line on syria .,Israel : US-Led Kisses enforce Red Line on syria .,Kisses,32210,1.6
11778,Mexican President Enrique Peña Nieto cancels planned meeting with Trump,Mexican President Enrique Peña Nieto cancels planned wall with Trump,wall,22110,1.2
13505,Trump Holds First Conversation with Putin in Oval Office,Trump Holds First hug with Putin in Oval Office,hug,33322,2.6
3695,Bahrain executes three Shia men in first death sentences since 2010,Bahrain executes three Shia pets in first death sentences since 2010,pets,32111,1.6
2898,Cannabis Drug Halved Convulsions in Company-Funded Epilepsy Test,Cannabis Drug Halved Convulsions in Company-Funded munchies Test,munchies,32111,1.6
9845,State of the Union : President Trump ’s full speech ,State of the Union : President Trump ’s full tummy ,tummy,22111,1.4
627,Delhi smog chokes India capital with air pollution 10 times worse than Beijing,Delhi smog delights India capital with air pollution 10 times worse than Beijing,delights,22110,1.2
13707,Soldiers took them in the night . Now Mexico 's key drug war strategy is on trial .,Soldiers ate them in the night . Now Mexico 's key drug war strategy is on trial .,ate,32100,1.2
2518,Trump just took credit for stock-market records once again — so we graded his claims ,Trump just took credit for stock-market records once again — so we graded his shorts ,shorts,22110,1.2
13622,Full text : Tom Price 's resignation letter,Full text : Tom Price 's love letter,love,22111,1.4
4983,"Somewhere between his hero , Justice Scalia , and former boss , Justice Kennedy ","Somewhere between his hero , Justice Scalia , and former boss , Justice League ",League,33222,2.4
3170,Trump declares Georgia Democrats are ' failing ',Trump declares Georgia pecans are ' failing ',pecans,21111,1.2
14851,Here 's why the Comey memos hurt Trump more than help him,Here 's why the Comey burgers hurt Trump more than help him,burgers,31110,1.2
14450,"7 high school students , teacher dead after avalanche hits ski resort","7 high school students , teacher dead after basketballs hits ski resort",basketballs,33100,1.4
9393,Trump vows to start NAFTA renegotiation talks,Trump vows to botch NAFTA renegotiation talks,botch,33310,2.0
14859,Trump reportedly considered withdrawing all US troops from South Korea before the Winter Olympics — but John Kelly stepped in,Trump reportedly considered withdrawing all US dancers from South Korea before the Winter Olympics — but John Kelly stepped in,dancers,22211,1.6
9623,"German girl arrested in Mosul is missing Linda Wenzel , say authorities .","German strudel arrested in Mosul is missing Linda Wenzel , say authorities .",strudel,32100,1.2
4103,A closer look at Trump ’s potential Supreme Court nominees,A closer look at Trump ’s potential Kangaroo Court nominees,Kangaroo,33331,2.6
1449,"Trump Jr. , Kushner met with Russian lawyer : New York Times","Trump Jr. , Kushner danced with Russian lawyer : New York Times",danced,32110,1.4
9386,"Trump lashes out at media , Russia investigation and Hillary Clinton in early morning tweetstorm","Trump lashes out at media , Russia investigation and marshmallows in early morning tweetstorm",marshmallows,31111,1.4
3874,"Laura Ingraham returns following boycott , says liberals ' cutting off free speech '","Laura Ingraham returns following boycott , says liberals ' cutting off free donuts '",donuts,22211,1.6
6877,"Pelosi : The minute Republicans vote for Trumpcare , ' they are putting doo-doo on their shoe '","Pelosi : The minute Republicans vote for Trumpcare , ' they are putting doo-doo on their face '",face,21111,1.2
4454,India to build major military facility in Seychelles amid growing China influence,India to infest major military facility in Seychelles amid growing China influence,infest,22200,1.2
12940,How Canada ended gerrymandering,How Canada mispronounced gerrymandering,mispronounced,21111,1.2
9139,"Japan , China , South Korea pledge to resist protectionism , taking stand against Trump rhetoric","Japan , China , South Korea pledge to resist retardation , taking stand against Trump rhetoric",retardation,32100,1.2
1796,The Latest : Pakistan death toll in suicide blast rises to 11,The Latest : hotdog death toll in suicide blast rises to 11,hotdog,32210,1.6
6551,"Grassley , Graham fire off letters to Democrats demanding info on Trump dossier author , FBI","Grassley , Graham fire off mortars to Democrats demanding info on Trump dossier author , FBI",mortars,22200,1.2
14856,Texas authorities found the body of a small child whilst searching for a missing 3-year-old,Texas authorities found the body of a small dinosaur whilst searching for a missing 3-year-old,dinosaur,32100,1.2
10595,Sweden is pretty offended by President Trump ’s claims that the country has a crime problem,Sweden is pretty offended by President Trump ’s claims that the country has a roach problem,roach,32111,1.6
9484,It 's over : Britain files for divorce from the European Union ,It 's over : Britain files for divorce from the queen ,queen,22211,1.6
5758,"' Only one thing will work ' with N Korea , says President Trump","' Only one bomb will work ' with N Korea , says President Trump",bomb,32100,1.2
7658,Iran Lifts Ban on American Wrestling Team,Iran Lifts Ban on American baking Team,baking,32100,1.2
10316,"Majority of Americans support independent Russia investigation , poll finds","Majority of Americans support independent cheesesteak investigation , poll finds",cheesesteak,33100,1.4
6930,Will Trump 's possible testimony end the Mueller probe — or is it just starting ?,Will Trump 's possible tantrum end the Mueller probe — or is it just starting ?,tantrum,3322211100,1.5
13457, TRUMP : ' The best thing we can do is let Obamacare explode ', devil : ' The best thing we can do is let Obamacare explode ',devil,32110,1.4
8395,Vladimir Putin took time at a press conference to gloat about Trump ,Vladimir Putin took time at a press conference to gloat about muscles ,muscles,32111,1.6
4350,"House delays Obamacare vote , denying Trump 100-day win ","House delays Obamacare vote , denying Trump 100-day nap ",nap,32211,1.8
5319,"Copeland victory shows Tories are party for the whole country , Theresa May says","Copeland victory shows Tories are party for the whole enchilada , Theresa May says",enchilada,3322111100,1.4
14841,Roadside bombings kill 10 Egypt soldiers during Sinai raid,Roadside kabobs kill 10 Egypt soldiers during Sinai raid,kabobs,33211,2.0
8174,"Consumer prices jump much more than forecast , sparking inflation fears","Consumer beans jump much more than forecast , sparking inflation fears",beans,31111,1.4
693,"Trump will "" confront the North Korean threat "" during upcoming Asia trip","Trump will "" confront the North Korean threat "" during upcoming ski trip",ski,22110,1.2
14781,Exxon Mobil fined $ 2 million for violating sanctions against Russia when Rex Tillerson was CEO,Exxon Mobil fined $ 2 million for violating sanctions against Twerking when Rex Tillerson was CEO,Twerking,32221,2.0
714,"Devin Nunes , Trump and the Russia probe : A timeline ","Devin Nunes , Trump and the Russia probe : A Musical ",Musical,32220,1.8
6278,Wilbur Ross surprised there were no protests in Saudi Arabia,Wilbur Ross surprised there were no mummies in Saudi Arabia,mummies,32210,1.6
14253,India is building a biometric database for 1.3 billion people — and enrollment is mandatory,India is building a biometric database for 1.3 billion cows — and enrollment is mandatory,cows,3222211111,1.6
10783,The System Is n’t Working,The President Is n’t Working,President,32220,1.8
10434,John Oliver urges Internet users to save net neutrality : ' We need all of you ',John Oliver urges drug users to save net neutrality : ' We need all of you ',drug,32100,1.2
10499,U.S. says planned Russian pipeline would threaten European energy security,U.S. says planned Russian pipeline would threaten European cheese security,cheese,22110,1.2
6875,Investors Pull Most Money Out of Dow Jones ETF in Nine Months,Investors Pull Most hair Out of Dow Jones ETF in Nine Months,hair,32110,1.4
4597,Network of wealthy Russians has sunk $ 100m into Donald Trump 's luxury developments ,Network of wealthy Russians has sunk $ 100m into Donald Trump 's luxury toothpicks ,toothpicks,32110,1.4
4383,Moment Catalans declare independence,Moment cats declare independence,cats,22111,1.4
14575,The drama behind Trump ’s assertion that the National Enquirer deserved a Pulitzer ,The drama behind Trump ’s assertion that the National Enquirer deserved a lashing ,lashing,32200,1.4
7599,Trump Tried To Call Heather Heyer ’s Mother During Funeral : ‘ I Have Not And Now I Will Not ’ Talk To Him,Trump Tried To Call Heather Heyer ’s hamster During Funeral : ‘ I Have Not And Now I Will Not ’ Talk To Him,hamster,33210,1.8
15045,Why Christians Must Support Gun Control,Why robbers Must Support Gun Control,robbers,32221,2.0
4463,Sessions asserts possibility of executive privilege protecting his talks with President Trump,Sessions asserts possibility of executive privilege protecting his kiss with President Trump,kiss,33221,2.2
7357,"In win for Trump , Nebraska approves Keystone XL pipeline route","In win for Trump , redneck approves Keystone XL pipeline route",redneck,32210,1.6
10253,Trump claims ex-intelligence chief Clapper admitted FBI spied on his campaign . That 's false .,Trump claims ex-intelligence chief Clapper admitted FBI spied on his sister . That 's false .,sister,32222,2.2
998,Police hold South African for trying Everest without permit ,Police hold South African for trying Everest without pants ,pants,33331,2.6
8347,Former Trump aide Sam Nunberg summoned to meet with Senate panel,Former Trump imp Sam Nunberg summoned to meet with Senate panel,imp,31110,1.2
5507,Here Are The Seven Republicans Who Could Kill The Tax Bill,Here Are The Seven Hunters Who Could Kill The Tax Bill,Hunters,31110,1.2
381,Comey and the art of the well-timed leak ,Comey and the art of the well-timed joke ,joke,32210,1.6
4792,Analysis | Donald Trump promised to make the ‘ best ’ deals . It ’s time to prove it on healthcare .,Analysis | Donald Trump promised to make the ‘ best ’ spaghetti . It ’s time to prove it on healthcare .,spaghetti,33331,2.6
8136,"North Korea Signals Olympics Truce , Seeks Talks With Seoul","North Korea Signals Olympics Truce , Seeks rave With Seoul",rave,32210,1.6
2748,Trump trade crackdown ' not about China ',Trump ego crackdown ' not about China ',ego,33200,1.6
6209, Shooting reported on Louisiana college campus ; 2 injured, Learning reported on Louisiana college campus ; 2 injured,Learning,33221,2.2
8555,GOP senators : Comey drafted statement clearing Clinton before her interview ,GOP senators : Comey drafted statement clearing Clinton before her nap ,nap,32111,1.6
3649,U.S. students ready to walk the walk in support of tough gun laws,U.S. students ready to walk the walk in support of tough jaywalking laws,jaywalking,32210,1.6
1210,GOP lawmaker loses nearly $ 17 million after pharma stock tanks 92 %,GOP lawmaker loses nearly $ 17 million after pharma fish tanks 92 %,fish,22110,1.2
1152,The Latest : Ethics panel finds probable cause gov broke law,The Latest : Ethics crocodile finds probable cause gov broke law,crocodile,22110,1.2
8344,Trump 's pick for head of the Federal Reserve just raised rates .,Trump 's pick for head of the Federal Reserve just raised cattle .,cattle,22211,1.6
8420,"Suddenly , the GOP tax bill has morphed into an attack on your healthcare","Suddenly , the GOP duck bill has morphed into an attack on your healthcare",duck,32210,1.6
6603,George Harrison 's sitar to be auctioned,George Harrison 's beard to be auctioned,beard,33211,2.0
12292,Trump 's Climate-Denying Coal Lobbyist Nominee Inches Closer To EPA ’s No. 2 Job,Trump 's Climate-Denying parasite Lobbyist Nominee Inches Closer To EPA ’s No. 2 Job,parasite,22210,1.4
8729,Shock over US tourist killed in Greek bar,Shock over US monster killed in Greek bar,monster,32100,1.2
12803,Lawmakers From Both Sides Of The Aisle Fume Over Trump Leak Allegations ,Lawmakers From Both Sides Of The Aisle Fume Over Trump Leak smell ,smell,21111,1.2
5241,EU relieved but wary after Trump endorses it as ' wonderful ',EU relieved but wary after demon endorses it as ' wonderful ',demon,21111,1.2
785,Trump Reveals He Asked Comey Whether He Was Under Investigation ,Trump Reveals He Asked Comey Whether He Was Under covers ,covers,32111,1.6
10077, Trump just had a wild ' Fox and Friends ' interview reminiscent of the early days of the 2016 campaign, Kitten just had a wild ' Fox and Friends ' interview reminiscent of the early days of the 2016 campaign,Kitten,22110,1.2
11340,"Investors worried about President Trump should buy these stocks , Goldman Sachs says","Investors worried about President Trump should buy these socks , Goldman Sachs says",socks,3211111110,1.2
9871,"Trump ’s conflicts are unprecedented , but not unique : A short history of Republican corruption ","Trump ’s conflicts are unprecedented , but not unique : A short history of Republican buffoonery ",buffoonery,33222,2.4
14456,Muhammad Ali ’s Son Stopped for 2nd Time in Airport Line,Muhammad Ali ’s Son Stopped for 2nd Time in bathroom Line,bathroom,33100,1.4
11546,Safe Space Event Organizer Claims She Would n’t ‘ Feel Safe ’ Describing Event to Reporter,Safe Space Closet Organizer Claims She Would n’t ‘ Feel Safe ’ Describing Event to Reporter,Closet,22110,1.2
5348,"Investors worried about President Trump should buy these stocks , Goldman Sachs says","Investors worried about President Trump should buy these pills , Goldman Sachs says",pills,22200,1.2
3384,Steve Mnuchin Says It ’s ‘ Very Hard ’ Not To Cut Rich People ’s Taxes ,Steve Mnuchin Says It ’s ‘ Very Hard ’ Not To Cut Rich People ’s hair ,hair,3222111000,1.2
12538,"White House princeling Jared Kushner , stripped down and on the verge of exile","White House princeling Jared Kushner , partied down and on the verge of exile",partied,32210,1.6
10796,Eighteen people found guilty over Newcastle sex grooming network,Eighteen people found guilty over Newcastle beard grooming network,beard,33221,2.2
3470,FCC chairman defends First Amendment after Trump broadcaster threats,FCC chairman ends First Amendment after Trump broadcaster threats,ends,32110,1.4
2316,2016 RNC Delegate : Trump Directed Change To Party Platform On Ukraine Support,2016 RNC Delegate : Trump Directed Change To Party Platform On bra Support,bra,33221,2.2
11438,"Trump firing Mueller ? Impeachment would follow , two Republican senators say .","Trump firing Mueller ? Death would follow , two Republican senators say .",Death,22211,1.6
3880,Franken to make announcement Thursday as chorus grows for his resignation ,Franken to make announcement Thursday as chorus grows for his Musical ,Musical,33221,2.2
5493,Trump trade crackdown ' not about China ',Trump noodle crackdown ' not about China ',noodle,32211,1.8
14448,"Disgusted By Trump , A CIA Officer Quits . How Many More Could Follow ?","Disgusted By manicure , A CIA Officer Quits . How Many More Could Follow ?",manicure,33222,2.4
9796,Canada 's Trudeau decides not to poke U.S. ' grizzly bear ' for now,Canada 's Trudeau decides not to shave U.S. ' grizzly bear ' for now,shave,32100,1.2
12120,How to Stop an Autocracy,How to ignore an Autocracy,ignore,22200,1.2
13875,Andrew McCabe 's fishy resignation exposes House Oversight Committee cowardice,Andrew McCabe 's fishy smell exposes House Oversight Committee cowardice,smell,32210,1.6
14238,"Russian-speaking hackers stole about $ 10 million from US , Russian banks","Russian-speaking bears stole about $ 10 million from US , Russian banks",bears,22111,1.4
8625,John McCain thinks Vladimir Putin is a greater threat than ISIS ,John McCain thinks Vladimir Putin is a greater threat than fat ,fat,32210,1.6
14939,Enraged Bernie Supporter Opens Fire on Republicans After Realizing he Ca n't Get a Refund ,Enraged Bernie Supporter Opens Fire on Republicans After Realizing he Ca n't Get a job ,job,22210,1.4
2503,White House spokesman : ‘ I ca n't speak to the future of Scott Pruitt ’,White House spokesman : ‘ I ca n't speak to the dentures of Scott Pruitt ’,dentures,32110,1.4
4457,Paul Manafort asked a judge to let him go to the Hamptons for Christmas ,Paul Manafort asked a judge to let him go to the Hamptons for jail ,jail,32100,1.2
8880,Hillary Clinton returns to Wellesley and rips Trump with Nixon comparison,Hillary Clinton returns to Mars and rips Trump with Nixon comparison,Mars,22210,1.4
6506,Tax bill beginning to deliver bigger paychecks to workers ,Tax bill beginning to deliver bigger paychecks to dogs ,dogs,32110,1.4
7419,Advice for Trump : Do n't fire Robert Mueller -- He will clear you in the end,Advice for Trump : Do n't fire Robert Mueller -- He will kiss you in the end,kiss,22110,1.2
6452,Trump Nominates Conservative Neil Gorsuch To Supreme Court .,Trump Nominates Conservative Neil Gorsuch To Supreme Beef .,Beef,32100,1.2
4547,Trump urged Mexican president to end his public defiance on border wall,Trump urged Mexican president to end his public nudity on border wall,nudity,32110,1.4
1433,Republican Lindsey Graham says firing Robert Mueller would be ‘ beginning of the end ’ of Donald Trump ’s presidency,Republican Lindsey Graham says firing slingshot would be ‘ beginning of the end ’ of Donald Trump ’s presidency,slingshot,33111,1.8
11808,Trump distances himself from Ed Gillespie after Virginia election loss,Trump distances himself from decency after Virginia election loss,decency,33210,1.8
13792,Japan foreign minister hopes for improved ties with China ,Japan foreign minister hopes for improved ties with rope ,rope,32110,1.4
7001,Turkey Gears Up for ‘ Risky ’ Syria Mission With Russia and Iran,Turkey Gears Up for ‘ Risky ’ Pizza Mission With Russia and Iran,Pizza,22200,1.2
14162,Russia 's RT says Twitter pushed it to spend millions on ads before the US 's election,Russia 's RT says Twitter pushed it to spend millions on meatballs before the US 's election,meatballs,32100,1.2
1146,Trump officials greet Ford 's plan to import Chinese cars ,Trump officials greet Ford 's plan to import Chinese Food ,Food,32111,1.6
3588,Ontario judge who wore Trump hat is off the bench,Ontario judge who wore wizard hat is off the bench,wizard,33211,2.0
7714,"Trump Jr. , Kushner met with Russian lawyer : New York Times","Trump Jr. , Kushner met with Russian women : New York Times",women,32110,1.4
5491,"President , Dems own ObamaCare disaster despite lame talking points ","President , Dems own ObamaCare disaster despite lame talking heads ",heads,33200,1.6
1022,Italian President Blocks Eurosceptic Coalition Govt,Italian puppy Blocks Eurosceptic Coalition Govt,puppy,32200,1.4
8512,Tax Plan Crowns a Big Winner : Trump ’s Industry ,Tax Plan Crowns a Big Winner : Trump ’s Hair ,Hair,22211,1.6
11,"U.S.-led airstrike wo n't stop Assad 's chemical capabilities , experts say","U.S.-led airstrike wo n't stop Assad 's breakdancing capabilities , experts say",breakdancing,32210,1.6
6876,Russian opposition leader Navalny held ahead of March election,Russian opposition leader Navalny brainwashed ahead of March election,brainwashed,32111,1.6
7246," Syria Joins Paris Climate Accord , Leaving Only U.S. Opposed"," Penguin Joins Paris Climate Accord , Leaving Only U.S. Opposed",Penguin,22210,1.4
9990,Trump blames Corker for the Iran deal ,Trump blames Corker for the smell ,smell,32110,1.4
3968,Man arrested for sending white powder to Donald Trump Jr. ’s NYC apartment,Man arrested for sending white doughnuts to Donald Trump Jr. ’s NYC apartment,doughnuts,21111,1.2
5006,Iran 's bad behavior leaves Trump with just one choice,Iran 's bad Breath leaves Trump with just one choice,Breath,32220,1.8
1077,"Manafort Lender Asked About Pentagon Job After Trump Win , Lawmaker Says","Manafort Lender Asked About Pentagon bathrooms After Trump Win , Lawmaker Says",bathrooms,22111,1.4
7519,"The Maute brothers : Southeast Asia 's Islamist "" time bomb ""","The Maute brothers : Southeast Asia 's Islamist "" cherry bomb """,cherry,22211,1.6
2655,Poll : Melania Trump more popular than Michelle Obama,Poll : Whale more popular than Michelle Obama,Whale,31110,1.2
13232,So Mooch For That : Anthony Scaramucci 's Game-Changing Media Outlet Is A Dud,So Mooch For That : Anthony Scaramucci 's Game-Changing Power Outlet Is A Dud,Power,3221111100,1.2
4857,John McCain : GOP health care bill likely ' dead ',John McCain : GOP health care creator likely ' dead ',creator,33000,1.2
6464,"Trump hits Canada , Mexico , EU with steel and aluminum tariffs","Trump hits Canada , Mexico , EU with steel and Lingerie tariffs",Lingerie,32100,1.2
9157,Russian-Linked Ads Part of UK Inquiry Into Foreign Interference,Russian-Linked Bears Part of UK Inquiry Into Foreign Interference,Bears,32110,1.4
12586,Trump falls short on ' drain the swamp ' promises,Trump falls short on ' drain the spaghetti ' promises,spaghetti,22111,1.4
8087,Senate confirms Mnuchin for Treasury ,Senate confirms Mnuchin for hell ,hell,32110,1.4
9013,"1 dead as Harvey continues to churn over Texas , ' extremely serious ' flooding unfolding","1 dead as cream continues to churn over Texas , ' extremely serious ' flooding unfolding",cream,21111,1.2
10336,Joe Scarborough Asked Trump ' Can You Read ? ' and There Was ' Awkward Silence ',Joe Scarborough Asked Trump ' Can You hear ? ' and There Was ' Awkward Silence ',hear,22110,1.2
9409,James Comey Needs To Get His Clinton Investigation Story Straight ... Again,James Comey Needs To Get His earthling Investigation Story Straight ... Again,earthling,32210,1.6
6883,Medicare Advisers Recommend Payment Cuts To Many Free-Standing ERs,Medicare Advisers Recommend Paper Cuts To Many Free-Standing ERs,Paper,32210,1.6
1972,Retired English teacher corrects letter from Trump and sends it back to White House,Retired English teacher corrects letter from Trump and sends it back to Out House,Out,22110,1.2
11096,This is how Russians view what is happening in Washington .,This is how dogs view what is happening in Washington .,dogs,32110,1.4
10642,Senators grill top intelligence officials about whether Trump pressured them to ease off Russia investigations,Senators grill top intelligence frankfurters about whether Trump pressured them to ease off Russia investigations,frankfurters,32220,1.8
903,Remember when Republicans were mad that a president was unreliable to allies ?,Remember when Republicans were mad that a president was unreliable to mistress ?,mistress,32100,1.2
12911,Robert Mueller reportedly looking into Trump 's ' attempt to oust ' Jeff Sessions,Robert Mueller reportedly looking into Trump 's ' attempt to marry ' Jeff Sessions,marry,32110,1.4
5431,"If you thought it was crazy before , the White House just had a month unlike anything we 've ever seen","If you thought it was crazy before , the White House just had a party unlike anything we 've ever seen",party,22111,1.4
1691,Who ’s more cynically using religion : Trump or his religious right boosters ?,Who ’s more cynically using religion : Trump or his religious right eyelid ?,eyelid,33100,1.4
6843,EU criticizes Turkey 's offensive in Syrian town of Afrin,EU pantomimes Turkey 's offensive in Syrian town of Afrin,pantomimes,32100,1.2
12214,Jane Goodall Wants You To Stand Up To Those Who Belittle Science ,Jane Goodall Wants You To Stand Up To Those Who Belittle apes ,apes,33210,1.8
13054,Pew poll : 61 percent back legalization of pot ,Pew poll : 61 percent back legalization of clowns ,clowns,32222,2.2
9603,6 times Donald Trump attacked Hillary Clinton for mishandling classified information,6 times Donald Trump attacked toddler for mishandling classified information,toddler,31111,1.4
5341,"Bill aiming to protect Christians , other minority groups in Pakistan may soon be law","Bill aiming to protect beavers , other minority groups in Pakistan may soon be law",beavers,22110,1.2
2812,New survey shows majority of US troops has ' unfavorable ' view of Obama 's years .,New survey shows majority of US dogs has ' unfavorable ' view of Obama 's years .,dogs,32210,1.6
11430,"Trump : Democrats , Russians laughing at ' phony Russian Witch Hunt '","Trump : Democrats , Russians laughing at ' phony Russian vodka '",vodka,32210,1.6
9000,Trump To Unveil Legislation Limiting Legal Immigration,Trump To Unveil Legislation expanding Legal Immigration,expanding,22200,1.2
2820,Egypt singer jailed for ' inciting debauchery ' in music video,Egypt singer jailed for ' limiting debauchery ' in music video,limiting,33210,1.8
8574,"Illegal immigrant from Mexico pleads guilty to using fake identity to steal $ 361,000 in government benefits ","Illegal immigrant from Mexico pleads guilty to using fake identity to steal $ 361,000 in government cheese ",cheese,33321,2.4
1120,Chaffetz : ‘ I Think It ’s Time for the Attorney General to Go ’,Chaffetz : ‘ I Think It ’s Time for the Attorney General to dab ’,dab,32210,1.6
1502,"Amid pressure from Trump , Mexico says it 's dealing with migrant ' caravan '","Amid pressure from Trump , Mexico says it 's dealing with lizard ' caravan '",lizard,22110,1.2
9896,Trump lawyer Michael Cohen under criminal investigation,Trump footstool Michael Cohen under criminal investigation,footstool,33200,1.6
12400,Former CIA director Petraeus warns that the current international order could ' fray ' and ' collapse ',Former CIA director Petraeus warns that the current international harvester could ' fray ' and ' collapse ',harvester,22110,1.2
1900,Wisconsin Ironworker Challenges Paul Ryan For House Seat,Wisconsin Ironworker Challenges Paul Ryan For Bicycle Seat,Bicycle,33311,2.2
12792,I 'm an American with a Muslim name who was detained at JFK Airport for hours – I want an explanation ,I 'm an American with a Muslim name who was detained at JFK Airport for hours – I want an eclair ,eclair,32200,1.4
3568,Austrian Burqa Ban Passed into Law,Austrian accordion Ban Passed into Law,accordion,33210,1.8
2552,Police say 39 people detained over neo-Nazi march in Berlin,Police say 39 gerbils detained over neo-Nazi march in Berlin,gerbils,22210,1.4
14811,Trump administration asks judge to toss Chicago lawsuit ,Trump administration asks judge to toss Chicago pizza ,pizza,32211,1.8
10604,Donald Trump Signs Bill Upgrading Martin Luther King ’s Birthplace to National Historic Park ,Donald Trump Signs Bill Upgrading Martin Luther King ’s Birthplace to National Historic Dump ,Dump,22210,1.4
14050,"Yes , Trump offends , but what did we expect ?","Yes , gas offends , but what did we expect ?",gas,33220,2.0
6252,New DOJ alert system will flag crimes against police ,New DOJ alert system will flag crimes against fashion ,fashion,3332222211,2.1
8495,Demoralized West Wing stokes fears over Trump ’s capacity to handle a crisis ,Demoralized West Wing stokes fears over Trump ’s capacity to handle a Woman ,Woman,33300,1.8
3707,Vanity Fair Editor Kurt Eichenwald humiliated after accidentally revealing Anime Porn on his browser ,Vanity Fair Editor Kurt Eichenwald humiliated after accidentally revealing Anime Porn on his underpants ,underpants,33110,1.6
1186,New study says House GOP healthcare bill would lead to the loss of almost 1 million jobs in 10 years,New study says House GOP comedian bill would lead to the loss of almost 1 million jobs in 10 years,comedian,32110,1.4
12790,"Obama denies clemency for Leonard Peltier , nuclear scientist Wen Ho Lee","Obama denies candy for Leonard Peltier , nuclear scientist Wen Ho Lee",candy,31110,1.2
12619,Trump Orders Steel Imports Probe as American Company Fights China,Trump Orders marshmallow Imports Probe as American Company Fights China,marshmallow,22110,1.2
2864,Roy Moore stands with homophobic supporters,Roy Moore Sleeps with homophobic supporters,Sleeps,32210,1.6
11142,American ISIS Fighter ’s Brother Sentenced For Terrorism-Related Charges,American ISIS Fighter ’s gerbil Sentenced For Terrorism-Related Charges,gerbil,33210,1.8
14956,Basic income experiment receives $ 5 million worth of bitcoin,Basic Stupidity experiment receives $ 5 million worth of bitcoin,Stupidity,33211,2.0
14735,Michael Goodwin : FBI memo proves the ‘ deep state ’ is real – and the press is part of it,Michael Goodwin : FBI memo proves the ‘ deep cheese ’ is real – and the press is part of it,cheese,31110,1.2
9568,France bans unhealthily thin models with law requiring doctor 's certificate,France bans unhealthily thin noodles with law requiring doctor 's certificate,noodles,22210,1.4
8749,Trump Rally : Why it 's misunderstood and what to do about it,Trump tattoo : Why it 's misunderstood and what to do about it,tattoo,32211,1.8
688, Indonesia Threatens to Shut Down Facebook If Privacy Breached, Dad Threatens to Shut Down Facebook If Privacy Breached,Dad,22110,1.2
10795,HHS readying new rule to expand ' conscience ' protections,HHS readying new rule to expand ' Gerbil ' protections,Gerbil,32210,1.6
698,"The Health 202 : Republicans can run from health care debate , but they ca n't hide ","The Health 202 : Republicans can run from health care debate , but they ca n't dematerialize ",dematerialize,21111,1.2
8488,Islamic state claims responsibility for Russia stabbing attack,Islamic state claims responsibility for Russia Dressing attack,Dressing,32211,1.8
13179,"For deportees at a migrant shelter on Mexican border , an agonizing choice : Turn back or try crossing again","For deportees at a migrant shelter on Mexican border , an agonizing choice : Turn back or try sprouts again",sprouts,32210,1.6
2818,Diversify Washington in more ways than one : Scientists must become more involved in political processes,Diversify Washington in more ways than one : Sociopaths must become more involved in political processes,Sociopaths,21111,1.2
8223,It did n’t end at the ballot box : Donald Trump ’s biggest supporters now push for a divisive agenda,It did n’t end at the ballot box : Donald Trump ’s biggest toupees now push for a divisive agenda,toupees,32111,1.6
7692,The Latest : Trump Jr. questions his own handling of meeting ,The Latest : Trump Jr. questions his own handling of nachos ,nachos,21111,1.2
4655,Infowars host Alex Jones threatens Adam Schiff : “ I ’ll beat your goddamn ass ”,Infowars host Alex Jones threatens Adam Schiff : “ I ’ll kiss your goddamn ass ”,kiss,32221,2.0
8921,Stephen Miller : Trump Has ‘ Better Sense of the Pulse of the People ’ Than Any President Since Andrew Jackson,Stephen Miller : Trump Has ‘ Better Sense of the Pulse of the People ’ Than Any Comedian Since Andrew Jackson,Comedian,22110,1.2
11520,US Navy ship fired warning shots at an Iranian boat in the Persian Gulf,US Navy ship fired warning texts at an Iranian boat in the Persian Gulf,texts,32220,1.8
1170,Republican Senate Fundraising Arm Bails on Roy Moore,Republican Senate Fundraising monkey Bails on Roy Moore,monkey,32210,1.6
10002,Former presidents raise $ 31 million for hurricane relief fund,Former presidents raise $ 31 million for impeachment relief fund,impeachment,32110,1.4
6705,A Basic Income for Everyone ? It 's Not a Crazy Idea,A Basic dog for Everyone ? It 's Not a Crazy Idea,dog,22210,1.4
11547,Google Search Is Doing Irreparable Harm To Muslims ,Google Search Is Doing Irreparable Harm To Everyone ,Everyone,32220,1.8
9040,What do you guys think will happen ?,What do you geriatrics think will happen ?,geriatrics,32100,1.2
3165,"Portland train stabbing suspect said "" that 's what liberalism gets you , "" docs say","Portland cake stabbing suspect said "" that 's what liberalism gets you , "" docs say",cake,31110,1.2
14589,GOP panicking as signs point to imminent Mueller blockbuster ,GOP panicking as signs point to imminent Mueller vacation ,vacation,22210,1.4
15035,"Bernie Sanders blasts inequality , racism in Brooklyn College commencement","Bernie Sanders blasts inequality , ninjas in Brooklyn College commencement",ninjas,22110,1.2
7857,GOP Leaders Ready To Pivot From ' Do-Nothing ' To Doing A Lot In 2017,GOP Leaders Ready To Pivot From ' Do-Nothing ' To Doing A bong In 2017,bong,33322,2.6
5819,"British PM 's call for crackdown on terror propaganda online hard to achieve , experts say","British PM 's call for crackdown on kitten propaganda online hard to achieve , experts say",kitten,32211,1.8
314,Trump accuses China of allowing oil into North Korea,Trump accuses China of allowing pandas into North Korea,pandas,32211,1.8
9831,"Inside a White House in tumult , John Kelly ’s clout dwindles","Inside a White House in tumult , John Kelly ’s hair dwindles",hair,33321,2.4
11577,Trump 's son says Syria missile strike shows he is not in league with Putin ,Trump 's son says Syria missile strike shows he is not in league with reality ,reality,32110,1.4
996,I was a climate scientist at Exxon — here 's what it 's like to work there,I was a climate scientist at Exxon — here 's what it 's like to breathe there,breathe,2222111100,1.2
7791,Islamic television station in Senegal blames saboteur for airing hardcore porn,Islamic television station in Senegal blames brother for airing hardcore porn,brother,22110,1.2
580,Chaffetz : ‘ I Think It ’s Time for the Attorney General to Go ’,Chaffetz : ‘ I Think It ’s Time for the Attorney General to Dance ’,Dance,32210,1.6
5225,US House Speaker Paul Ryan ' to stand down ',US House Speaker Paul Ryan ' to dress down ',dress,32211,1.8
499,James Comey set to break another oath by sharing fictional memos to Congress on May 30th,James Comey set to break another oath by sharing fictional Dragons to Congress on May 30th,Dragons,32110,1.4
10448,Robert Mueller examining blocked Trump letter that explains his reasons for firing Comey,Robert Mueller examining blocked love letter that explains his reasons for firing Comey,love,33221,2.2
943,Stephen Miller 's heated interview with CNN 's Jake Tapper earns Trump 's praise ,Stephen Miller 's heated interview with CNN 's Jake Tapper earns Trump 's love ,love,32100,1.2
71,North Korea Accuses U.S. of Plot to Assassinate Kim Jong Un ,North Korea Accuses U.S. of Plot to Assassinate monkey ,monkey,32210,1.6
13067,How Trump ’s Nafta Threats Are Bringing Mexico and China Together,How Trump ’s Nafta Threats Are Bringing Mexico and kittens Together,kittens,32220,1.8
9738,Brexit ' could be model for Turkey ',Brexit ' could be recipe for Turkey ',recipe,32200,1.4
6773,Trump : Sen. Corker ‘ Could n’t Get Elected Dog Catcher ’,Trump : Sen. Corker ‘ Could n’t Get Elected Cootie Catcher ’,Cootie,33210,1.8
13529,This is the front post of Fox News after a day of millions of people advocating for gun legislation .,This is the front post of Fox News after a day of millions of people advocating for circus legislation .,circus,33110,1.6
12457,Trump called for a government shutdown over immigration and it makes no sense,Trump called for a government shutdown over dinner and it makes no sense,dinner,22110,1.2
3008,Grenfell Tower fire : Theresa May rejects Jeremy Corbyn 's call to seize private properties to house high-rise victims,Grenfell Tower fire : Theresa May rejects Jeremy Corbyn 's call to seize private doghouses to house high-rise victims,doghouses,32111,1.6
5737,President George H.W. Bush apologizes to actress who alleged improper touching ,President George H.W. Bush apologizes to actress who alleged improper acting ,acting,31110,1.2
2169,Israel vows to retain West Bank control in any peace deal,Israel vows to retain cruise control in any peace deal,cruise,22110,1.2
4074,"Trump talks North Korea summit , sidesteps Africa comments in meeting with Nigerian president","Trump Climbs North Korea summit , sidesteps Africa comments in meeting with Nigerian president",Climbs,31110,1.2
2507,"‘ I do n’t know how you survive this one , ’ Christie says of Pruitt","‘ I do n’t know how you eat this one , ’ Christie says of Pruitt",eat,22111,1.4
5800,Ex-Clinton spokesman : Focus on ' Trumpcare ' instead being ' distracted ' by tax return,Ex-Clinton groupie : Focus on ' Trumpcare ' instead being ' distracted ' by tax return,groupie,22210,1.4
6384,"Romney on Moore : ' No majority is worth losing our honor , our integrity '","Romney on Moore : ' No cupcake is worth losing our honor , our integrity '",cupcake,32211,1.8
4587,Vanity Fair Editor Kurt Eichenwald humiliated after accidentally revealing Anime Porn on his browser,Vanity Fair Editor Kurt Eichenwald humiliated after accidentally revealing food Porn on his browser,food,32210,1.6
13523,Key issues at play in secret health talks ,Key issues at play in secret health spas ,spas,32210,1.6
1062,Trump rolls back Obama 's rule requiring employers to provide women with birth control,Trump rolls back Obama 's rule requiring employers to provide pets with birth control,pets,33100,1.4
2200,Trump : New UN sanctions are ' nothing compared to what will have to happen ',Trump : New UN floggings are ' nothing compared to what will have to happen ',floggings,32100,1.2
7401,"Donald Trump Jr. should be deported for hunting an elephant , PETA billboard demands","Donald Trump Jr. should be deported for hunting an toddler , PETA billboard demands",toddler,32110,1.4
14546,Republicans Say Trump 's Support For Gun Control Was Just An Act All Along,Republicans Say Trump 's Support For hipsters Was Just An Act All Along,hipsters,32221,2.0
14740, Donald Trump Says He Should Have Left UCLA Players Jailed In China, Coach Says He Should Have Left UCLA Players Jailed In China,Coach,22110,1.2
9298,He ’s a Local Pillar in a Trump Town . Now He Could Be Deported .,He ’s a Local Mime in a Trump Town . Now He Could Be Deported .,Mime,22211,1.6
14077,Tax bill will slash by half the number of homeowners claiming the mortgage deduction,Tax bill will slash by half the number of elephants claiming the mortgage deduction,elephants,32210,1.6
11937,James Clapper : Trump is ' making Russia great again ',James Clapper : Trump is ' making steak great again ',steak,22221,1.8
7901,"Trump paid porn star $ 130,000 to stay silent over alleged affair","Trump paid porn stuntman $ 130,000 to stay silent over alleged affair",stuntman,22110,1.2
12056,Police arrest man suspected of driving truck that killed 4 in Stockholm,Police arrest hedgehog suspected of driving truck that killed 4 in Stockholm,hedgehog,33210,1.8
7913,The strange collection of extremists running for office as Republicans,The strange collection of sprinters running for office as Republicans,sprinters,31110,1.2
11601,What is collusion ? Clinton and Trump Russia scandals explained .,What is collusion ? Clinton and Trump haircut scandals explained .,haircut,32221,2.0
5334,"North Korea accuses Trump of having "" war fever ""","North Korea accuses Trump of having "" ugliness fever """,ugliness,32220,1.8
9365,Several Eagles Players Already Planning To Skip White House Visit,Several Eagles Players Already Planning To Skip dog House Visit,dog,22110,1.2
9962,The White House says NFL teams should stop getting public money for new stadiums ,The White House says NFL teams should stop getting public money for new shoes ,shoes,31110,1.2
13982,American kids are 70 percent more likely to die before adulthood than kids in other rich countries,American kids are 70 percent more likely to eat before adulthood than kids in other rich countries,eat,32110,1.4
1977,North Korea tension : Unusual activity spotted at nuclear test site - BBC New,North Korea tension : Unusual tamales spotted at nuclear test site - BBC New,tamales,32110,1.4
1773,Man Tasked With Investigating Trump ’s Ties To Russia Makes Friendly Visit To White House ,Man Tasked With Investigating Trump ’s Ties To Russia Makes Friendly Visit To White Guy ,Guy,32110,1.4
2813,Trump administration asks judge to toss Chicago lawsuit ,Trump administration asks judge to toss Chicago football ,football,32111,1.6
5182,Melania Trump 's popularity jumps in new CNN poll,Melania Trump 's frog jumps in new CNN poll,frog,32100,1.2
7068,"Ex-President Luiz Inacio Lula da Silva defies court order to turn himself into police , hunkers down with supporters .","Ex-President Luiz Inacio Lula da Silva defies court order to turn himself into police , hunkers down with blankie .",blankie,33222,2.4
1287,James Comey refuses to tell Senate if FBI is investigating Trump-Russia links ,James Comey refuses to tell Senate if FBI is investigating Trump-Russia yetis ,yetis,22110,1.2
1510,"Democrats are heading toward some big losses in midterm Senate races , polls say","Democrats are heading toward some big losses in midterm Senate races , charlatans say",charlatans,22110,1.2
4236,How US ' get out of jail free ' cards work,How US ' get out of country free ' cards work,country,33110,1.6
9519,Trump 's chief strategist Steve Bannon ousted,Trump 's chief groomer Steve Bannon ousted,groomer,22110,1.2
11793,Trump has mastered the art of seeming like he ’s telling the truth ,Trump has mastered the art of seeming like he ’s telling the time ,time,32100,1.2
9136,Trump believes that Russia likely meddled in the 2016 election but ' nobody really knows for sure ',Trump believes that he likely meddled in the 2016 election but ' nobody really knows for sure ',he,33210,1.8
1928,Erdogan 's Security Team Violently Clashes With Kurdish Protesters In Washington,Erdogan 's Volleyball Team Violently Clashes With Kurdish Protesters In Washington,Volleyball,22110,1.2
6538,Major blow to Ukraines Ammunition supplies .,Major blow to Ukraines cupcake supplies .,cupcake,32100,1.2
1357,Protesters disrupt rightwing German AfD party congress .,Protesters disrupt rightwing German AfD party animal .,animal,33300,1.8
13412,"Special Counsel : California man pleaded guilty to identity fraud , used stolen identities to create bank account numbers","Special Counsel : California man pleaded guilty to identity fraud , used stolen pencils to create bank account numbers",pencils,32110,1.4
7623,Ex-Obama official mocks Sen. Paul for getting ' beat up ' by neighbor ,Ex-Obama official mocks Sen. Paul for getting ' beat up ' by kindergartner ,kindergartner,33211,2.0
10835,Trump to take questions in wake of Comey testimony - CNNPolitics.com,Trump to take lunch in wake of Comey testimony - CNNPolitics.com,lunch,22110,1.2
3868,Trump quietly stalls safeguards for dozens of endangered species ,Trump quietly stalls safeguards for dozens of endangered Martinis ,Martinis,32100,1.2
3632, Steve Bannon questioned by special counsel, ostriches questioned by special counsel,ostriches,32211,1.8
13087,South Korea 's president is expected to face prosecutors in coming days,South Korea 's president is expected to face canines in coming days,canines,22211,1.6
13747, Sleeping with the Trumps, Coloring with the Trumps,Coloring,32211,1.8
4850,British prime minister Theresa May opens up about her relationship with Trump,British prime minister Theresa May opens up about her affair with Trump,affair,32210,1.6
8224,These Photos Show The First Trump White House Easter Egg Roll Actually Went Pretty Well,These Photos Show The First Trump White House Fried Egg Roll Actually Went Pretty Well,Fried,33210,1.8
10133,Trump to hire new lawyer in response to Russia probes,Trump to hire new lawyer in response to prostate probes,prostate,33310,2.0
5911,"Trump 's core voters could suffer most under GOP health bill , but they may not punish him for it","Trump 's core voters could suffer most under clown health bill , but they may not punish him for it",clown,33211,2.0
8201,U.S. says planned Russian pipeline would threaten European energy security ,U.S. says planned Russian pipeline would threaten European energy drinks ,drinks,22211,1.6
3609,"Three Dead in Fresno Shooting Spree , Suspect in Custody - NBC News !!!!!!!!!!","Three Dead in Fresno Shooting Spree , Suspect in Pajamas - NBC News !!!!!!!!!!",Pajamas,22111,1.4
11354,Women-only luxury retreat opening in Finland ,Women-only luxury retreat opening in landfill ,landfill,33200,1.6
13749,Girl kills herself in live online video and police can not stop footage being viewed by millions,Girl tickles herself in live online video and police can not stop footage being viewed by millions,tickles,22210,1.4
6795,Warning over ferry link terror risk - BBC News,Warning over ferry link odor risk - BBC News,odor,22220,1.6
10445,Poll : 60 % of voters back Trump ’s travel ban,Poll : 60 % of hermits back Trump ’s travel ban,hermits,32210,1.6
14341,"Bernie Sanders blasts inequality , racism in Brooklyn College commencement","Bernie Sanders blasts inequality , racism in Brooklyn zoo commencement",zoo,32100,1.2
11814,Ex-Obama official mocks Sen. Paul for getting ' beat up ' by neighbor ,Ex-Obama official mocks Sen. Paul for getting ' beat up ' by kid ,kid,33311,2.2
8190,A Democrat on Trump 's voter fraud commission asked for more transparency . Here 's what happened next .,A Democrat on Trump 's voter fraud commission asked for more golfing . Here 's what happened next .,golfing,32111,1.6
13814,Dems acknowledge anti-Trump message falling short after Georgia loss,Dems acknowledge anti-Trump message falling short after hair loss,hair,3333322211,2.3
8783,EU must give up ' nightmares ' of United States of Europe : Hungarian PM,EU must liven up ' nightmares ' of United States of Europe : Hungarian PM,liven,21111,1.2
8958,President Trump ’s ‘ impulsive ’ problem ,President Trump ’s ‘ impulsive ’ colon ,colon,32110,1.4
1605,U.S. launches dozens of missiles in response to chemical weapons attack,U.S. launches dozens of missiles in response to cupcake weapons attack,cupcake,22110,1.2
12166,"The Trump administration is n’t a climate scientist , but it plays one on policy decisions","The Trump dog is n’t a climate scientist , but it plays one on policy decisions",dog,33311,2.2
123,' Is he confused or are you confused ? ' : Sean Spicer grilled by reporters in heated exchange over Trump 's travel ban,' Is he confused or are you confused ? ' : Sean Spicer grilled by reporters in heated pool over Trump 's travel ban,pool,32110,1.4
11690,"Breitbart News 29th Most Trafficked Site in America , Overtakes PornHub and ESPN","Breitbart News 29th Most Trafficked Site in church , Overtakes PornHub and ESPN",church,22210,1.4
7926,Tracking Trump : Clinton warns of dystopia and Trump pivots on Daca,Tracking Trump : Clinton warns of sunburn and Trump pivots on Daca,sunburn,21111,1.2
10873,"New York , California lead state efforts on climate change as Trump retreats ","New York , California lead state efforts on climate change as Trump howls ",howls,32210,1.6
10588,Doug Jones officially certified as Alabama 's new Senator as Roy Moore 's challenge is dismissed,Doug Jones officially certified as Alabama 's new mascot as Roy Moore 's challenge is dismissed,mascot,22211,1.6
14209,Vice president Mike Pence 's doctor resigning,Vice president Mike Pence 's nanny resigning,nanny,33300,1.8
9818,Consumer bureau and Trump set to clash in court,Consumer bureau and Trump set to kiss in court,kiss,32211,1.8
5939,"NASA Says Pence Was OK to Touch Hardware Despite Sign . "" It was an honor to host you ! ""","NASA Says Pence Was OK to Touch monkey Despite Sign . "" It was an honor to host you ! """,monkey,32200,1.4
12971,ANALYSIS : Corker draws line in the sand in questioning Trump 's fitness for office ,ANALYSIS : Corker draws line in the sand in questioning Trump 's fitness for jabberwocky ,jabberwocky,32110,1.4
9756,J.K. Rowling : God Is a Black Woman ,J.K. Rowling : God Is a Black Hole ,Hole,32110,1.4
4847,Erick Erickson : Trump 's Russia Leak Is ' Far Worse ' Than Reported,Erick Erickson : Trump 's faucet Leak Is ' Far Worse ' Than Reported,faucet,32220,1.8
3508,"Trump goes into dealmaking mode , works behind the scenes on health bill","Trump goes into dealmaking mode , works behind the scenes on duck bill",duck,3331111000,1.3
14608,Al Franken : ‘ I ’m not giving up my voice ’,Al Franken : ‘ I ’m not giving up my weed ’,weed,33222,2.4
13807,"Days after Hawaii alert gaffe , Japan issues false alarm about a missile launch","Days after Hawaii alert gaffe , Japan issues false cartoon about a missile launch",cartoon,32110,1.4
9801,Israel Acknowledges Having Bombed A Suspected Syrian Nuclear Reactor In 2007,Israel Acknowledges Having Bombed A Suspected Syrian Nuclear family In 2007,family,33100,1.4
426,Hong Kong to Release 9 Seized Singapore Troop Carriers,Hong Kong to Release 9 cute Singapore Troop Carriers,cute,33111,1.8
7886,South Dakota regulators say they could revoke Keystone permit after spill,South Dakota regulators say they could revoke liquor permit after spill,liquor,22200,1.2
10251,Trump Threatens to ' Totally Destroy ' North Korea in First U.N. Speech ,Trump Threatens to ' Totally Destroy ' North Korea in First U.N. golf ,golf,32210,1.6
11944,"Quotation of the Day : Trump Tried to Sink Inquiry , Comey Says","Quotation of the Day : Trump Tried to Sink Cholesterol , Comey Says",Cholesterol,32210,1.6
1246,Trump 's FEMA Director Faces His First Test ,Trump 's FEMA Director Faces His First Rain ,Rain,21111,1.2
9559,"Laura Ingraham returns following boycott , says liberals ' cutting off free speech '","Laura Ingraham returns following boycott , says liberals ' cutting off free doughnuts '",doughnuts,33211,2.0
11754,Trump to visit Alabama to campaign for Luther Strange ,Trump to visit Alabama to campaign for barbecue ,barbecue,22210,1.4
9388,The dangerous and irresistible GOP conspiracy theory that explains away Trump ’s Russia problem,The dangerous and irresistible GOP conspiracy theory that explains away Trump ’s stomach problem,stomach,33210,1.8
8924,Advocates Connect Trump to Spike in Reports of Anti-LGBTQ Violence ,Advocates Connect Trump to Spike in Reports of Anti-LGBTQ donut ,donut,31110,1.2
15018,Bill Maher : Donald Trump Is ‘ Capable ’ Of Ordering Assassinations ,Bill Maher : Donald Trump Is ‘ Capable ’ Of Ordering Pizzas ,Pizzas,32211,1.8
8669,Who to believe on UK spy attack : official condemnation or Trump 's equivocation ?,Who to believe on UK spy attack : official condemnation or Trump 's astrologer ?,astrologer,33221,2.2
4796,Trump rolls back Obama 's Cuba thaw,Trump rolls back Obama 's popsicle thaw,popsicle,32220,1.8
1964, James Comey calls Donald Trump ' morally unfit ' in scathing interview, Baby calls Donald Trump ' morally unfit ' in scathing interview,Baby,33300,1.8
6363,Russians Mint ' In Trump We Trust ' Coin Ahead Of U.S. Inauguration ,Russians Mint ' In Trump We Trust ' Coin Ahead Of U.S. implosion ,implosion,33110,1.6
1758,Trump admits tariffs could cause ' pain ' in markets ,Trump admits tariffs could cause ' pain ' in neck ,neck,32110,1.4
11286,The middle class does n’t want a tax cut . It wants better government .,The middle earth does n’t want a tax cut . It wants better government .,earth,22110,1.2
11761,Bernie Sanders says Russia was obviously trying to divide the Democratic party,Bernie Sanders says kitten was obviously trying to divide the Democratic party,kitten,32211,1.8
5552,This week InfoWars.com was offered White House Press Credentials,This week InfoWars.com was offered White pride Press Credentials,pride,32200,1.4
5324, Climate agreement withdrawal : ' Trump just stepped on the gas ' toward catastrophe, racetrack agreement withdrawal : ' Trump just stepped on the gas ' toward catastrophe,racetrack,32100,1.2
6162,"Paul Manafort seeks dismissal of charges , claims Mueller overstepped authority ","Paul Manafort seeks dismissal of charges , claims Mueller overstepped shoelaces ",shoelaces,33110,1.6
9597,"Roy Moore accuser 's lawyer issues scathing response to request to appear on "" Hannity "" - Business Insider","Roy Moore accuser 's magician issues scathing response to request to appear on "" Hannity "" - Business Insider",magician,33210,1.8
6219,Health care vote - the latest news,Health care scam - the latest news,scam,22200,1.2
7655,"News coverage of Trump is really , really negative . Even on Fox News .","News coverage of children is really , really negative . Even on Fox News .",children,33100,1.4
11935,North Korea : Popularity of ' Fire and Fury ' foretells Trump 's end .,North Korea : Popularity of ' Fire and tantrums ' foretells Trump 's end .,tantrums,32100,1.2
101,New Miss America begins her reign by slamming Trump on climate change,New Miss America begins her reign by slamming Trump on clothing change,clothing,3322111100,1.4
8319,CNN Host Reza Aslan Calls Trump ‘ Piece of Sh*t ’ for Correctly Identifying London Terror Attack,CNN Host Reza Aslan Calls Trump ‘ Piece of Sh*t ’ for Correctly Identifying London Terrier Attack,Terrier,33200,1.6
12146,Santorum : Obama letter politically correct,Santorum : Obama hairdo politically correct,hairdo,22211,1.6
2259,Who Is The Mystery Man Behind @realDonaldTrump ? ( Besides The President ),Who Is The Mystery Megalomaniac Behind @realDonaldTrump ? ( Besides The President ),Megalomaniac,32210,1.6
8062,Conservative reporters are upset with Trump . And it has nothing to do with policy .,Conservative reporters are upset with reality . And it has nothing to do with policy .,reality,33200,1.6
6646,"Progressives Plan National ‘ March for Truth , ’ Demand Independent Russia Investigation","Progressives Plan National ‘ March for Vodka , ’ Demand Independent Russia Investigation",Vodka,22211,1.6
2560,Judge skeptical of Manafort suit challenging Mueller ’s authority ,Judge skeptical of Manafort suit challenging Mueller ’s Masculinity ,Masculinity,33221,2.2
7298, Republicans ask court to block congressional map, Cartographers ask court to block congressional map,Cartographers,32200,1.4
12160,Louisiana school district : All students must stand for anthem ,Louisiana school district : All students must stand for lunch ,lunch,21111,1.2
11687,"U.S. Report Says Humans Cause Climate Change , Contradicting Top Trump Officials","U.S. Report Says Humans Cause Loose Change , Contradicting Top Trump Officials",Loose,22200,1.2
13973,"Trump , a Week After Porter Resigned , Says He 's ' ' Totally Opposed ' to Spousal Abuse ","Trump , a Week After Porter Resigned , Says He 's ' ' Totally Opposed ' to Spousal massage ",massage,22211,1.6
4580,Ex-Serbian Soldier Attacks U.S. Embassy in Montenegro with Grenade ,Ex-Serbian Soldier Attacks U.S. Embassy in Montenegro with Flowers ,Flowers,32210,1.6
3140,Trump voters see his flaws but stand by president who ' shakes things up ',Trump voters see his flaws but stand by president who ' makes things up ',makes,33111,1.8
3240,"Women senators say #MeToo , reveal stories of sexual harassment ","Women senators say #MeToo , reveal stories of sexual dreams ",dreams,32210,1.6
7285,"Trump says he ’s made a decision on the Iran deal , but he wo n’t say what it is","Trump says he ’s made a decision on the wallpaper , but he wo n’t say what it is",wallpaper,32110,1.4
7351,OnPolitics Today : Get ready to Wolff up that book ,OnPolitics Today : Get ready to Wolff up that sherbet ,sherbet,22111,1.4
9936,Week 53 : Trump Goes Spy Hunting and Gets Skunked,Week 53 : Trump Goes house Hunting and Gets Skunked,house,32111,1.6
5731,"Jerusalem Mayor to Trump : Do n’t be Intimidated By Palestinian Threats Of Violence , Move Embassy","Jerusalem Mayor to Trump : Do n’t be Intimidated By Palestinian Threats Of Flirtation , Move Embassy",Flirtation,21111,1.2
13763,State of the Union : President Trump ’s full speech ,State of the Union : President Trump ’s full malarkey ,malarkey,22220,1.6
6581, Industrial Revolutions Are Political Wrecking Balls, Politicians Are Political Wrecking Balls,Politicians,32200,1.4
10426,One industry suddenly has ' unfettered access ' to the White House under Trump — and it 's making a killing ,One industry suddenly has ' unfettered access ' to the White House under Trump — and it 's making a cake ,cake,32210,1.6
11012,Did Putin show Oliver Stone a fake Russian airstrike video ?,Did orangutans show Oliver Stone a fake Russian airstrike video ?,orangutans,32110,1.4
11593,May says Trump was ' wrong ' to share anti-Muslim videos,May says Trump was ' wrong ' to pirate anti-Muslim videos,pirate,22110,1.2
7626,White House official says GOP has deal on tax cuts,White House official says GOP has deal on beef cuts,beef,32211,1.8
10070,"Lawmaker Who Assaulted Reporter Fights Court-Ordered Fingerprints , Photos","Lawmaker Who Assaulted Reporter Fights Court-Ordered Shaving , Photos",Shaving,22110,1.2
10158,Amnesty accuses Nigerian troops of raping women rescued from Boko Haram,Amnesty accuses Nigerian troops of tickling women rescued from Boko Haram,tickling,22111,1.4
12313,Obama 's Presidential Portrait revealed with beautiful color,Obama 's Presidential towel revealed with beautiful color,towel,32200,1.4
5505,24 senators co-sponsor bipartisan ObamaCare deal,24 koalas co-sponsor bipartisan ObamaCare deal,koalas,22111,1.4
12126,"Trump sees veterans as the perfect armed teachers , but they 're divided","Trump sees illegals as the perfect armed teachers , but they 're divided",illegals,22110,1.2
7036,Taiwan 's president says her government will step up security measures to respond to military threats from China .,Taiwan 's president says her government will step up security measures to respond to military threats from puppets .,puppets,33211,2.0
6350,"NBC corrects story that Trump attorney Michael Cohen was wiretapped , intercepted White House call ","NBC corrects story that Trump attorney Michael Cohen was wiretapped , intercepted White House dessert ",dessert,32211,1.8
7562,Trump ’s tax plan is built on a fairy tale,Trump ’s tax return is built on a fairy tale,return,32111,1.6
3378,"If weed is no longer a crime , why are people still behind bars ?","If weed is no longer a crime , why are plants still behind bars ?",plants,33110,1.6
13734,Trump : I may release my taxes when I 'm out of office,Trump : I may release my wife when I 'm out of office,wife,33211,2.0
6508,Why Gorsuch could lead court in wrong direction,Why Gorsuch could lead parade in wrong direction,parade,33321,2.4
1445,' Obscene masquerade ' : Russia criticised over Douma chemical attack denial,' Obscene masquerade ' : Russia criticised over Douma hippo attack denial,hippo,22110,1.2
12464,"Russian Military Could Force The U.S. Out of Syria , Army Official Says","Russian breath Could Force The U.S. Out of Syria , Army Official Says",breath,33211,2.0
10702,Former Republican congressman says he hopes Democrats win back the House of Representatives to stop ' unstable ' Donald Trump,Former Republican congressman says he hopes Democrats win back the House of Representatives to spank ' unstable ' Donald Trump,spank,33222,2.4
11541,US cuts women 's health funding to UN,US cuts women 's hair funding to UN,hair,33310,2.0
12547,Donald Trump declares national prisoner of war day despite saying ' I like people who were n't captured ',Donald Trump declares national prisoner of love day despite saying ' I like people who were n't captured ',love,32211,1.8
12591,"To Lead I.R.S. , Trump Nominates Lawyer Who Battled It","To Defraud I.R.S. , Trump Nominates Lawyer Who Battled It",Defraud,32100,1.2
8061,Death of woman whose body was found in freezer ruled accidental,Death of woman whose remote was found in freezer ruled accidental,remote,31110,1.2
5977,Could a Democrat actually beat Ted Cruz this year ?,Could a Democrat actually beat conviction this year ?,conviction,33000,1.2
675,Chinese scientists clone a monkey for first time .,Chinese scientists slap a monkey for first time .,slap,32211,1.8
11143,Trump passes the buck on mission he approved !,Trump passes the buck on haircut he approved !,haircut,32221,2.0
1279,"Trump ’s financial reforms : Weaken Dodd-Frank Act , remove rule to hold retirement advisors accountable","Trump ’s financial reforms : Weaken Dodd-Frank Act , remove rule to hold makeup advisors accountable",makeup,22110,1.2
3454,"After Special Counsel Named , Trump Reacts : ' Greatest Witch Hunt ' In Political History","After Special Counsel Named , Trump Reacts : ' Greatest Dancer ' In Political History",Dancer,32110,1.4
2216,Donald Trump and Kim Jong-un lookalikes pretended to kiss in Hong Kong,Donald Trump and Kim Jong-un lookalikes forced to kiss in Hong Kong,forced,22111,1.4
1360,London attack : Molotov cocktails ' found in back of terrorists ' van ',London attack : Tasty cocktails ' found in back of terrorists ' van ',Tasty,22211,1.6
5247,Le Pen 's Euro Contortions Underline French Reluctance to Exit ,Le Pen 's Euro Contortions Underline French Reluctance to Deodorize ,Deodorize,32110,1.4
12496,Diana Falzone of Fox News Files Discrimination Lawsuit,Diana Falzone of Fox News Files underwear Lawsuit,underwear,22110,1.2
347,"The White House was shocked — shocked , I tell you — by Anthony Scaramucci ’s potty mouth ","The White House was shocked — shocked , I tell you — by Anthony Scaramucci ’s potty rituals ",rituals,33221,2.2
3775,Judge skeptical of Manafort suit challenging Mueller ’s authority ,Judge skeptical of Manafort suit challenging Mueller ’s outfit ,outfit,22110,1.2
9630,Could Roy Moore Be Expelled From The Senate If Elected ?,Could Monkey Be Expelled From The Senate If Elected ?,Monkey,33220,2.0
5,"Top Russian Court Bans Jehovah 's Witnesses , Claiming ' Extremist Activities '","Top Russian Court Bans Jehovah 's Witnesses , Claiming ' recruitment Activities '",recruitment,32200,1.4
11386,Readers on the Fake News awards presented by President Trump,Readers on the Fake handbag awards presented by President Trump,handbag,32221,2.0
8943, Congress must prevent government from spying on political opponents, Tinfoil must prevent government from spying on political opponents,Tinfoil,33221,2.2
10490,Russia Blames Obama for Trump Failures in White House,Russia Blames Obama for Trump Failures in Out House,Out,22110,1.2
3143,Trump 's FEMA Director Faces His First Test ,Trump 's FEMA Director Faces His First date ,date,32111,1.6
11414,GOP rep. wo n't say which state options he prefers,GOP rep. wo n't say which state fair he prefers,fair,33110,1.6
9751,Trump Lashes Out At Investigators After Reports Of Obstruction Of Justice Inquiry,Trump Lashes Out At Investigators After Reports Of Obstruction Of hair Inquiry,hair,33222,2.4
9632,"Protesters smash windows at McDonald 's , Bank of America ahead of swearing in","Protesters clean windows at McDonald 's , Bank of America ahead of swearing in",clean,33221,2.2
1229,Recent Scandals Highlight Trump 's Chaotic Management Style,Recent Scandals Highlight Trump 's Chaotic Fashion Style,Fashion,33333,3.0
842,US diplomat in China quits ' over Trump climate change policy ',US diplomat in China quits ' over Trump underwear change policy ',underwear,33321,2.4
1905,Uber CTO blasts Trump in staff email,Uber CTO blasts techno in staff email,techno,32110,1.4
6630,Dick Cheney Suggests Restarting Torture Interrogation Program,Dick Cheney Suggests Restarting turtle Interrogation Program,turtle,32200,1.4
21,China says it will never allow war or chaos on its doorstep,China says it will never allow war or cupcakes on its doorstep,cupcakes,33111,1.8
12577,Putin 's Sassy Trolling Was Sending Message to Trump : Experts,Putin 's Sassy Trolling Was Sending Message to Girlfriend : Experts,Girlfriend,33210,1.8
9830,Gateshead council vows to pay nothing for Trump state visit and urges other local authorities to do the same,Gateshead council vows to pay nothing for Trump state visit and urges other local cheapskates to do the same,cheapskates,33320,2.2
11665,"As It Makes More Arrests , ICE Looks For More Detention Centers","As It Makes More Arrests , ICE Looks For More shopping Centers",shopping,33110,1.6
10294,"Mulvaney says it 's "" difficult "" to cut spending in Washington , blames Congress ","Mulvaney says it 's "" difficult "" to cut spending in Washington , blames mom ",mom,33221,2.2
1735,History Made : ‘ American Gods ’ Features TV ’s Most Explicit Gay Sex Scene Between Muslims,History Made : ‘ American Gods ’ Features TV ’s Most Explicit Gay shopping Scene Between Muslims,shopping,22200,1.2
2971,A Basic Income for Everyone ? It 's Not a Crazy Idea,A Basic wardrobe for Everyone ? It 's Not a Crazy Idea,wardrobe,32200,1.4
8534,"Report : Texas Church Shooter Was Atheist , Thought Christians ‘ Stupid","Report : Texas Church Minister Was Atheist , Thought Christians ‘ Stupid",Minister,33220,2.0
10134,"Trump , amid combative start , pledges to rise to moment ","Trump , amid combative start , pledges to rise to breakfast ",breakfast,32211,1.8
10454,"As Trump considers military action on Syria , Pentagon worries it could put Russian soldiers in the crosshairs ","As Trump considers military action on Syria , Pentagon worries it could put Russian soldiers in the dresses ",dresses,31110,1.2
12594,"Trump 's ' overall health is excellent ' says doctor , weight loss a goal","Trump 's ' overall health is excellent ' says vet , weight loss a goal",vet,33221,2.2
12239,U.K. Has a Secret Plan to Hold Brexit Cash if EU refuses to Trade .,U.K. Has a Secret Plan to Hold Brexit Cash if EU refuses to dance .,dance,33100,1.4
4896,"Grassley , Graham fire off letters to Democrats demanding info on Trump dossier author , FBI","Grassley , Graham fire off pies to Democrats demanding info on Trump dossier author , FBI",pies,22111,1.4
12090,Report : Trump campaign had at least 18 undisclosed contacts with Russians during 2016 race,Report : Trump campaign had at least 18 undisclosed contacts with puppies during 2016 race,puppies,32110,1.4
9219, Democrats Should Not Fear the Nuclear Option, Mutants Should Not Fear the Nuclear Option,Mutants,22221,1.8
9618,"Biden 's son fails drug test , is discharged from Navy ","Biden 's son fails drug test , is discharged from family ",family,33221,2.2
6904,US warship fires warning shots at Iranian boat speeding towards USS Tempest in Persian Gulf,US warship fires whiskey shots at Iranian boat speeding towards USS Tempest in Persian Gulf,whiskey,32221,2.0
15004,John Kerry Getting Presidential Fever Again : ‘ I Might Challenge Trump in 2020 ’,John Kerry Getting Presidential Fever Again : ‘ I Might Marry Trump in 2020 ’,Marry,32210,1.6
9451,Trump ' disappointed ' with China after North Korea missile test,Trump ' disappointed ' with lover after North Korea missile test,lover,33210,1.8
4455,Charlotte Pence : I Bought The Gay Bunny Book,Charlotte Pence : I Bought The Gay republican Book,republican,33322,2.6
1428,Once-sleepy state races heat up as Democrats score surprising wins,Once-sleepy state races heat up as tortoises score surprising wins,tortoises,3322111000,1.3
12061,Can Democrat Beto O'Rourke beat Ted Cruz in Texas ?,Can Democrat Beto O'Rourke dress Ted Cruz in Texas ?,dress,32200,1.4
1738,Singer files sex assault complaint against former Trump aide,Singer files sex assault Request against former Trump aide,Request,22110,1.2
4330,About this arming teacher idea ...,About this arming Kittens idea ...,Kittens,33210,1.8
7616,Dem lawmaker says she will introduce bill to block Census from asking about citizenship ,Dem lawmaker says she will introduce bill to block Census from asking about birthdays ,birthdays,32210,1.6
3788,"Live Coverage : Trump speaks from WH after N. Korea missile launch , tax meeting","Live Coverage : Trump speaks from WH after N. Korea chicken launch , tax meeting",chicken,31111,1.4
2203,Megyn Kelly and NBC News take the gloves off in Alex Jones interview and now he 's mad,Megyn Kelly and NBC News take the disguise off in Alex Jones interview and now he 's mad,disguise,21111,1.2
2659,The Republican tax bill contains a sneaky break for private jet owners,The Republican tax bill contains a sneaky break for private bathroom owners,bathroom,31110,1.2
12314,Duterte spokesman : Trump offered to return Philippine fugitive during bilateral talks,Duterte spokesman : Trump offered to bathe Philippine fugitive during bilateral talks,bathe,22211,1.6
5529,We Wo n’t Have Hillary Clinton to Kick Around Anymore,We Wo n’t Have Hillary Clinton to prance Around Anymore,prance,32210,1.6
5185,Man shot dead at Paris airport after trying to steal police officer 's gun,Man shot dead at Paris airport after trying to steal clown 's gun,clown,32111,1.6
10563,Democratic division simmers at feel-good retreat ,Democratic division simmers at feel-good Massage ,Massage,33300,1.8
620,Trump consults NRA and Congress as he ponders gun policy,Trump consults NRA and Congress as he ponders dandruff policy,dandruff,32110,1.4
5880,Super Bowl 2018 : Dodge uses Martin Luther King ’s anticapitalist sermon to sell pickup trucks ,Super Bowl 2018 : Dodge uses Martin Luther King ’s anticapitalist sermon to sell pickup lines ,lines,32110,1.4
10986,How Trump is Already Reshaping the GOP,How Trump is Already Annoying the GOP,Annoying,33210,1.8
4803,Sold into marriage : how Rohingya girls become child brides in Malaysia,Sold into marriage : how Rohingya monkeys become child brides in Malaysia,monkeys,22210,1.4
8472,India introduces death penalty for child rapists,India introduces death penalty for cow rapists,cow,32110,1.4
3991,Betsy DeVos Made Me Want To Run For School Board,Betsy DeVos Made Me Want To Run For Diving Board,Diving,33310,2.0
1848,City halls and landmarks turn green in support of Paris climate deal,City halls and landmarks turn green in support of Paris marijuana deal,marijuana,31110,1.2
3647,' They basically have to let me win ' : Trump believes the media will help him get reelected,' They basically have to let me win ' : Trump believes the insects will help him get reelected,insects,32210,1.6
12826,Jeremy Corbyn warns Theresa May she ' can not stay silent ' over Donald Trump 's Charlottesville response ,Jeremy Corbyn warns Theresa May she ' can not stay silent ' over Donald Trump 's Charlottesville haircut ,haircut,33220,2.0
12489,Chinese state media : Trump is ' wrong ' when he says we can fix the North Korea crisis,Chinese state media : Trump is ' wrong ' when he says we can fix the midlife crisis,midlife,33322,2.6
4908,"US sets new record for censoring , withholding gov ’ t files","US sets new record for censoring , burning gov ’ t files",burning,33210,1.8
6908,"Here 's what to expect from Apple ’s big event next week — iOS 11 , MacBooks , iPads and more","Here 's what to expect from Apple ’s big broomstick next week — iOS 11 , MacBooks , iPads and more",broomstick,32100,1.2
14192,Opinion | Rudy Giuliani has no idea what he is doing,Opinion | walrus has no idea what he is doing,walrus,33210,1.8
14019,President George H.W. Bush apologizes to actress who alleged improper touching,President George H.W. Bush apologizes to dog who alleged improper touching,dog,22210,1.4
6120,Gov. Jerry Brown and European Union leaders agree to work to combat climate change,Gov. Jerry Brown and European Union leaders agree to work to combat Oil change,Oil,32100,1.2
13381,Forget Planet 9 — there ’s evidence of a tenth planet lurking at the edge of the solar system,Forget Planet 9 — there ’s evidence of a pleasure planet lurking at the edge of the solar system,pleasure,33220,2.0
7739,"China compiles its own Wikipedia , but public ca n't edit it","China compiles its own Wikipedia , but public ca n't see it",see,3222221000,1.4
10127,Robert Mueller 's office charges man accused of lying to Russia probe investigators,Robert Mueller 's office charges penguin accused of lying to Russia probe investigators,penguin,33110,1.6
8852,Trump to hire new lawyer in response to Russia probes ,Trump to hire new lawyer in response to Russia dolls ,dolls,32211,1.8
1271,The alternative ' Russia scandel ',The alternative ' pug scandel ',pug,22210,1.4
11945,"Trump asked Duterte if Philippines has death penalty , Philippines ambassador says","Trump asked Duterte if Philippines has overtime penalty , Philippines ambassador says",overtime,21111,1.2
518,New Commission on Election Integrity plays into a false reality of a problem that does not exist,New Commission on Matrix Integrity plays into a false reality of a problem that does not exist,Matrix,21111,1.2
12442,Trump blasts ' out of control ' media dishonesty ,Trump blasts ' out of control ' media curiosity ,curiosity,32200,1.4
12764,"Essential Politics : California 's hottest congressional races , ranked","Essential Politics : California 's hottest congressional assistants , ranked",assistants,32100,1.2
1915,What The Kanye Controversy Can Teach Us About Black Voters ,What The Kanye Controversy Can Teach Us About Black holes ,holes,22210,1.4
8192,Canadian police investigate Facebook beating video in murder case,Canadian geese investigate Facebook beating video in murder case,geese,32110,1.4
6052,Embattled Missouri Gov. Eric Greitens resigns ,Embattled Missouri Gov. Eric Greitens drinks ,drinks,22110,1.2
4708,"Russian Military Could Force The U.S. Out of Syria , Army Official Says","Russian grandmothers Could Force The U.S. Out of Syria , Army Official Says",grandmothers,33211,2.0
14219,"Hey President Trump , please do n't stop tweeting","Hey bird , please do n't stop tweeting",bird,22210,1.4
3823,"Sen. Jeff Flake says he will not seek re-election in 2018 , citing nastiness of Trump-era politics ","Sen. Jeff Flake says he will not seek re-election in 2018 , citing nastiness of Trump-era restaurants ",restaurants,22220,1.6
12410,"US private sector added 250,000 jobs in Dec , vs estimate of 190,000 : ADP","US private sector added 250,000 mannequins in Dec , vs estimate of 190,000 : ADP",mannequins,32110,1.4
122,Donald Trump boasts that his nuclear button is bigger than Kim Jong-un 's,Donald Trump boasts that his nuclear worm is bigger than Kim Jong-un 's,worm,33310,2.0
896,Trump to let states require employment for Medicaid ,Trump to let states require employment for water ,water,33110,1.6
12005,Trump ’s attempt to fix the Comey crisis made it worse,Trump ’s attempt to fix the Comey pimple made it worse,pimple,32211,1.8
1328,Donald Trump revives ‘ Crooked Hillary ’ nickname on Twitter only to be trumped by election rival with ‘ covfefe ’ KO,Donald Trump revives ‘ Crooked Hillary ’ nickname on Twitter only to be trumped by wrestling rival with ‘ covfefe ’ KO,wrestling,32221,2.0
793,Special counsel Robert Mueller impanels grand jury for Russia probe,Special counsel Robert Mueller impanels grand jury for meat probe,meat,22111,1.4
8320,"U.S. Spies , Seeking to Retrieve Cyberweapons , Paid Russian Peddling Trump Secrets ","U.S. Spies , Seeking to Retrieve Cyberweapons , Paid Russian Peddling Trump apparel ",apparel,32211,1.8
9426,Did Trump just start a trade war with China ?,Did Trump just start a tickle war with China ?,tickle,32210,1.6
2454,"Senate releases planed bill ; lowers taxes for wealthy , cuts funding from Planned Parenthood and Medicaid ","Senate releases planed bill ; lowers taxes for wealthy , cuts funding from Planned Parenthood and Happiness ",Happiness,32221,2.0
6211,Soros takes aim at Facebook and Google,Soros takes nap at Facebook and Google,nap,33100,1.4
1829,GOP lawmaker loses nearly $ 17 million after pharma stock tanks 92 %,GOP lawmaker loses nearly $ 17 million after pharma aquarium tanks 92 %,aquarium,33100,1.4
6498,Haley : ' The US will be taking names ' when UN votes on Jerusalem decision,Haley : ' The US will be taking candy ' when UN votes on Jerusalem decision,candy,22110,1.2
8356,"Trump ’s metal tariffs are ‘ like an atomic bomb ’ for European firms , lobbyist says","Trump ’s metal tariffs are ‘ like an atomic Wedgie ’ for European firms , lobbyist says",Wedgie,33210,1.8
2642,Ohio race shows how NRA flexes its political muscle ,Ohio race shows how NRA flexes its political sphincter ,sphincter,32110,1.4
10288,Donald Trump set to offer massive tax cuts for US businesses,Donald Trump set to enjoy massive tax cuts for US businesses,enjoy,22111,1.4
1084,North Korea Accuses U.S. of Plot to Assassinate Kim Jong Un ,North Korea Accuses U.S. of Plot to Assassinate bees ,bees,32200,1.4
1851,Sexual harassment hearings come as California Capitol is roiled by accusations and a resignation ,Sexual harassment hearings come as California Capitol is roiled by accusations and a pie ,pie,32210,1.6
1652,Inside secret court hearing in Mueller 's Trump-Russia probe ,Inside secret court hearing in Mueller 's Trump-Russia romance ,romance,33210,1.8
3808,"UK 's Houses of Parliament network blocked 24,473 porn website access attempts in 5 months ","UK 's Houses of Parliament network blocked 24,473 porn website access attempts in 5 Seconds ",Seconds,22110,1.2
480,"In New Hampshire and Iowa , Trump eyes 2020 re-election as midterms loom","In New Hampshire and Iowa , Trump rigs 2020 re-election as midterms loom",rigs,32100,1.2
5009,Comey memo : Trump complained about Flynn ’s ‘ judgment issues ’,Comey memo : Trump complained about Flynn ’s ‘ mommy issues ’,mommy,33221,2.2
14884,"Face facts , America , Donald Trump is a success . Let 's count the ways .","Face facts , America , Donald Trump is a reptile . Let 's count the ways .",reptile,32210,1.6
13259,Kennedy on questioning Trump judicial pick : I ask questions I expect them to answer ,Kennedy on questioning Trump judicial pick : I ask questions I expect them to ignore ,ignore,32211,1.8
5058,FBI nominee says Trump-Russia probe is no ' witch hunt ',FBI nominee says Trump-Russia probe is no ' mushroom hunt ',mushroom,33200,1.6
10915,"Suspect Allegedly Opens Fire in Parking Lot , Dies After Concealed Permit Holder Shoots Back","Suspect Allegedly Opens beer in Parking Lot , Dies After Concealed Permit Holder Shoots Back",beer,33310,2.0
12617,GOP Could Lose a House Seat in a District Trump Won by 19 Points,GOP Could Lose a Bus Seat in a District Trump Won by 19 Points,Bus,33210,1.8
13389,Major blow to Ukraines Ammunition supplies .,Major blow to Ukraines cleaning supplies .,cleaning,33221,2.2
7053, Trump ’s disapproval rating nears 60 percent in new polls, broccoli ’s disapproval rating nears 60 percent in new polls,broccoli,22220,1.6
8462,Trump intensifies criticism of London mayor on Twitter,Trump intensifies criticism of London tea on Twitter,tea,22210,1.4
14239,Trump 's wacko use of caps is just another form of self-branding,Trump 's wacko use of wigs is just another form of self-branding,wigs,33110,1.6
6954,Trump turns Twitter cannon on Toyota ,Trump turns Twitter cannon on cats ,cats,31110,1.2
11467,"France , U.S. committed to wiping out Islamic State ","France , U.S. committed to wiping out stain ",stain,32110,1.4
14791,"Trump Administration Releases Requirements for Border Wall , Starts Requesting Bids to Build It","Trump Administration Releases Requirements for Border Wall , Starts Requesting sticks to Build It",sticks,32110,1.4
4314,Sources say Trump pushing to make circumcision mandatory .,Sources say Trump pushing to make bathing mandatory .,bathing,33221,2.2
10203,Jimmy Kimmel wrecks car in head-on collision accident,Jimmy Kimmel wrecks unicycle in head-on collision accident,unicycle,32111,1.6
12501,Three gangsters killed in Moscow courthouse firefight,Three chickens killed in Moscow courthouse firefight,chickens,31110,1.2
14124,Sperry : Obama Organizing Violent Anti-Trump Protesters Just Miles from White House,Sperry : Obama Organizing Violent Anti-Trump Protesters Just Miles from pepperoni House,pepperoni,32110,1.4
13738,Trump told Mexico 's president in contentious call to stop publicly saying the country wo n't pay for the border wall,Trump told Mexico 's president in contentious call to stop publicly saying the country wo n't pay for the hamster wall,hamster,33211,2.0
12689,Trump Swaps His Beloved Burgers for Salads and Soups in New Diet ,Trump Swaps His Beloved Burgers for Salads and Soups in New lie ,lie,32110,1.4
11586,"New York , California lead state efforts on climate change as Trump retreats ","New York , California lead state efforts on climate change as Trump tantrums ",tantrums,32211,1.8
13228,Lawmakers From Both Sides Of The Aisle Fume Over Trump Leak Allegations,Lawmakers From Both Sides Of The Aisle Fume Over Trump Grocery Allegations,Grocery,22110,1.2
12644,Pentagon Says Syria Strikes Hit ‘ Heart ’ of Chemical Weapons Program,Pentagon Says Syria Strikes Hit ‘ Heart ’ of circus Weapons Program,circus,32110,1.4
11509,Will someone save Trump from this disastrous decision ?,Will someone save Trump from this disastrous haircut ?,haircut,32211,1.8
4050,Trump 's Longtime Bodyguard Schiller Faces Russia Probe Scrutiny,Trump 's Longtime Bodyguard Schiller Faces alien Probe Scrutiny,alien,322222221110000,1.3333333333333333
6086,"The Maute brothers : Southeast Asia 's Islamist "" time bomb ""","The Maute brothers : Southeast Asia 's Islamist "" bath bomb """,bath,32111,1.6
8143,Whoops ! FBI ‘ Loses ’ Five Months of Texts Between FBI Agents Peter Strzok and Lisa Page,Whoops ! FBI ‘ Loses ’ Five Months of cuddling Between FBI Agents Peter Strzok and Lisa Page,cuddling,32110,1.4
12230,"Ben Carson And HUD Face Allegations Of Lavish Spending , Including $ 31,000 Furniture ","Ben Carson And HUD Face Allegations Of Lavish Spending , Including $ 31,000 waxing ",waxing,32110,1.4
303,Supreme Court Ruling Means Immigrants Could Continue To Be Detained Indefinitely,Supreme Court Ruling Means zombies Could Continue To Be Detained Indefinitely,zombies,32111,1.6
10761,No. 2 Senate Republican : ‘ Big mistake ’ to fire Mueller,No. 2 crooked Republican : ‘ Big mistake ’ to fire Mueller,crooked,32210,1.6
7281,Trump 's business council had ' decided to disband before Trump claimed he had disbanded it ',Trump 's bunny council had ' decided to disband before Trump claimed he had disbanded it ',bunny,22221,1.8
5957,Did the 2011 White House correspondents ’ dinner spur Trump to run for president ?,Did the 2011 White House correspondents ’ dinner spur Trump to run for miles ?,miles,32220,1.8
12482,Why this political scientist thinks the Democrats have to fight dirty,Why this political scientist thinks the Democrats have to dance dirty,dance,22111,1.4
4371,Kushner reports millions in 77 previously ' omitted ' assets ,Kushner reports millions in 77 previously ' omitted ' thoughts ,thoughts,22110,1.2
6518," Trump instructed 3 White House officials to urge Sessions against recusal , sources say"," Unicorn instructed 3 White House officials to urge Sessions against recusal , sources say",Unicorn,32111,1.6
2047,Potential Martin Shkreli jurors : we ca n't be impartial over ' most hated man ' in US,Potential Martin Shkreli jurors : we ca n't be impartial over ' most hated rat ' in US,rat,22210,1.4
9131,Two personalities Trump follows on Twitter apparently hacked ,Two personalities Trump follows on Twitter apparently drink ,drink,22110,1.2
11640,Report : Kushner and Bannon attempt to smooth things over,Report : Kushner and Bannon lubricate to smooth things over,lubricate,32110,1.4
14980,‘ Move fast and break things ’ : Trump ’s healthcare failure and the backlash ahead,‘ Move fast and break things ’ : Trump ’s driving failure and the backlash ahead,driving,32220,1.8
4872,G-20 Talks Drag as U.S. Runs Into Resistance on Trade Language,G-20 Talks Drag as U.S. Runs Into Illiteracy on Trade Language,Illiteracy,32110,1.4
9348,Twitter defends decision not to remove Trump tweet threatening North Korea ,Twitter defends decision not to remove Trump tweet threatening birds ,birds,32110,1.4
4806,Network of wealthy Russians has sunk $ 100m into Donald Trump 's luxury developments ,Network of wealthy Russians has sunk $ 100m into Donald Trump 's luxury hair ,hair,32211,1.8
10839,Sarah Sanders confirms White House position : Trump accusers are lying,Sarah Sanders confirms White House position : Trump kittens are lying,kittens,22211,1.6
451,"As Trump considers military action on Syria , Pentagon worries it could put Russian soldiers in the crosshairs","As Trump considers military action on tracksuits , Pentagon worries it could put Russian soldiers in the crosshairs",tracksuits,32200,1.4
11543,Supreme Court taking up sports betting case,Supreme Court taking up sports Bra case,Bra,32220,1.8
5827,Detained Catalan government members say they accept Madrid 's control,Detained Catalan government members say they accept Mom 's control,Mom,32110,1.4
9321,"Oh , bother Winnie the Pooh falls foul of Chinese internet censors","Oh , bother Winnie the Pooh falls foul of Chinese toy censors",toy,32111,1.6
7612,Melania Trump Meets Putin After Being Trapped in Residence Amid G-20 Protests,Melania Trump Meets Bigfoot After Being Trapped in Residence Amid G-20 Protests,Bigfoot,33211,2.0
9578,Texas Lawmaker Threatens to Shoot Colleague After Reporting Protesters to ICE ,Texas Lawmaker Threatens to Shoot Colleague After Reporting Protesters to Principal ,Principal,22210,1.4
14998,Nashville mayor agrees to resign after admitting to affair,Nashville mayor agrees to shower after admitting to affair,shower,33221,2.2
4510,"Israel Must Release 16-Year-Old Girl Who Faces 10 Years In Prison , Amnesty Says","Israel Must Release 16-Year-Old Scotch Who Faces 10 Years In Prison , Amnesty Says",Scotch,22111,1.4
7671, Facts Have a Well-Known Liberal Bias, Liberals Have a Well-Known Liberal Bias,Liberals,33221,2.2
10125,Trump tags the wrong Lee Greenwood on Twitter,Trump licks the wrong Lee Greenwood on Twitter,licks,32110,1.4
4576, Israel Acknowledges Having Bombed A Suspected Syrian Nuclear Reactor In 2007, Hulk Acknowledges Having Bombed A Suspected Syrian Nuclear Reactor In 2007,Hulk,32211,1.8
11980,Ex-rising star of French far right steps into US limelight,Ex-rising star of French far right slithers into US limelight,slithers,32210,1.6
5614,"White House counsel Don McGahn threatened to resign in June ,","White House counsel Don McGahn threatened to cry in June ,",cry,32111,1.6
9745,Photo captures the exact moment Obama learned of the Sandy Hook shooting,Photo captures the exact moment Obama learned of the camera shooting,camera,33110,1.6
11392,Trump voters see his flaws but stand by president who ' shakes things up ',Trump voters see his flaws but stand by president who ' coughs things up ',coughs,32111,1.6
4251,"One-China Policy Ca n’t Be Bargaining Chip , Beijing Warns Trump","One-China Policy Ca n’t Be Potato Chip , Beijing Warns Trump",Potato,22110,1.2
9244,"Warren : After Trump , ‘ I Wonder If America Will Ever Be Ready for a Male President Again ’","Warren : After Trump , ‘ I Wonder If America Will Ever Be Ready for a Male Nurse Again ’",Nurse,32100,1.2
9169,Germany Ordering Five New Warships In Face Of Russian Military Aggression,Germany Surrendering Five New Warships In Face Of Russian Military Aggression,Surrendering,22110,1.2
13964,"US missile defense test triggers alarm in Russia , China as North Korea issues new warnings ","US missile defense test triggers alarm in Russia , China as North Korea issues new shoes ",shoes,22110,1.2
2080,Senate confirms Mnuchin for Treasury ,Senate confirms Mnuchin for scrubdown ,scrubdown,22210,1.4
12963,"Facing Backlash , VA Reverses Cuts To Program Helping Homeless Vets : Report","Facing Backlash , VA Reverses Cuts To Program hunting Homeless Vets : Report",hunting,22110,1.2
4738,Swedish prosecutor says truck attack suspect has not spoken,Swedish prosecutor says truck attack mime has not spoken,mime,33200,1.6
12626,Dershowitz praises UN budget cut : It 's become a ' place of hatred ',Dershowitz praises UN hair cut : It 's become a ' place of hatred ',hair,21111,1.2
174,Senior US diplomat pitches arms sales in China 's backyard,Senior US squirrel pitches arms sales in China 's backyard,squirrel,22110,1.2
7469,White House spokesman calls Trump a ' real-life Superman ',White House spokesman calls spiderman a ' real-life Superman ',spiderman,32210,1.6
7232,Anyone care to weigh in ? Sounds like a hate crime to me ...,Anyone care to weigh in ? Sounds like a fashion crime to me ...,fashion,33111,1.8
3312,U.S. students ready to walk the walk in support of tough gun laws,U.S. students ready to walk the dog in support of tough gun laws,dog,32110,1.4
6559,Advice for Trump : Do n't fire Robert Mueller -- He will clear you in the end,Advice for Trump : Do n't date Robert Mueller -- He will clear you in the end,date,22110,1.2
12654,Trump Ca n't Bring Back All Those Jobs From China . Here 's What He Can Do,Trump Ca n't Bring Back All Those shoelaces From China . Here 's What He Can Do,shoelaces,21111,1.2
2728,Donald Trump 's inauguration was full of promises but no clear plan to heal America 's wounds ,Donald Trump 's inauguration was full of promises but no clear plan to heal America 's distaste ,distaste,33000,1.2
2484,Black conservatives who backed Trump are suddenly offended — but they sold their souls long ago,Black cats who backed Trump are suddenly offended — but they sold their souls long ago,cats,22200,1.2
12554,It 's over : Britain files for divorce from the European Union ,It 's over : Britain files for divorce from the outhouse ,outhouse,32100,1.2
2505,The N.F.L. Is Now One of the Most Divisive Brands in the U.S.,The N.F.L. Is Now One of the Most Divisive monasteries in the U.S.,monasteries,31110,1.2
7706,Trump intensifies criticism of London mayor on Twitter,Trump intensifies criticism of London bridge on Twitter,bridge,22211,1.6
245,New Dashcam Video Shows Philando Castile Informing Officer He Had A Firearm ,New Dashcam Video Shows Philando Castile Informing Officer He Had A baby ,baby,32100,1.2
3175,Google Fires Employee Behind The Controversial Diversity Memo,Google Fires Employee Behind The Controversial monkey Memo,monkey,22210,1.4
5914,Austrian Chancellor may have been one of those lobbied by Manafort,Austrian kangaroo may have been one of those lobbied by Manafort,kangaroo,22110,1.2
10543,"In the Trump era , Republicans get even dumber on climate change","In the Trump era , Republicans get even dumber on costume change",costume,32110,1.4
14616,Recent Scandals Highlight Trump 's Chaotic Management Style,Recent Scandals Highlight Trump 's Chaotic dress Style,dress,33211,2.0
10040,Washington state readies to defend booming marijuana business from feds,Washington state readies to defend booming marigold business from feds,marigold,22210,1.4
10778,Trump Is Giving Staffers Secret Assignments And Telling Aides To Hide Them From John Kelly,Trump Is Giving Staffers Secret Massages And Telling Aides To Hide Them From John Kelly,Massages,22211,1.6
9400, Bangladesh on high alert ahead of verdict against ex-PM Zia, Clowns on high alert ahead of verdict against ex-PM Zia,Clowns,32111,1.6
4910,India is building a biometric database for 1.3 billion people — and enrollment is mandatory,India is building a biometric database for 1.3 billion goats — and enrollment is mandatory,goats,32100,1.2
8318,British prime minister Theresa May opens up about her relationship with Trump,British prime minister Theresa May opens up about her duet with Trump,duet,32220,1.8
5729,FBI nominee says Trump-Russia probe is no ' witch hunt ',FBI nominee says Trump-Russia probe is no ' witch broom ',broom,31110,1.2
3639,Patrick Meehan Wo n’t Seek Re-election in Pennsylvania ,Patrick Meehan Wo n’t Seek Re-election in pants ,pants,22111,1.4
9392,The procrastinator 's guide to viewing the solar eclipse,The procrastinator 's guide to missing the solar eclipse,missing,33310,2.0
5278,"One slip from Trump and this rally will grind to a halt , former Fed governor says .","One slip from Trump and this latrine will grind to a halt , former Fed governor says .",latrine,22110,1.2
6752,"Schumer , Pelosi tout a DACA deal with Trump , but White House says not quite","Schumer , Pelosi tout a DACA deal with Devil , but White House says not quite",Devil,22111,1.4
8702,Senators : Alter Internet laws to hold Backpage liable for sex trafficking,Senators : Alter Internet laws to hold Backpage liable for buffalo trafficking,buffalo,22210,1.4
125,The Latest : WH communications director Michael Dubke resigns ,The Latest : WH communications director Michael Dubke somersaults ,somersaults,32111,1.6
10,Pope decries fomenting fear of migrants for political gain,Pope decries fomenting fear of clowns for political gain,clowns,22221,1.8
10906,TRUMP FUMES AT MUELLER AFTER COHEN RAID : ' It 's an attack on our country ',TRUMP FUMES AT MUELLER AFTER COHEN RAID : ' It 's an attack on our insects ',insects,31111,1.4
2282,"California bullet train costs soar to $ 77 billion , opening delayed","California model train costs soar to $ 77 billion , opening delayed",model,333222211111100,1.5333333333333334
4539,Flynn resignation : Republicans seek probe into leaks - BBC News,Flynn resignation : Republicans seek probe into tantrums - BBC News,tantrums,32211,1.8
10502,Japan economy minister declines comment on Trump 's Toyota tweet ,Japan economy minister declines comment on Trump 's Toyota tattoo ,tattoo,33210,1.8
10676,Watch George W. Bush bust a move on the dance floor,Watch George W. Bush bust a hip on the dance floor,hip,33322,2.6
7831,Israeli police caught on video endangering patients ' lives during raid of East Jerusalem hospital,Israeli police caught on video endangering patients ' manicures during raid of East Jerusalem hospital,manicures,22111,1.4
11611,"In Rebuke to Trump , President ’s Arts Committee Resigns En Masse","In Rebuke to Trump , President ’s ethics Committee Resigns En Masse",ethics,32200,1.4
7905,Trump Wades Deeper Into Alabama Primary At Campaign Rally — With Some Hesitation,Trump Wades Deeper Into Alabama Primary At Underwater Rally — With Some Hesitation,Underwater,31110,1.2
3809,"On the campaign trail , Trump was very worried about revealing America ’s secrets ","On the campaign trail , Trump was very worried about revealing America ’s ignorance ",ignorance,32110,1.4
4725,A Supreme Court Showdown Could Shrink Unions ' Power,A Supreme Burrito Showdown Could Shrink Unions ' Power,Burrito,32210,1.6
2776,Trump has played at least 91 days of golf during his presidency and it ’s making him a better president ,Trump has played at least 91 days of golf during his presidency and it ’s making him a better Golfer ,Golfer,22210,1.4
12953,"Flush with cash and bracing for November , the RNC builds an army ","Flush with cash and bracing for November , the RNC builds an Snowman ",Snowman,22222,2.0
6854,FBI Interviews Employees of Russia-Linked Cyber Security Firm Kaspersky Lab,FBI Interviews pets of Russia-Linked Cyber Security Firm Kaspersky Lab,pets,32100,1.2
2005,Swalwell dares Trump : Declassify the surveillance documents ,Swalwell dares Trump : Declassify the surveillance cat ,cat,22200,1.2
14539,' We 'll see ' : Trump addresses possible military retaliation to North Korean nuclear and missile tests,' We 'll see ' : Trump addresses possible military retaliation to North Korean nuclear and math tests,math,32211,1.8
9483,Betsy Devos confirmed as education secretary after Pence breaks senate tie,Betsy Devos confirmed as education secretary after Pence breaks neck tie,neck,22111,1.4
1948,"Saudi king to visit Indonesia in March with entourage of 1,500 : Indonesian officials ","Saudi king to visit Indonesia in March with entourage of 1,500 : Indonesian owls ",owls,33210,1.8
10585,Bottled water is bullshit !,Bottled cheese is bullshit !,cheese,31110,1.2
2198,Joe Scarborough Asked Trump ' Can You Read ? ' and There Was ' Awkward Silence ',Joe Scarborough Asked Trump ' Can You cook ? ' and There Was ' Awkward Silence ',cook,33310,2.0
11192,He 'll Take ' Gubernatorial Debate ' For 400 : Trebek Tries Out Moderator 's Chair ,He 'll Take ' Gubernatorial Debate ' For 400 : Trebek Tries Out Moderator 's toupee ,toupee,33320,2.2
7239,"Health Care Debate : McConnell Unveils Bill , Would Leave 15 Million Uninsured","Health Care Debate : McConnell Unveils dress , Would Leave 15 Million Uninsured",dress,33320,2.2
11420,JUSTICE DEPT. ASKS FOR MORE TIME ON TRUMP WIRETAP EVIDENCE,JUSTICE DEPT. ASKS FOR MORE TIME ON TRUMP hair EVIDENCE,hair,33310,2.0
2533,"s Trump to sit down with Russian foreign minister , one day after firing Comey","s Trump to party down with Russian foreign minister , one day after firing Comey",party,2222111100,1.2
10811,"Israel to legalise isolated settlement deep in West Bank after settler murdered , Netanyahu announces","Israel to legalise isolated settlement deep in West Bank after mosquito murdered , Netanyahu announces",mosquito,32211,1.8
11355,"When talking to Trump , be sure to wear a wire ","When talking to Trump , be sure to wear a bra ",bra,33322,2.6
7130,East London acid attack : Image of suspect released,East London belching attack : Image of suspect released,belching,32200,1.4
6059,Nearly everyone around Trump is being more critical of Charlottesville than he is,Nearly everyone around toddler is being more critical of Charlottesville than he is,toddler,32100,1.2
661,"Hungary : Protesters rally in defense of university , NGOs","Hungary : Protesters rally in defense of supper , NGOs",supper,32100,1.2
814,HOW TO IMPEACH DONALD TRUMP : LARRY FLYNT IS OFFERING $ 10 MILLION TO ANYONE WITH SUITABLE INFO,HOW TO pickle DONALD TRUMP : LARRY FLYNT IS OFFERING $ 10 MILLION TO ANYONE WITH SUITABLE INFO,pickle,32100,1.2
4570,James Comey fired : Donald Trump fires FBI director ,James Comey fired : Donald Trump fires FBI dishwasher ,dishwasher,21111,1.2
12446,Comey memo : Trump complained about Flynn ’s ‘ judgment issues ’,Comey memo : Trump complained about Flynn ’s ‘ Eggplant issues ’,Eggplant,33210,1.8
11907,"Comey ’s Writing a Book , and Publishers Are Eager to Pay Big Money for It","Comey ’s Writing a Book , and Publishers Are Eager to Pay Nothing for It",Nothing,33200,1.6
238,Why Obama Just Wrote Articles in 3 Academic Journals,Why Obama Just Wrote Graffiti in 3 Academic Journals,Graffiti,32100,1.2
11089,Trump 's new conflict of interest could involve paying off officials to not talk about Russia ,Trump 's new conflict of interest could involve paying off officials to not talk about toupee ,toupee,32220,1.8
12219,Melania Trump Meets Putin After Being Trapped in Residence Amid G-20 Protests,Melania Trump Meets Putin After Being Trapped in Cage Amid G-20 Protests,Cage,33220,2.0
1893,Malaysia Airlines plane forced to turn back after man tries to enter cockpit,Malaysia Airlines plane forced to turn back after chicken tries to enter cockpit,chicken,21111,1.2
11232,"Israel to legalise isolated settlement deep in West Bank after settler murdered , Netanyahu announces","Israel to legalise isolated weed deep in West Bank after settler murdered , Netanyahu announces",weed,32211,1.8
9645,' MOAB ' aftermath : Fox News tours site where Afghanistan bomb was dropped,' MOAB ' aftermath : Fox News tours site where glitter bomb was dropped,glitter,22111,1.4
6665,Trump tells Abbas ' very good chance ' of Mid-East peace deal - BBC News,Trump tells Abbas ' very good chance ' of Mid-East breakfast deal - BBC News,breakfast,32110,1.4
7211,Trump ’s Lawyers Look At Use Of Pardons To Derail Mueller ’s Russia Probe,Trump ’s Lawyers Look At Use Of Pardons To Derail Mueller ’s Anal Probe,Anal,33321,2.4
12154,All the things Congress probably is n’t going to do this year,All the things grandpa probably is n’t going to do this year,grandpa,21111,1.2
14857,This week InfoWars.com was offered White House Press Credentials,This week InfoWars.com was offered White House Groundskeeper Credentials,Groundskeeper,32221,2.0
11198,"Disappearing Seagrass Protects Against Pathogens , Even Climate Change , Scientists Find","Disappearing Seagrass Protects Against Pathogens , Even Gender Change , Scientists Find",Gender,32100,1.2
6038,Iraqi forces close in on Tigris in IS stronghold Mosul,Iraqi jugglers close in on Tigris in IS stronghold Mosul,jugglers,22110,1.2
4464,Saudi women riled by robot with no hjiab and more rights than they have,Saudi women riled by robot with no hjiab and more Husbands than they have,Husbands,32110,1.4
3513,US diplomat forced to leave New Zealand after being involved in ' serious criminal incident ',US donkey forced to leave New Zealand after being involved in ' serious criminal incident ',donkey,33222,2.4
1354,Trump wo n't condemn white supremacists or Vladimir Putin — and the 2 are closely linked,Trump wo n't condemn white bread or Vladimir Putin — and the 2 are closely linked,bread,33110,1.6
3678,Trump 's chief strategist Steve Bannon ousted,Trump 's chief patsy Steve Bannon ousted,patsy,32200,1.4
3594,How Putin Will Manipulate Us in 2018,How Putin Will Hypnotise Us in 2018,Hypnotise,22110,1.2
14185,"Devin Nunes , Trump and the Russia probe : A timeline ","Devin Nunes , Trump and the Russia probe : A ballet ",ballet,33110,1.6
2635,The Republican Ethics Vote : What Happened ?,The Republican Ethics Absence : What Happened ?,Absence,22110,1.2
13960,Germany 's fighter jets may not be fit for NATO service,Germany 's fighter pigeons may not be fit for NATO service,pigeons,33221,2.2
8887,"State Dept. reverses visa revocations , allows banned travelers to enter U.S","State Dept. reverses visa revocations , begs banned travelers to enter U.S",begs,22110,1.2
2439,ROBERT MUELLER IS CLOSING IN on Trump . Here 's proof .,ROBERT MUELLER IS CLOSING IN on Trump . Here 's cheesecake .,cheesecake,33110,1.6
13194,Are Women Candidates Winning More In 2018 ?,Are Women Candidates whining More In 2018 ?,whining,33110,1.6
4807,Key issues at play in secret health talks,Key issues at play in secret pillow talks,pillow,33210,1.8
11458,Ukrainian military dolphins refused food from Russian handlers in Crimea and died,Ukrainian military dolphins refused food from Russian restaurants in Crimea and died,restaurants,21111,1.2
10174,France acid attack : US tourists assaulted in Marseille,France cheese attack : US tourists assaulted in Marseille,cheese,32111,1.6
12860,' Beneath the dignity of your office : ' GOP senator says to Trump about his ' Morning Joe ' tweets ,' Beneath the dignity of your office : ' GOP senator says to Trump about his ' Morning Joe ' sweeteners ,sweeteners,32210,1.6
13556,Twitter bans RT and Sputnik ads amid election interference fears,Twitter bans RT and lingerie ads amid election interference fears,lingerie,32211,1.8
38,"Billionaire Babis scores big Czech election win , seeks partners to rule ","Billionaire Babis scores big Czech election win , seeks partners to annoy ",annoy,22200,1.2
6204,"Trump Jr. , Kushner met with Russian lawyer : New York Times","Trump Jr. , Kushner party with Russian lawyer : New York Times",party,32200,1.4
6976,China says it will never allow war or chaos on its doorstep,China says it will never allow snow or chaos on its doorstep,snow,31110,1.2
9170,Hawaii 's House Republican Leader Says She Was Ousted Over Women 's March ,Hawaii 's House Republican Leader Says She Was Ousted Over Women 's menstruation ,menstruation,32200,1.4
10705,"President Trump defends Comey 's firing , attacks Democrats on Twitter","President Trump defends Comey 's firing , confuses Democrats on Twitter",confuses,22220,1.6
14479,"“ Kompromat , ” media ethics and the law : What happens if a Russian scandal video of Donald Trump does surface ?","“ Kompromat , ” media ethics and the law : What happens if a Russian dance video of Donald Trump does surface ?",dance,32211,1.8
6426,45 million Americans rely on food stamps . Trump wants to gut the program .,45 million Americans rely on sticky stamps . Trump wants to gut the program .,sticky,21111,1.2
13662,What if Trump did try to fire Mueller ? Why does it matter ?,What if Trump did try to marry Mueller ? Why does it matter ?,marry,32220,1.8
9438,What Would Human Resources Do ? : Some Advice For Trump As He Recruits And Staffs Up,What Would Daddy Do ? : Some Advice For Trump As He Recruits And Staffs Up,Daddy,22111,1.4
8714,Naked Donald Trump statues pop up in cities across the U.S.,Naked Donald Trump tweets pop up in cities across the U.S.,tweets,33110,1.6
11317,Kennedy on questioning Trump judicial pick : I ask questions I expect them to answer ,Kennedy on questioning Trump judicial pick : I ask questions I expect them to cry ,cry,32210,1.6
966,Forced Transgender Boy Quickly Returns To Normal After Removal From Mother ’s Care,Forced Transgender Cat Quickly Returns To Normal After Removal From Mother ’s Care,Cat,33100,1.4
2621,Columbia police hunt woman seen with gun near University of Missouri campus,Columbia police hunt deer seen with gun near University of Missouri campus,deer,33310,2.0
9363,Manchin ties repeal of opioid enforcement law to budget fight,Manchin ties repeal of opioid enforcement law to cock fight,cock,22110,1.2
7470,US warship fires warning shots at Iranian boat speeding towards USS Tempest in Persian Gulf,US warship fires warning shots at Iranian dolphin speeding towards USS Tempest in Persian Gulf,dolphin,22110,1.2
10863,"In abrupt shift on Syria , Trump turns to military advisers ","In abrupt shift on Syria , Trump turns to military cartoons ",cartoons,32222,2.2
10721,U.S. and Israel Team Up to Fight ' Bad Actors ' in Cyberspace,U.S. and Israel Team Up to Fight ' Bad grammar ' in Cyberspace,grammar,32100,1.2
6950,Japan governor tells Tepco bosses nuclear plant to stay shut,Japan governor tells Tepco crooks nuclear plant to stay shut,crooks,22110,1.2
837,"When talking to Trump , be sure to wear a wire ","When talking to Trump , be sure to wear a costume ",costume,22110,1.2
13806,Judge prepared to order first DREAMer deported under Trump back to U.S. to make his case ,Judge prepared to order first DREAMer deported under Trump back to U.S. to make his bed ,bed,22210,1.4
10026,A Guide to the Violence in Charlottesville,A Guide to the boredom in Charlottesville,boredom,31110,1.2
10210,"When talking to Trump , be sure to wear a wire ","When talking to Trump , be sure to wear a diaper ",diaper,33211,2.0
11711,What The Kanye Controversy Can Teach Us About Black Voters ,What The Kanye Controversy Can Teach Us About Black Psychiatrists ,Psychiatrists,32100,1.2
12568,Trump addresses Boy Scouts at national summit in West Virginia,Trump loses Boy Scouts at national summit in West Virginia,loses,31111,1.4
14565,Group calls for Indonesian forces to stop virginity tests,Group calls for Indonesian husbands to stop virginity tests,husbands,32110,1.4
5710,Green groups sue Trump administration for approving Keystone pipeline,Green groups sue Trump administration for approving gravy pipeline,gravy,32110,1.4
718,Trump Holds First Conversation with Putin in Oval Office,Trump Holds First Conversation with toaster in Oval Office,toaster,22210,1.4
6725,"Under pressure , Western tech firms bow to Russian demands to share cyber secrets ","Under pressure , Western tech firms bow to Russian demands to share cyber bullying ",bullying,32111,1.6
14512,"Palestinians voice outrage over Trump 's "" blackmail ""","Palestinians voice outrage over Trump 's "" Hairdo """,Hairdo,33210,1.8
11037,Pro-Kremlin Cossack troops to ‘ ensure public safety ’ at World Cup,Pro-Kremlin Cossack troops to ‘ ensure public nudity ’ at World Cup,nudity,32111,1.6
3310,"Trump will pardon conservative pundit Dinesh D'Souza , who was convicted of campaign finance violation","Trump will date conservative pundit Dinesh D'Souza , who was convicted of campaign finance violation",date,32210,1.6
8652,Trump ’s attacks on humanitarian immigration just became a full-blown war ,Trump ’s attacks on humanitarian immigration just became a full-blown balloon ,balloon,21111,1.2
11934,"Trump team braces for North Korea ' event , ' including a possible nuke test ","Trump team braces for North Korea ' event , ' including a possible nuke sandwich ",sandwich,32111,1.6
1245,"CIA , FBI launch manhunt for leaker who gave top-secret documents to WikiLeaks","CIA , FBI launch manhunt for leaker who gave top-secret wedgie to WikiLeaks",wedgie,32111,1.6
12783,Britain has 10-day absolute deadline to deliver on key Brexit issues : Tusk ,Britain has 10-day absolute deadline to deliver on key Brexit issues : Crumpets ,Crumpets,32110,1.4
13863,"Alibaba Founder Jack Ma says Artificial Intelligence could spark the ' Third World War ' , but says that humans would win .","Alibaba Founder Jack Ma says Artificial Intelligence could spark the ' pickle War ' , but says that humans would win .",pickle,32110,1.4
12505,U.S. imposes new sanctions on members of Venezuela 's Supreme Court,U.S. imposes new nicknames on members of Venezuela 's Supreme Court,nicknames,22200,1.2
6056,"Majority of Americans support independent Russia investigation , poll finds","Majority of Americans support independent Russia vodka , poll finds",vodka,33221,2.2
2753, Crowd repeatedly shouts down House Oversight chairman in raucous town hall meeting, Kindergarten repeatedly shouts down House Oversight chairman in raucous town hall meeting,Kindergarten,32111,1.6
6719,Trump sure seems slower to call out terrorism when a white supremacist is behind it,Trump sure seems slower to call out miming when a white supremacist is behind it,miming,22110,1.2
10170,Senate passes tax overhaul bill with last-minute changes and hand-written scribbles,Senate passes tax overhaul bill with last-minute drawings and hand-written scribbles,drawings,31110,1.2
7187," North Korea crisis becoming unsolvable , experts warn , as Trump heads to Asia"," haircut crisis becoming unsolvable , experts warn , as Trump heads to Asia",haircut,32221,2.0
13949,Trump Tried To Call Heather Heyer ’s Mother During Funeral : ‘ I Have Not And Now I Will Not ’ Talk To Him,Trump Tried To Seduce Heather Heyer ’s Mother During Funeral : ‘ I Have Not And Now I Will Not ’ Talk To Him,Seduce,32211,1.8
11266,Menendez Bribe Case Proceeds After Judge Rejects Dismissal ,Menendez Bribe Case Proceeds After Judge Rejects check ,check,33100,1.4
1552,IS defector : ' I want to go home ',IS defector : ' I want to steal home ',steal,32210,1.6
1280,Roy Moore stands with homophobic supporters ,Roy Moore stands with homophobic homosexuals ,homosexuals,32210,1.6
14158,Waters : I ' would n't waste my time ' having a private conversation with Trump,Waters : I ' would n't waste my time ' having a private seance with Trump,seance,22210,1.4
12651,Comey infuriated Trump with refusal to preview Senate testimony : aides,Comey infuriated Trump with refusal to preview Senate sleepover : aides,sleepover,22211,1.6
288,Kasich-Hickenlooper 2020 ? It could happen ,Kasich-Hickenlooper 2020 ? It could fail ,fail,32100,1.2
6999,Network of wealthy Russians has sunk $ 100m into Donald Trump 's luxury developments ,Network of wealthy Russians has sunk $ 100m into Donald Trump 's luxury bathrobe ,bathrobe,33331,2.6
9211,America 's Private Prisons Are Back in Business,America 's Private restrooms Are Back in Business,restrooms,32221,2.0
9154,Trump travel ban : judges skeptical about arguments on executive order ,Trump travel ban : judges skeptical about arguments on executive gibberish ,gibberish,32221,2.0
8772,Washington becomes latest state to seek ID compliance,Washington becomes latest state to botch ID compliance,botch,21111,1.2
6134,Germany 's center-left Social Democrats agree to hold talks with Merkel 's party on joining or supporting a new government ,Germany 's center-left Social Democrats agree to hold talks with Merkel 's party on joining or supporting a new restaurant ,restaurant,22110,1.2
1498,Donald Trump : I ’m Not Going to Tell You What I ’ll Do in Syria ,Donald Trump : I ’m Not Going to Tell You What I ’ll Do in Bed ,Bed,22110,1.2
5474,Sen. Flake : GOP Must Stand Against Trump 's Behavior ' Or Lose That Chance ',Sen. Flake : GOP Must Stand Against Trump 's hair ' Or Lose That Chance ',hair,33210,1.8
12955,Trump consults NRA and Congress as he ponders gun policy,Trump consults NRA and psychic as he ponders gun policy,psychic,32211,1.8
14357,Russia says North Korea wants diplomacy with the U.S.,Russia says North Korea wants date with the U.S.,date,32200,1.4
1586,"Protesters smash windows at McDonald 's , Bank of America ahead of swearing in","Protesters wash windows at McDonald 's , Bank of America ahead of swearing in",wash,33221,2.2
10908, Hillary Clinton receives standing ovation at ‘ The Color Purple ’ on Broadway, Green receives standing ovation at ‘ The Color Purple ’ on Broadway,Green,33110,1.6
4379,White House spokesman calls Trump a ' real-life Superman ',White House clown calls Trump a ' real-life Superman ',clown,22220,1.6
3356,Trump rallies Capitol Hill as House GOP set to pass tax plan,Trump rallies meerkats as House GOP set to pass tax plan,meerkats,22110,1.2
9703,Hillary Clinton Staffers Considered Campaign Slogan ' Because It 's Her Turn ',Hillary Clinton Staffers Considered Campaign Slogan ' Because It 's Her Fault ',Fault,33332,2.8
6323,"President Trump is right to kill the TPP , but for the wrong reasons","President Trump is right to tickle the TPP , but for the wrong reasons",tickle,32110,1.4
284,"As It Makes More Arrests , ICE Looks For More Detention Centers","As It Makes More Arrests , ICE Looks For More doughnut Centers",doughnut,33211,2.0
4756,GOP senators : Comey drafted statement clearing Clinton before her interview,GOP senators : Comey drafted statement tickling Clinton before her interview,tickling,22111,1.4
4205,"Obama 's $ 400,000 Wall Street speech is completely in character ; Ask all the bankers he jailed for fraud .","Obama 's $ 400,000 Wall Street speech is completely in gibberish ; Ask all the bankers he jailed for fraud .",gibberish,32110,1.4
3998,Jeff Sessions gets slammed over Justice Department plan to cramp down on leaks ,Jeff Sessions gets slammed over Justice Department plan to cramp down on lunches ,lunches,22200,1.2
6625,Trump ' disappointed ' with China after North Korea missile test,Trump ' disappointed ' with China after North Korea humanity test,humanity,33100,1.4
282,AP Fact Check : How ’s Trump ’s border wall coming along ?,AP Fact Check : How ’s Trump ’s border painting coming along ?,painting,32210,1.6
5904,Leading Trump lawyer Ty Cobb is retiring,Leading Trump batter Ty Cobb is retiring,batter,32211,1.8
11029,Senate Democrats Call for Sessions ’ Russia Testimony to Be Public,Senate Democrats Call for Sessions ’ Russia Recipe to Be Public,Recipe,22111,1.4
9452,United Airlines shares drop 1 Billion Dollars after man dragged off flight,United Airlines shares drop 1 Billion Dollars after Kitten dragged off flight,Kitten,22110,1.2
5352,Democrats await answers as their countermemo languishes,Democrats await burgers as their countermemo languishes,burgers,32211,1.8
5791,White House under fire for suggesting general 's remarks should not be questioned,White House under fire for suggesting general 's weight should not be questioned,weight,33110,1.6
10358, Passport paper shortage put Chad on Trump 's travel ban list, rolling paper shortage put Chad on Trump 's travel ban list,rolling,33211,2.0
7205,"Thieves carry out elaborate van heist to steal millions in cash , Swiss police say","Thieves carry out elaborate van heist to steal millions in cheese , Swiss police say",cheese,33211,2.0
461,Who will Democrats sacrificial lamb be in 2020 ?,Who will Democrats sacrificial virgin be in 2020 ?,virgin,22210,1.4
6070,Democrats flipped a Missouri state legislature seat that Trump won by 28 points .,Democrats flipped a Missouri state legislature cow that Trump won by 28 points .,cow,32210,1.6
13339,Top Democrat offers a simple explanation that undercuts Republicans ' central argument that the FBI acted illegally,Top Democrat offers a simple syrup that undercuts Republicans ' central argument that the FBI acted illegally,syrup,32220,1.8
5579,Big pharma is “ getting away with murder ” : Drugmakers help turn patients with rare diseases into D.C. lobbyists,Big pharma is “ getting away with murder ” : Drugmakers help turn fruits with rare diseases into D.C. lobbyists,fruits,22200,1.2
7904,Chinese intercept U.S. radiation-sniffing plane .,Chinese intercept U.S. radiation-sniffing raccoon .,raccoon,22111,1.4
5656,Maryland sues EPA over upwind air pollution,Maryland sues EPA over upwind pepperoni pollution,pepperoni,22110,1.2
2459,"To Counter Russia , U.S. Signals Nuclear Arms Are Back in a Big Way ","To Counter Russia , U.S. Signals Nuclear Arms Are Back in a Big pile ",pile,22220,1.6
9008,Supreme Court takes up 2nd major partisan redistricting case,Supreme fatty takes up 2nd major partisan redistricting case,fatty,32100,1.2
7251,Hoboken elects first Sikh mayor in New Jersey state history,Hoboken elects first penguin mayor in New Jersey state history,penguin,33211,2.0
7447, Justice Dept. charges 9 Iranians in massive hacking scheme, Butcher Dept. charges 9 Iranians in massive hacking scheme,Butcher,33110,1.6
9835,Roy Moore stands with homophobic supporters ,Roy Moore stands with homophobic camels ,camels,33221,2.2
13365,"Corker raises dark concerns about Trump , president hits back","Corker raises dark Chocolate about Trump , president hits back",Chocolate,32100,1.2
590,Kasich : Trump tweets ‘ unacceptable ’,Kasich : Trump hair ‘ unacceptable ’,hair,33332,2.8
2458,Russian embassy in London hits out at Theresa May with ‘ white supremacist ’ Pepe the Frog meme,Russian embassy in London hits out at Theresa May with ‘ white chocolate ’ Pepe the Frog meme,chocolate,22110,1.2
9951,Cynthia Nixon called marijuana licenses a “ form of reparations ” for black people . Not exactly .,Cynthia Nixon called marijuana brownies a “ form of reparations ” for black people . Not exactly .,brownies,33221,2.2
10925,"Trump says perhaps China , not Russia could have hacked Democratic emails","Trump says perhaps himself , not Russia could have hacked Democratic emails",himself,32110,1.4
5479, People in half of Virginia 's counties on track to have ZERO Obamacare insurers next year, Kittens in half of Virginia 's counties on track to have ZERO Obamacare insurers next year,Kittens,32111,1.6
6048,"U.S. allies retaliate after Trump lets steel tariffs take effect for Europe , Mexico and Canada","U.S. allies laugh after Trump lets steel tariffs take effect for Europe , Mexico and Canada",laugh,33221,2.2
6632,Armando Iannucci : ' You 're on a highway to nowhere if you think jokes are going to stop Donald Trump ',Armando Iannucci : ' You 're on a highway to nowhere if you think Leprechauns are going to stop Donald Trump ',Leprechauns,32210,1.6
4387,Greece seizes Libya-bound ship carrying explosive materials ,Greece seizes Libya-bound ship carrying explosive diarrhea ,diarrhea,33321,2.4
14166,White House spokesman : ‘ I ca n't speak to the future of Scott Pruitt ’,White House spokesman : ‘ I ca n't speak to the wardrobe of Scott Pruitt ’,wardrobe,22211,1.6
6514,Trump 's only health policy is to undo everything that Obama did,Trump 's only health policy is to misunderstand everything that Obama did,misunderstand,33321,2.4
9567,"White House counsel Don McGahn threatened to resign in June ,","White House counsel Don McGahn threatened to sing in June ,",sing,33110,1.6
1701,Trump Indonesia Real Estate Project Gets Chinese Government Ally,Trump Indonesia Real Estate Project confuses Chinese Government Ally,confuses,32100,1.2
4343,EU plans talks as egg scandal hits 17 countries,EU plans talks as egg thrower hits 17 countries,thrower,32100,1.2
3908,Trump says refugee plan would prioritize Christians .,Trump says dancing plan would prioritize Christians .,dancing,22110,1.2
10695,GOP ' chickens ' just do n't get it on tax reform,GOP ' chickens ' just do n't get it on egg reform,egg,32200,1.4
11436,Corker : Trump officials moving to implement delayed Russia sanctions,Corker : Trump officials Pretending to implement delayed Russia sanctions,Pretending,32100,1.2
12876,Pelosi : State of the Union should focus on Trump 's ' slobbering self ',Pelosi : State of the drool should focus on Trump 's ' slobbering self ',drool,32100,1.2
13937,Iraq announces ' victory ' over Islamic State in Mosul,Iraq announces ' victory ' over rodents in Mosul,rodents,32111,1.6
11028,Religion Trump responds to ruling on travel ban : ' SEE YOU IN COURT ',Religion Trump responds to ruling on marshmallow ban : ' SEE YOU IN COURT ',marshmallow,33211,2.0
2241,A failed vision-Mexico ’s Housing Debacle .,A failed vision-Mexico ’s burrito Debacle .,burrito,33221,2.2
6001,"Trump eliminated Miss Universe finalists who were "" too ethnic "" or "" snubbed his advances , "" pageant staff claim","Trump eliminated Miss Universe finalists who were "" too ethnic "" or "" snubbed his cat , "" pageant staff claim",cat,22110,1.2
10570,Nominee to be No. 2 at Justice Department resists call for special prosecutor in Russia investigation,Nominee to be No. 2 at Justice Department resists call for special prosecutor in bathroom investigation,bathroom,32210,1.6
528,"Top Russian Court Bans Jehovah 's Witnesses , Claiming ' Extremist Activities '","Top Russian Court Bans Jehovah 's Witnesses , Claiming ' Extremist Knocking '",Knocking,31110,1.2
13128,NeverTrump New York Times Columnist : Trump ’s Foreign Policy Is Winning,NeverTrump New York Times Columnist : Trump ’s Foreign wife Is Winning,wife,33100,1.4
11083,Haley : Mattis will ' take care of ' North Korea ,Haley : Mattis will ' take care of ' daycare ,daycare,22110,1.2
9292,"In tweet attacking Obama , Trump says Russia tried to influence election","In tweet attacking Obama , Trump says pineapple tried to influence election",pineapple,32100,1.2
13697,Kasich : Trump tweets ‘ unacceptable ’,Kasich : Trump wig ‘ unacceptable ’,wig,33331,2.6
6342,Male congressman questions why men have to pay for prenatal care . Really .,Male congressman questions why fetuses have to pay for prenatal care . Really .,fetuses,32110,1.4
5150,Robert Mueller 's Trump-Russia investigation is a year old . Too soon to ' wrap it up . ',Robert Mueller 's Trump-Russia investigation is a century old . Too soon to ' wrap it up . ',century,33211,2.0
7304,"' Donald Trump , here is my hand ' : Venezuela 's Maduro calls for talks with Trump","' Donald Trump , here is my finger ' : Venezuela 's Maduro calls for talks with Trump",finger,33200,1.6
12999,"Famine-hit South Sudan to charge up to $ 10,000 for foreign work permits","Famine-hit South Sudan to charge up to $ 10,000 for foreign Pizza permits",Pizza,31111,1.4
8982,Connecticut pastor charged with stealing $ 8G in electricity ,Connecticut pastor charged with stealing $ 8G in cookies ,cookies,21111,1.2
6225,2 major new polls show Trump will conclude his first 100 days as the least popular president in modern history,2 major new polls show Trump will conclude his first 100 days as the least popular immigrant in modern history,immigrant,32111,1.6
9050,Schumer to donate Harvey Weinstein contributions ,Schumer to donate Harvey Weinstein cologne ,cologne,32211,1.8
3792,How US ' get out of jail free ' cards work,How US ' get out of work free ' cards work,work,32110,1.4
5054,"Before Trump , hate was already present in Canada","Before Trump , cake was already present in Canada",cake,32111,1.6
4132,"Wendy Vitter , Judicial Nominee , Gets Tough Questions From Senators On Abortion ","Wendy Vitter , Judicial Nominee , Gets Tough Questions From Senators On wrestling ",wrestling,33210,1.8
3883,U.S. imposes new sanctions on members of Venezuela 's Supreme Court,U.S. imposes new pajamas on members of Venezuela 's Supreme Court,pajamas,33211,2.0
12029,North Korea accuses US of ' criminal moves ' as three Navy carriers operate in Asian waters ,North Korea accuses US of ' criminal moves ' as three Navy carriers operate in Asian noodles ,noodles,22211,1.6
8041,The UK promised us Hong Kong would never walk alone – Theresa May has to keep that promise,The UK promised us Hong Kong would never party alone – Theresa May has to keep that promise,party,32221,2.0
14006,Will someone save Trump from this disastrous decision ?,Will someone save Trump from this disastrous wardrobe ?,wardrobe,32110,1.4
7435,Tillerson thanks Mexico for help with Harvey,Tillerson thanks self for help with Harvey,self,22110,1.2
14726,Venezuela chief prosecutor to face charges as crisis deepens,Venezuela chief prosecutor to face odors as crisis deepens,odors,22211,1.6
4762," Syria Vows To Sign Paris Agreement , Leaving U.S. Alone In Climate Denial ."," Kindergartener Vows To Sign Paris Agreement , Leaving U.S. Alone In Climate Denial .",Kindergartener,32200,1.4
11187,Chinese ' chuckle at Trump for messing up picture-perfect America ' : State media,Chinese ' chuckle at Trump for messing up picture-perfect putt ' : State media,putt,22211,1.6
2070,"V for Vendetta , Fahrenheit 451 , and five other books that reflect Trump 's America ","V for Vendetta , Fahrenheit 451 , and five other books that reflect Trump 's vocabulary ",vocabulary,22200,1.2
13187, Faithful flock to Vatican for pope 's Christmas Eve Mass, Sheep flock to Vatican for pope 's Christmas Eve Mass,Sheep,32221,2.0
6979,Keystone pipeline leak wo n’t affect Nebraska ruling,Keystone toilet leak wo n’t affect Nebraska ruling,toilet,32210,1.6
1737,No. 2 Senate Republican : ‘ Big mistake ’ to fire Mueller,No. 2 Senate Republican : ‘ Big mistake ’ to wake Mueller,wake,22110,1.2
1450,"Trump feels "" vindicated "" by James Comey 's testimony , lawyer says","Trump feels "" vindicated "" by James Comey 's pet , lawyer says",pet,22110,1.2
14866,Small-town America has gotten an economic jolt under Trump,Small-town rednecks has gotten an economic jolt under Trump,rednecks,31110,1.2
2993,"German government , union seal pay raise for public workers ","German government , union seal pay raise for public intoxication ",intoxication,33211,2.0
12655,Paul Ryan : ' We are hosed ' if we do n't tackle entitlements like Medicare ,Paul Ryan : ' We are hosed ' if we do n't tackle entitlements like Caviar ,Caviar,32210,1.6
10715,Fox News is No. 1 cable news network for 63rd straight quarter,Fox News is No. 1 propaganda news network for 63rd straight quarter,propaganda,22210,1.4
13272,"25 killed , 900 wounded as Palestinians converge on Gaza-Israel fence ","25 killed , 900 wounded as Palestinians converge on Gaza-Israel Delicatessen ",Delicatessen,33200,1.6
5123,Trump reportedly offered Tucker Carlson the White House press secretary job,Trump reportedly offered Tucker Carlson the White House coffee secretary job,coffee,33111,1.8
1023,"Congress , pointing fingers amid shutdown stalemate , returns to work ","Congress , pointing fingers amid shutdown stalemate , returns to pool ",pool,22111,1.4
1845,"Meet Lee Busby , the Alabama write-in candidate who 's challenging Roy Moore","Meet Lee Busby , the Alabama write-in cockroach who 's challenging Roy Moore",cockroach,21111,1.2
10951,AP Fact Check : How ’s Trump ’s border wall coming along ?,AP Fact Check : How ’s Trump ’s kitchen wall coming along ?,kitchen,22111,1.4
11573,Steve Bannon is reportedly advocating for a tax hike on the wealthy,Steve Bannon is reportedly advocating for a nature hike on the wealthy,nature,3222211000,1.3
9808,Not even Trump can control the GOP base,Not even Trump can entertain the GOP base,entertain,32210,1.6
8169,Guess Who Knows Both President Trump And Kim Jong Un ?,Guess Who dates Both President Trump And Kim Jong Un ?,dates,33322,2.6
2113,Bernie Sanders says Russia was obviously trying to divide the Democratic party,Bernie Sanders says Russia was obviously trying to decorate the Democratic party,decorate,32210,1.6
12375,Trump Takes Own Path as G-7 Fails to Reach Unity on Climate ,Trump Takes Own Path as G-7 Fails to Reach Unity on cows ,cows,32210,1.6
7403,Trump wants to make Wall Street great again,Trump wants to make Wall Street asphalt again,asphalt,22221,1.8
1764,Trump Budget Gambles on Having This Equation Right,Trump Bookie Gambles on Having This Equation Right,Bookie,33221,2.2
8710,Iraq announces ' victory ' over Islamic State in Mosul,Iraq announces ' victory ' over constipation in Mosul,constipation,22210,1.4
9755,Report : Russian Hackers Had The Ability To Shut Down U.S. Power Plants,Report : Russian Brides Had The Ability To Shut Down U.S. Power Plants,Brides,33211,2.0
7216,Why Senate Republicans ’ skinny repeal could cause a death spiral,Why Senate Republicans ’ skinny repeal could cause a fat spiral,fat,32210,1.6
9371, Trump predicts Patriots will win Super Bowl by 8 points, gypsy predicts Patriots will win Super Bowl by 8 points,gypsy,33200,1.6
13373,Trump to be sworn in using Bible Abraham Lincoln used,Trump to be sworn in using underpants Abraham Lincoln used,underpants,32211,1.8
13121,What Would Human Resources Do ? : Some Advice For Trump As He Recruits And Staffs Up,What Would Dudes Do ? : Some Advice For Trump As He Recruits And Staffs Up,Dudes,32100,1.2
7356,White House ices out CNN,White House buys out CNN,buys,22200,1.2
10740,Will someone save Trump from this disastrous decision ?,Will someone save Trump from this disastrous presidency ?,presidency,33210,1.8
14215,"Jordan Selects Finalists to Bid for 300MW of Solar , Wind Power","Jordan Selects ferret to Bid for 300MW of Solar , Wind Power",ferret,32110,1.4
6057,HB2 Repeal : North Carolina Legislature Votes to Overturn Controversial ‘ Bathroom Bill ’,HB2 Repeal : North Carolina Legislature Votes to Overturn Controversial ‘ Bathroom Tissue ’,Tissue,33211,2.0
9938,House GOP gives Trump leeway over whether to block Schiff memo,House GOP gives Trump leeway over whether to eat Schiff memo,eat,32210,1.6
2707,"President Trump defends Comey 's firing , attacks Democrats on Twitter","President Trump defends Comey 's firing , hugs Democrats on Twitter",hugs,33211,2.0
3182,Kremlin praises Trump after first Putin meeting ,Kremlin praises Trump after first Putin sleepover ,sleepover,32221,2.0
4474,Fresno Bee Mocked Fears of Radical Islamic Terror in February ,Fresno Bee Mocked Fears of Radical Islamic Terror in Hive ,Hive,32110,1.4
6210,Has the UN failed Myanmar 's Rohingya Muslims ?,Has the UN failed Myanmar 's Rohingya kittens ?,kittens,22210,1.4
9707,Trump ’s game of leaks : Is he playing the New York Times the same way the Russians did ?,Trump ’s game of thrones : Is he playing the New York Times the same way the Russians did ?,thrones,3322111111,1.6
864,What if Sociologists Had as Much Influence as Economists ?,What if camels Had as Much Influence as Economists ?,camels,22110,1.2
11079,Senate Rejects Slimmed Down Obamacare Repeal as McCain Votes No,Senate Rejects Slimmed Down Obamacare Repeal as McCain Screams No,Screams,22110,1.2
12867,Trump : I may release my taxes when I 'm out of office ,Trump : I may release my taxes when I 'm out of options ,options,33211,2.0
941, Sessions announces new conditions for sanctuary cities to get federal money, elf announces new conditions for sanctuary cities to get federal money,elf,32100,1.2
7730,Study : Hillary Clinton ’s emails got as much front-page coverage in 6 days as policy did in 69,Study : Hillary Clinton ’s emails got as much front-page coverage in 6 minutes as policy did in 69,minutes,33200,1.6
9440,"Democrats are heading toward some big losses in midterm Senate races , polls say","Democrats are heading toward some big losses in midterm foot races , polls say",foot,32100,1.2
9472,Pelosi : State of the Union should focus on Trump 's ' slobbering self ',Pelosi : State of the Onion should focus on Trump 's ' slobbering self ',Onion,32220,1.8
9320,"Celebrities , pundits react to Trump 's Supreme Court nominee","Celebrities , pundits react to Trump 's Supreme Nachos nominee",Nachos,22211,1.6
11821,How an FBI raid fed a rumor that Orrin Hatch was about to become president ,How an FBI raid fed a rumor that Orrin Hatch was about to become smart ,smart,33220,2.0
8545, Hundreds of immigrants will get to resubmit DACA renewals originally rejected as “ late ”, Trillions of immigrants will get to resubmit DACA renewals originally rejected as “ late ”,Trillions,32100,1.2
1963,Pence calls on Mueller to wrap up ' Russia probe ,Pence calls on Mueller to wrap up ' Russia gift ,gift,22210,1.4
4734,Cable news is careening toward a defining moment,Cable news is careening toward a Menopause moment,Menopause,32200,1.4
11316,GOP Could Lose a House Seat in a District Trump Won by 19 Points,GOP Could Lose a car Seat in a District Trump Won by 19 Points,car,33200,1.6
1125,Russia 's RT says Twitter pushed it to spend millions on ads before the US 's election,Russia 's RT says Twitter pushed it to spend millions on vodka before the US 's election,vodka,22110,1.2
9681,Iran Calls Trump 's Response to Attacks ‘ Repugnant ’,Iran Calls Trump 's Response to indigestion ‘ Repugnant ’,indigestion,22210,1.4
8656,"Finally , a universal healthcare proposal that would work for everyone","Finally , a universal healthcare proposal that would fail for everyone",fail,33330,2.4
10296,"Jerry Falwell : President Trump “ does n’t say what ’s politically correct , he says what ’s in his heart ”","Jerry Falwell : President Trump “ does n’t say what ’s politically correct , he says what ’s in his television ”",television,31110,1.2
3867,"Trump Filed Extension for 2017 Tax Return , White House Says","Trump Filed Extension for 2017 Tux Return , White House Says",Tux,22210,1.4
7855,Denmark plans double punishment for ghetto crime,Denmark plans double reward for ghetto crime,reward,32110,1.4
486,"' Donald Trump , here is my hand ' : Venezuela 's Maduro calls for talks with Trump","' Donald Trump , here is my hamster ' : Venezuela 's Maduro calls for talks with Trump",hamster,32111,1.6
14495,Federal judge blocks new Texas abortion ban,Federal judge aborts new Texas abortion ban,aborts,33100,1.4
14463,Spicer : ' Back channels are an appropriate part of diplomacy ',Spicer : ' Back scratches are an appropriate part of diplomacy ',scratches,33222,2.4
3484,Dick Cheney Suggests Restarting Torture Interrogation Program,Dick Cheney Suggests Restarting tickle Interrogation Program,tickle,32200,1.4
4598,"Tiffany Trump Lived Her Best Life in 2017 , Despite Being Trump 's Second Favorite Daughter Next to Ivanka","Tiffany Trump Lived Her Best Life in 2017 , Despite Being Trump 's Second Favorite puppet Next to Ivanka",puppet,32222,2.2
635,Democrats see Pa. vote as start of anti-Trump ' Blue Wave ',Democrats see Pa. vote as start of anti-Trump ' Blue hair ',hair,22110,1.2
1950,Trump ’s Latest Surprise : Shutdown Might Be a Good Idea ,Trump ’s Latest Surprise : Shutdown Might Be a Good Movie ,Movie,22211,1.6
13209,Trump administration may force CNN to be sold as part of $ 85bn deal,Trump minions may force CNN to be sold as part of $ 85bn deal,minions,32210,1.6
608,China says to ban some petroleum exports to North Korea,China says to ban some waffle exports to North Korea,waffle,32220,1.8
12072,Judge throws out Manafort ’s latest attempt to block Mueller,Judge throws out Manafort ’s latest attempt to tickle Mueller,tickle,22210,1.4
4789,Trump is reportedly being investigated for obstruction of justice ,Trump is reportedly being investigated for obstruction of everything ,everything,32110,1.4
2190,"Syrian government forces have retaken a key water pumping station in Aleppo , a monitoring group said","Syrian government forces have retaken a key beer pumping station in Aleppo , a monitoring group said",beer,22211,1.6
9969,Commentary : Why Richard Shelby 's rejection of Roy Moore is n't a very big deal,Commentary : Why Richard Shelby 's doll of Roy Moore is n't a very big deal,doll,22210,1.4
5961,"Why is Mike Pence romancing the Trump base ? Because he could become president , sooner than we think ","Why is Mike Pence romancing the Trump base ? Because he could become president , sooner than we want ",want,22210,1.4
11297,Flynn subpoenaed by grand jury in Russian investigation .,Flynn subpoenaed by grand opera in Russian investigation .,opera,32110,1.4
4730,Ex-Clinton spokesman : Focus on ' Trumpcare ' instead being ' distracted ' by tax return,Ex-Clinton spokesman : Focus on ' Trumpcare ' instead being ' distracted ' by hernia return,hernia,32220,1.8
4780,The Washington Post issued a strange correction about that time Sean Spicer hid near the White House bushes,The Washington Post issued a strange correction about that time Sean Spicer urinated near the White House bushes,urinated,32110,1.4
3403,Trump promotes Obamacare reform amid questions over Michael Flynn,Trump promotes Obamacare restaurants amid questions over Michael Flynn,restaurants,32200,1.4
11886,Trump blasts Michelle Wolf 's correspondents ' dinner remarks about Sarah Huckabee Sanders ,Trump blasts Michelle Wolf 's correspondents ' dinner remarks about gravy ,gravy,32211,1.8
11557,Trump Booed At Davos For Criticizing ‘ Fake ’ Media ’,Trump Booed At Davos For Criticizing ‘ Fake ’ Wrestling ’,Wrestling,32221,2.0
2795,Former State Department Security Officer Accused of Spying for China,Former State Department Security Officer Accused of Modeling for China,Modeling,32111,1.6
7386,France bans unhealthily thin models with law requiring doctor 's certificate,France bans unhealthily thin models with law requiring chef 's certificate,chef,33310,2.0
11874,Trump spokesman : President-elect wants more info on Russia ,Trump spokesman : President-elect wants more info on menu ,menu,33320,2.2
2141,About this arming teacher idea ...,About this sniffing teacher idea ...,sniffing,32110,1.4
9282,South Sudan 's warring parties agree ceasefire in bid to end four-year war ,South Sudan 's warring parties agree ceasefire in bid to end four-year keg ,keg,32110,1.4
2668,Russian wanted in US caught in Greece for money laundering,Russian wanted in US caught in Greece for trouser laundering,trouser,32211,1.8
8513, David Hogg ’s Attempt to End Laura Ingraham ’s Career Sets Dangerous Precedent, Poodle ’s Attempt to End Laura Ingraham ’s Career Sets Dangerous Precedent,Poodle,22110,1.2
2701,Trump Reportedly Wants Pentagon To Stage Military Parade Down Pennsylvania Ave.,Trump Reportedly Wants Pentagon To Stage Military Coup Down Pennsylvania Ave.,Coup,32200,1.4
5906,Trump to let states require employment for Medicaid ,Trump to let states require employment for cake ,cake,22210,1.4
4147,Capitol Hill correspondents committee declines to credential Breitbart,Capitol Hill janitors committee declines to credential Breitbart,janitors,22111,1.4
112,BBC : ' Dozens dead ' after military plane crash in Algeria,BBC : ' Dozens dead ' after military eggs crash in Algeria,eggs,32200,1.4
5567,Top House Republican wants FBI ' assessment ' on Trump-related leaks,Top House Republican wants FBI ' denial ' on Trump-related leaks,denial,33210,1.8
12566,"Bannon , Lewandowski invited to testify before House Intelligence Committee","Bannon , Lewandowski invited to scream before House Intelligence Committee",scream,22211,1.6
13303,I 've Watched Trump Testify Under Oath . It Is n't Pretty .,I 've Watched Trump disrobe Under Oath . It Is n't Pretty .,disrobe,33222,2.4
487,President Trump Meeting with Automakers to Bring Back Jobs ,President Trump Meeting with Automakers to Bring Back beer ,beer,32211,1.8
603,Rex Tillerson Scrambles To Walk Back Donald Trump 's North Korea Threats,Rex Tillerson Scrambles To Walk Back Donald Trump 's Pizza Threats,Pizza,22110,1.2
7530,Trump reportedly believes Mueller will write a letter exonerating him in the Russia probe soon,Trump reportedly believes Mueller will write a book exonerating him in the Russia probe soon,book,32200,1.4
6557,North Korea video portrays U.S. destroyed in missile barrage,North Korea video portrays U.S. destroyed in cow barrage,cow,32211,1.8
1557,Group calls for Indonesian forces to stop virginity tests,Group calls for Indonesian forces to grade virginity tests,grade,22211,1.6
5660,Trump Official Blocked Immigrant Teen Rape Victim ’s Abortion Because He Personally Opposed It,Trump Official performed Immigrant Teen Rape Victim ’s Abortion Because He Personally Opposed It,performed,32200,1.4
4025,No Trump slump in tourism but there could be a Trump bump,No Trump slump in Pregnancy but there could be a Trump bump,Pregnancy,33221,2.2
6535,EPA chief Scott Pruitt : two top aides depart amid ethics investigations,EPA chief Scott Pruitt : two top aides party amid ethics investigations,party,33211,2.0
9367,Trump 's Phoenix rally attracts thousands of protesters,Trump 's mayonnaise rally attracts thousands of protesters,mayonnaise,33200,1.6
542,Never Give Up ! Hillary Clinton ’s Coughing Fit Returns During Feminist Activism Speech,Never throw Up ! Hillary Clinton ’s Coughing Fit Returns During Feminist Activism Speech,throw,33221,2.2
10145,Madeleine Albright : Eclipse a reminder ' all darkness is temporary ',Madeleine Albright : Eclipse a reminder ' all pie is temporary ',pie,33210,1.8
4090,Jeff Sessions on Marijuana : Drug is ' Only Slightly Less Awful ' than Heroin ,Jeff Sessions on Marijuana : Drug is ' Only Slightly Less Awful ' than Wife ,Wife,32200,1.4
5542,Former Trump campaign chairman submits Russia-related documents to intelligence panels,Former Trump campaign chairman submits Russia-related documents to ceiling panels,ceiling,22110,1.2
6348,Conservative media outlet RedState just fired a lot of its anti-Trump bloggers ,Conservative media outlet RedState just fired a lot of its anti-Trump stalkers ,stalkers,22110,1.2
14103,Chinese intercept U.S. radiation-sniffing plane .,Chinese intercept U.S. radiation-sniffing aardvark .,aardvark,22210,1.4
10281,Russia 's deputy foreign minister says he has cancelled his meeting with U.S. undersecretary over new US sanctions ,Russia 's deputy foreign minister says he has cancelled his meeting with U.S. undersecretary over new US paramour ,paramour,31110,1.2
5101,"Spanish PM thanks police , says they acted with ' firmness and serenity ' .","Spanish PM thanks police , says they massaged with ' firmness and serenity ' .",massaged,32100,1.2
13017,Congressional aides may have answers on pro-Russia GOP platform change,Congressional aides may have answers on pro-Russia GOP tire change,tire,22111,1.4
10826,The caravan of migrants that Trump warned ' had better be stopped ' has already begun entering the US,The caravan of pineapples that Trump warned ' had better be stopped ' has already begun entering the US,pineapples,33100,1.4
140,"In Spain , Confusion And Uncertainty About Catalonia 's Future","In Spain , Confusion And Uncertainty About Salsa 's Future",Salsa,22210,1.4
13205, China could strike U.S. bases in ' minutes ' — and may be practicing, elephant could strike U.S. bases in ' minutes ' — and may be practicing,elephant,22110,1.2
13543,Susan Sarandon : ‘ I Do n’t Think Trump ’s Gon na Make It Through His Whole Term ’,Susan Sarandon : ‘ I Do n’t Think Trump ’s Gon na Make It Through His Whole pizza ’,pizza,33211,2.0
3396,Trump Names Anti-Abortion Leader Charmaine Yoest to High Post at HHS,Trump Names Anti-Abortion Leader Charmaine Yoest to High School at HHS,School,31110,1.2
7945,$ 200 million eyeballed for Donald Trump 's inauguration ,$ 200 million eyeballed for Donald Trump 's toilet ,toilet,33211,2.0
1726,Trump to North Korean leader Kim : My ‘ Nuclear Button ’ is ‘ much bigger &amp; more powerful ’,Trump to North Korean leader Kim : My ‘ Nuclear Belly ’ is ‘ much bigger &amp; more powerful ’,Belly,33222,2.4
12437, Doctor Shortage In Rural Arizona Sparks Another Crisis In ' Forgotten America ', Candy Shortage In Rural Arizona Sparks Another Crisis In ' Forgotten America ',Candy,33222,2.4
7816,These Photos Show The First Trump White House Easter Egg Roll Actually Went Pretty Well,These Photos Show The First Trump White House Chinese Egg Roll Actually Went Pretty Well,Chinese,33320,2.2
2017,"Trump will pardon conservative pundit Dinesh D'Souza , who was convicted for campaign finance violation ","Trump will pardon conservative pundit Dinesh D'Souza , who was convicted for campaign finance coolness ",coolness,32110,1.4
2376,"President , Dems own ObamaCare disaster despite lame talking points ","President , Dems own ObamaCare disaster despite lame talking birds ",birds,31110,1.2
5494,"Pence Should be ' Subservient to Trump , ' That 's His Role , Former White House Official Says","Pence Should be ' Subservient to Chimps , ' That 's His Role , Former White House Official Says",Chimps,22110,1.2
331,Trump Makes Headlines With Fox News Interview,Trump Makes Love With Fox News Interview,Love,32210,1.6
6569,"Face facts , America , Donald Trump is a success . Let 's count the ways .","Face facts , America , Donald Trump is a success . Let 's count the hairs .",hairs,32210,1.6
825,"Senate Dems filibuster Gorsuch , teeing up ‘ nuclear ’ showdown","Senate Dems tease Gorsuch , teeing up ‘ nuclear ’ showdown",tease,21111,1.2
10932,"Russia Will Test ' Unstoppable ' Satan Missile by End of 2017 , Says Military","Russia Will Test ' Unstoppable ' Satan Prayer by End of 2017 , Says Military",Prayer,33210,1.8
5051,Belgian Man Charged With Being Leader of Paris Bataclan Attack,Belgian waffle Charged With Being Leader of Paris Bataclan Attack,waffle,33210,1.8
12548,Democrats see path to House majority that cuts through the suburbs ,Democrats see path to House majority that cuts through the cheese ,cheese,32221,2.0
8856, Russian opposition leader Navalny held ahead of March election, Deodorant opposition leader Navalny held ahead of March election,Deodorant,22210,1.4
11168,' Mega-colonies ' of penguins discovered in Antarctica ,' Mega-colonies ' of penguins discovered in Basement ,Basement,22210,1.4
6852,Want to see the Senate 's draft health care bill ? Good luck .,Want to smell the Senate 's draft health care bill ? Good luck .,smell,32100,1.2
4801,"Bannon , Lewandowski invited to testify before House Intelligence Committee","Bannon , Lewandowski invited to testify before House Stupidity Committee",Stupidity,32110,1.4
298,The Coca-Cola invasion is causing Mexico ’s slow death by junk food,The Coca-Cola invasion is causing Mexico ’s slow death by delicious food,delicious,32111,1.6
6192,North Korea says missile test shows all US within range,North Korea says diabetes test shows all US within range,diabetes,33110,1.6
7016,"V for Vendetta , Fahrenheit 451 , and five other books that reflect Trump 's America","V for vomit , Fahrenheit 451 , and five other books that reflect Trump 's America",vomit,32211,1.8
12721,Warren Buffett 's Berkshire Hathaway dumps its Fox stake,Warren Buffett 's Berkshire Hathaway dumps its vampire stake,vampire,22211,1.6
6777,Detroit pub refused to serve Irish people at St. Patrick 's Day Parade — to make a point,Detroit pub refused to serve Irish potatoes at St. Patrick 's Day Parade — to make a point,potatoes,31110,1.2
4771,"North Korea Signals Olympics Truce , Seeks Talks With Seoul","North Korea Signals Olympics Truce , Seeks Steroids With Seoul",Steroids,32210,1.6
3163,Stephen King Cracks Joke About Melania Trump ’s Hospitalization ,Stephen King Cracks Joke About Melania Trump ’s vampirism ,vampirism,32211,1.8
11891,Bernie Sanders To Propose New Rule Requiring Fair Prices For Taxpayer-Funded Drugs,Bernie Sanders To Propose New Rule Requiring Fair highs For Taxpayer-Funded Drugs,highs,32200,1.4
7017,Former CIA director Petraeus warns that the current international order could ' fray ' and ' collapse ',Former CIA dictator Petraeus warns that the current international order could ' fray ' and ' collapse ',dictator,32200,1.4
1990,"Pulled Over in a Rental Car , With Heroin in the Trunk","Pulled Over in a Rental elephant , With Heroin in the Trunk",elephant,32110,1.4
9016,"British PM 's call for crackdown on terror propaganda online hard to achieve , experts say","British PM 's call for crackdown on kindergarten propaganda online hard to achieve , experts say",kindergarten,22111,1.4
5592,Gaza violence : Israel defends actions as 55 Palestinians killed,Gaza violence : Israel defends actions as 55 mice killed,mice,21111,1.2
8848,"Congratulations , America — you did it ! An actual fascist is now your official president ","Congratulations , America — you did it ! An actual fascist is now your official mascot ",mascot,32210,1.6
8588,Russia 's boost in trade with North Korea worries U.S.,Russia 's boost in romance with North Korea worries U.S.,romance,32110,1.4
5403,"With ' Pussyhats , ' Liberals Get Their Own Version Of The Red Trucker Hat","With ' Pussyhats , ' Kittens Get Their Own Version Of The Red Trucker Hat",Kittens,32100,1.2
2435,Trump 's history of using foreign workers in his business ventures ,Trump 's history of using foreign workers in his business disasters ,disasters,32200,1.4
2450,Trump claims ex-intelligence chief Clapper admitted FBI spied on his campaign . That 's false .,Trump claims ex-intelligence chief Clapper admitted FBI spied on his poodle . That 's false .,poodle,22211,1.6
3500,Time Asks Donald Trump to Remove Fake Cover From Business Properties,Time Asks Donald Trump to Remove Fake hair From Business Properties,hair,33332,2.8
12253,"Trump can win on deficits , solve the debt ceiling , and own Congress forever","Trump can win on pinball , solve the debt ceiling , and own Congress forever",pinball,22110,1.2
14829,Trump ’s disapproval rating nears 60 percent in new polls,Trump ’s nausea rating nears 60 percent in new polls,nausea,32210,1.6
5955,Saudi Arabia to let women enter sports stadiums in 2018,Saudi Arabia to let lions enter sports stadiums in 2018,lions,22211,1.6
4676,Supreme Court taking up sports betting case ,Supreme Court taking up sports betting hobby ,hobby,32110,1.4
8057,Defeating ISIS is n’t enough : Trump urgently needs a new Syria policy,Defeating cats is n’t enough : Trump urgently needs a new Syria policy,cats,22110,1.2
13833,Gina Haspel faces lawmakers in confirmation hearing to be CIA director -- live stream ,Gina Haspel faces lawmakers in confirmation hearing to be CIA director -- live nude ,nude,32211,1.8
6531,Hundreds of foreigners join Pyongyang race as tensions ease,Hundreds of foreigners join rat race as tensions ease,rat,32210,1.6
10069,"All 22 promises Trump made in his speech to Congress , in one chart","All 22 promises Trump made in his speech to kindergarten , in one chart",kindergarten,32210,1.6
1522,Adolf Hitler 's three-mile-long abandoned Nazi resort is being transformed into a luxury getaway ,Adolf Hitler 's three-mile-long abandoned Nazi resort is being transformed into a luxury prison ,prison,32221,2.0
13897,U.S. hate crimes up 20 percent in 2016 fueled by election campaign-report,U.S. hate crimes up 20 percent in 2016 fueled by hipster campaign-report,hipster,31110,1.2
7874,New Outcry as Trump Rebukes Charlottesville Racists 2 Days Later,New Outcry as Trump Rebukes Charlottesville khakis 2 Days Later,khakis,22110,1.2
1070,Russia : Trump promised to make visit to Moscow if Putin accepts invite to White House,Russia : Trump promised to make visit to bathroom if Putin accepts invite to White House,bathroom,33211,2.0
14762,How Charlottesville Helped Drain the Swamp ,How Charlottesville Helped Drain the Bathtub ,Bathtub,21111,1.2
5572,Trump : We 'll guard the US-Mexico border with the military,Trump : We 'll guard the US-Mexico Restaurants with the military,Restaurants,22111,1.4
9783,White supremacist activity on the rise on college campuses since election,White marshmallow activity on the rise on college campuses since election,marshmallow,33221,2.2
455,Woman confronts Sean Spicer : ' How does it feel to work for a fascist ? ',Woman confronts Sean Spicer : ' How does it feel to dance for a fascist ? ',dance,32200,1.4
11789,Atlantic editor : Trump is going to cause violence against journalists ,Atlantic editor : Trump is going to cause violence against hedgehogs ,hedgehogs,22110,1.2
1161,"Marine Le Pen , the far-right politician topping the French polls , is thirsting for a Frexit","Marine Le Pen , the far-right politician topping the French soda , is thirsting for a Frexit",soda,33211,2.0
12358,Ban Ki-moon : U.S. must adopt universal health care,Ban Ki-moon : U.S. must adopt universal plant care,plant,22110,1.2
8591,Catholic priest caught driving 13-year-old girl to motel after paying 16-year-old pimp ,Catholic priest caught driving 13-year-old girl to motel after paying 16-year-old cat ,cat,32100,1.2
5376,Trump blasts Michelle Wolf 's correspondents ' dinner remarks about Sarah Huckabee Sanders,Trump blasts Michelle Wolf 's correspondents ' dinner Menu about Sarah Huckabee Sanders,Menu,22110,1.2
4985,Democratic Rep. Elijah Cummings to meet with President Trump on drug bill ,Democratic Rep. Elijah Cummings to meet with President Trump on drug deal ,deal,32211,1.8
756,Former Trump campaign adviser : Info given to Russian spies ' immaterial ',Former Trump falsehood adviser : Info given to Russian spies ' immaterial ',falsehood,32110,1.4
8109,"Saudi crown prince says Iran 's Ayatollah Khamenei is "" very much like Hitler ""","Saudi crown prince says Iran 's Ayatollah Khamenei is "" very much like hemorrhoids """,hemorrhoids,32210,1.6
4491,Trump 's Plot To Destroy Liberalism Will Fail . Here 's Why .,Trump 's Plot To Destroy sweaters Will Fail . Here 's Why .,sweaters,22110,1.2
14833,War zones still waiting for a visit from Trump,War mongers still waiting for a visit from Trump,mongers,32100,1.2
13537,Congress just voted to gut internet privacy — here 's what that means for you,Congress just voted to gut restroom privacy — here 's what that means for you,restroom,32100,1.2
6796,Pro-Trump pundit Kayleigh McEnany transitions from CNN to White House propaganda news service,Pro-Trump pundit Kayleigh McEnany transitions from CNN to White House fake news service,fake,31110,1.2
6869,Trump 's ' big ' spending hopes nudge world stocks higher,Trump 's ' big ' barbeque hopes nudge world stocks higher,barbeque,32200,1.4
14259,Trump executive order : UK ministers to press US on ban ,Trump executive order : UK ministers to press US on accent ,accent,22110,1.2
6659,"Trump instructed 3 White House officials to urge Sessions against recusal , sources say","Trump instructed 3 White House elves to urge Sessions against recusal , sources say",elves,32222,2.2
2291,Donald Trump says US nuclear arsenal is ' far stronger and more powerful than ever before ',Donald Trump giggles US nuclear arsenal is ' far stronger and more powerful than ever before ',giggles,32220,1.8
766,"U.S. Report Says Humans Cause Climate Change , Contradicting Top Trump Officials ","U.S. Report Says Humans Cause Climate Change , Contradicting Top Trump toupee ",toupee,31110,1.2
11838,White House invites intelligence committee leaders to review National Security Council documents,White House invites intelligence committee leaders to shred National Security Council documents,shred,33220,2.0
13137,VA 's quiet plan to widen private care with TRICARE stirs ire,VA 's quiet plan to widen private driveway with TRICARE stirs ire,driveway,22200,1.2
519,Flynn resignation : Republicans seek probe into leaks - BBC News,Flynn Bladder : Republicans seek probe into leaks - BBC News,Bladder,33221,2.2
2007,"Trump says he 'll allow Japan , South Korea to buy more military equipment from the U.S.","Trump says he 'll allow Japan , South Korea to buy more military underwear from the U.S.",underwear,33221,2.2
5776,Trump reportedly offered Tucker Carlson the White House press secretary job,Trump reportedly offered Tucker Carlson the White House press Hand job,Hand,33221,2.2
2754,Megyn Kelly and NBC News take the gloves off in Alex Jones interview and now he 's mad,Megyn Kelly and NBC News take the pants off in Alex Jones interview and now he 's mad,pants,33320,2.2
11851,US strike hits pro-Assad forces Syria,US strike hits pro-Assad bowlers Syria,bowlers,31110,1.2
6928,Dotard : Kim Jong Un claps back at Trump 's ' Rocket Man ',Dotard : Kim Jong Un sings back at Trump 's ' Rocket Man ',sings,22110,1.2
11482,JPMORGAN : There 's still a fortune to be made in the stock market by betting on tax reform ,JPMORGAN : There 's still a fortune to be made in the stock market by betting on tax evasion ,evasion,32111,1.6
9643,South Korean police on alert over Trump protests,South Korean musicians on alert over Trump protests,musicians,31110,1.2
13060,"Trump team braces for North Korea ' event , ' including a possible nuke test","Trump team prances for North Korea ' event , ' including a possible nuke test",prances,31110,1.2
12205,U.S. senators near deal on Russia sanctions,U.S. senators near deal on squirrel sanctions,squirrel,22220,1.6
11903,"Donald Trump Praises His Mom on Mother &amp; #x27 ; s Day , But Not Melania","Donald Trump wrestles His Mom on Mother &amp; #x27 ; s Day , But Not Melania",wrestles,33311,2.2
1930,Will Trump Be Impeached Based on Michael Flynn ’s Russia Revelations ?,Will Trump Be Impeached Based on Michael Flynn ’s peach Revelations ?,peach,32111,1.6
12242,"Trump ’s Pick For Agriculture Secretary Is A Climate Denier , Too","Trump ’s Pick For Agriculture Secretary Is A toupee Denier , Too",toupee,32220,1.8
154,Germany ’s SPD Is Open to Talks on New Merkel Government ,Germany ’s SPD Is Open to Talks on New Merkel Doll ,Doll,32211,1.8
5363,Rep. DeSantis : Shooting Suspect Asked if ‘ Republicans or Democrats ’ on Field ,Rep. DeSantis : Shooting Suspect Asked if ‘ Republicans or Democrats ’ on drugs ,drugs,32111,1.6
11465,"Trump threatens ' Little Rocket Man , ' says Kim may ' not be around much longer '","Trump kisses ' Little Rocket Man , ' says Kim may ' not be around much longer '",kisses,22210,1.4
1047,Tech and entertainment activists launch an app to ' Block the Bully ' Donald Trump on Twitter,Tech and entertainment activists launch an app to ' smack the Bully ' Donald Trump on Twitter,smack,32220,1.8
1821,"Suddenly , the GOP tax bill has morphed into an attack on your healthcare ","Suddenly , the GOP tax bill has morphed into an attack on your grandmother ",grandmother,32211,1.8
2821,The GOP ’s “ Hillary slayer ” will be in charge of investigating Trump in the House,The GOP ’s “ dragon slayer ” will be in charge of investigating Trump in the House,dragon,32111,1.6
11409,Who ’s more cynically using religion : Trump or his religious right boosters ?,Who ’s more cynically using religion : Trump or his religious right Hairpiece ?,Hairpiece,31110,1.2
4277,"Even if the Trump campaign did not collude with Russia , the U.S. must safeguard its elections ","Even if the Trump campaign did not collude with Russia , the U.S. must safeguard its virginity ",virginity,22110,1.2
8638,"Robert Gates says Trump 's "" tough talk "" got North Korea 's attention ","Robert Gates says Trump 's "" tough talk "" got North Korea 's goat ",goat,32100,1.2
3589,Never Give Up ! Hillary Clinton ’s Coughing Fit Returns During Feminist Activism Speech ,Never Give Up ! Hillary Clinton ’s Coughing Fit Returns During Feminist Activism circus ,circus,32210,1.6
944,' Who the hell is Dana Rohrabacher ? ' Seth Meyers asks on ' Late Night ' as he slams the congressman,' Who the hell is Dana Rohrabacher ? ' Seth Meyers asks on ' Late Night ' as he cuddles the congressman,cuddles,32211,1.8
13630,Jeremy Corbyn warns Theresa May she ' can not stay silent ' over Donald Trump 's Charlottesville response ,Jeremy Corbyn warns Theresa May she ' can not stay silent ' over Donald Trump 's Charlottesville barbeque ,barbeque,31111,1.4
11609,Democrats Join Republicans In Bill Criminalizing Speech Critical Of Israel ,Democrats Join Republicans In Bill Criminalizing Speech Critical Of pancakes ,pancakes,32100,1.2
10878,Naked Donald Trump statues pop up in cities across the U.S.,Naked Donald Trump statues pop up in brothels across the U.S.,brothels,33210,1.8
11242,Trump lashes out as states rebuff voter data request,Trump passes out as states rebuff voter data request,passes,32210,1.6
2438,"Trump cancels meeting with North Korea , citing ' tremendous anger and open hostility '","Trump cancels marriage with North Korea , citing ' tremendous anger and open hostility '",marriage,32210,1.6
4591,Melania Trump Meets Putin After Being Trapped in Residence Amid G-20 Protests,Melania Trump Meets Putin After Being Trapped in Cave Amid G-20 Protests,Cave,21111,1.2
9667,London attack : Trump and Macron lead world condemnation - BBC News,London attack : Trump and Macron flaunt world condemnation - BBC News,flaunt,22110,1.2
8130,Marco Rubio says Russian hackers targeted his presidential campaign staff twice,Marco Rubio says Russian hackers targeted his presidential wizard staff twice,wizard,33310,2.0
4247,"Trump attacks Stephen Curry , disinvites the Golden State Warriors from the White House in early morning tweet","Trump attacks donuts , disinvites the Golden State Warriors from the White House in early morning tweet",donuts,33210,1.8
1641,Trump : ' I have no doubt that we 'll win ' travel ban lawsuit,Trump : ' I have no doubt that we 'll win ' hair ban lawsuit,hair,22111,1.4
7911,EPA begins review of key Obama methane rule,EPA begins review of key Obama playground rule,playground,31110,1.2
1887,Senior US diplomat pitches arms sales in China 's backyard,Senior US diplomat pitches cookie sales in China 's backyard,cookie,32110,1.4
2913, Steve Bannon questioned by special counsel, Retard questioned by special counsel,Retard,32100,1.2
6862, Opinion | Rudy Giuliani has no idea what he is doing, Fact | Rudy Giuliani has no idea what he is doing,Fact,3333311000,1.7
14769,Could a Democrat actually beat Ted Cruz this year ?,Could a mare actually beat Ted Cruz this year ?,mare,22210,1.4
9874,Trump just blamed the military for the botched Yemen raid . That 's a disgrace .,Trump just blamed the military for the botched Yemen dinner . That 's a disgrace .,dinner,22110,1.2
544,"Park Geun-hye , South Korean President , Is a No-Show at Impeachment Trial","Park Geun-hye , South Korean President , Is a dancer at Impeachment Trial",dancer,32222,2.2
8946,"Manafort sues Mueller , Justice Department over Russia probe","Manafort sues Mueller , Justice Department over alien probe",alien,32211,1.8
5707,Trump : I still ' would like to ' sit down with Mueller,Trump : I still ' would like to ' party down with Mueller,party,32221,2.0
8713,Mexico Sends Top Official to California Help Illegal Aliens Avoid Deportation ,Mexico Sends Top Official to California Help Illegal Aliens Avoid Showers ,Showers,32221,2.0
7989,' Suck Up ' Mitt Romney Trolled For Flip-Flopping On Trump 's Endorsement ,' Suck Up ' Mitt Romney Trolled For Flip-Flopping On Trump 's Trampoline ,Trampoline,33000,1.2
13551,"Brexit , Trump , sexual harassment – all are united by the same chauvinism ","Brexit , Trump , sexual harassment – all are united by the same ignorance ",ignorance,32100,1.2
2427,Court blocks law that would have closed Mississippi 's only abortion clinic,Court blocks law that would have closed Mississippi 's only cheese clinic,cheese,32100,1.2
14225,House Republicans Say G.O.P. Establishment Opened Way for Russian Influence ,House Republicans Say G.O.P. Establishment Opened Way for Russian Vodka ,Vodka,22211,1.6
4746,Trump 's latest approval ratings could jeopardize his entire presidency ,Trump 's latest approval ratings could jeopardize his entire narcissism ,narcissism,32210,1.6
8458,Trump 's 2nd Nominee for Army Secretary Withdraws,Trump 's 2nd Nominee for Hair Secretary Withdraws,Hair,33221,2.2
4886,Ivanka Trump Tweeted About Religious Tolerance . It Did n’t Go Down Well .,Ivanka Trump Tweeted About Religious Fashion . It Did n’t Go Down Well .,Fashion,32100,1.2
11683,Trump ’s tax plan would reward the wealthy and balloon the federal debt,Trump ’s tax plan would bamboozle the wealthy and balloon the federal debt,bamboozle,32110,1.4
12427,Justice Dept. watchdog confirms review of FBI agent communications ,Justice Dept. watchdog confirms review of FBI agent wardrobe ,wardrobe,22111,1.4
6900,' It 's called VOICE ' : Trump announces immigration crime program,' It 's called PIZZA ' : Trump announces immigration crime program,PIZZA,31110,1.2
1500,Democratic National Committee Asks Its Entire Staff To Resign ,Democratic National Committee Asks Its Entire Staff To Bathe ,Bathe,33311,2.2
5674,Trump Russia claims : Mood in the White House is ' fantastic ',Trump Russia claims : Food in the White House is ' fantastic ',Food,22211,1.6
6816,Lobbying Frenzy Begins on Tax Bill,Lobbying Frenzy Begins on Duck Bill,Duck,33210,1.8
12573,Franken to quit Senate amid allegations ,Franken to quit Senate amid allergies ,allergies,32211,1.8
7525,CEOs Flee Trump Because He 's Useless to Them,CEOs Flea Trump Because He 's Useless to Them,Flea,32100,1.2
6541,Nancy Pelosi Hails ‘ Debt We Owe ’ to Parents Who Bring Kids to U.S. Illegally,Nancy Pelosi Hails ‘ Debt We Owe ’ to Parents Who Bring drugs to U.S. Illegally,drugs,32110,1.4
6907,Who Is The Mystery Man Behind @realDonaldTrump ? ( Besides The President ),Who Is The Mystery Man Behind @realDonaldTrump ? ( Besides The devil ),devil,32111,1.6
11743,Alternatives to Putin a mixed bag as Russian election looms,Alternatives to Putin a mixed bag as Russian hangover looms,hangover,22110,1.2
325,Donald Trump says Democrats ' did nothing ' for African Americans and Hispanics ' but get your vote ',Donald Trump says Democrats ' did nothing ' for African Elephants and Hispanics ' but get your vote ',Elephants,22110,1.2
13811,Trump suggests in tweet Justice Dept is ' out to frame ' him,Trump suggests in tweet Justice Dept is ' out to snuggle ' him,snuggle,33222,2.4
2069,"Pence was set to meet with North Korean officials , but they canceled","Pence was set to meet with North Korean ducks , but they canceled",ducks,31110,1.2
13667,U.S. Officials ' Warned Israel ' Not to Share Sensitive Intel With Trump,U.S. Officials ' Warned Israel ' Not to Tweet Sensitive Intel With Trump,Tweet,32200,1.4
5301,Shocking scale of US drinking water crisis,Shocking scale of US drinking margaritas crisis,margaritas,33211,2.0
5985,"Sen. Rand Paul : If you support Israel , you ca n't support more arms sales to Saudi Arabia","Sen. Rand Paul : If you support camels , you ca n't support more arms sales to Saudi Arabia",camels,32200,1.4
12822,AT&amp;T CEO : ' We ’re prepared to litigate now ' over Time Warner deal,AT&amp;T CEO : ' We ’re prepared to Inebriate now ' over Time Warner deal,Inebriate,32210,1.6
7698,The White House wants to lead on tax reform — it just needs a tax reform plan first,The White House wants to lead on tax reform — it just needs a stupid reform plan first,stupid,32100,1.2
1800,Ban Trump ’s sad view of America ,Ban Trump ’s sad view of bacon ,bacon,33220,2.0
9570,"California Republican Rep. Ed Royce wo n't seek reelection , creating bigger opening for Democrats ","California Republican Rep. Ed Royce wo n't seek reelection , creating bigger opening for humanity ",humanity,22111,1.4
1218,Trump ' disappointed ' with China after North Korea missile test,Trump ' disappointed ' with China after North Korea math test,math,33222,2.4
2683,Malaysia Airlines plane forced to turn back after man tries to enter cockpit,Malaysia Airlines plane forced to turn back after man tries to marry cockpit,marry,31110,1.2
6675,Pentagon flagged Kaspersky as potential threat in 2004,Pentagon flagged Kaspersky as potential beau in 2004,beau,32100,1.2
9450,Treasury Department announcing sanctions against Iran Friday morning,Treasury Department announcing sanctions against alligators Friday morning,alligators,33220,2.0
765,House Dem : ' We ’ve seen a lot of contact ' between Trump Jr. and Russians ,House Dem : ' We ’ve seen a lot of contact ' between Trump Jr. and gypsies ,gypsies,32110,1.4
12283,Pelosi : Trump ’s insecurity fueling fraud investigation,Pelosi : Trump ’s feet fueling fraud investigation,feet,33000,1.2
10424,President Trump to play golf with Tiger Woods on Black Friday,President Trump to play peekaboo with Tiger Woods on Black Friday,peekaboo,32210,1.6
4732,The Supreme Court ’s Blockbuster Term ,The Supreme Court ’s Blockbuster Video ,Video,32210,1.6
10531,Trump may have violated the law by reportedly putting presidential seal on golf tee markers,Trump may have violated the law by reportedly licking presidential seal on golf tee markers,licking,33220,2.0
2515,Moore dodges the press as harassment scandal spirals,Moore dodges the ball as harassment scandal spirals,ball,31110,1.2
5384,"Jakarta Is Sinking So Fast , It Could End Up Underwater - The New York Times","Jakarta Is Sinking So Fast , It Could End Up Underwater - The New Underwater Times",Underwater,33220,2.0
11019,Uber vs. Lyft : Rideshare Companies Dragged Into Immigration Debate,Uber vs. Lyft : Rideshare Companies Dragged Into spelling Debate,spelling,32210,1.6
7812,Trump says banning immigrants helps US workers . A leading economist says he ’s wrong .,Trump says banning sandals helps US workers . A leading economist says he ’s wrong .,sandals,33100,1.4
6946,Puerto Rico oversight board wants changes to island 's fiscal plan,Puerto Rico surf board wants changes to island 's fiscal plan,surf,32110,1.4
14697,Author : Trump 's family says he 's like a child,Author : Trump 's youngest says he 's like a child,youngest,32100,1.2
1387,Shouting match erupts in Senate over GOP tax plan,Shouting match erupts in Senate over GOP lunch plan,lunch,32211,1.8
2046,"Thousands of students , teachers march on White House to call for better gun control","Thousands of students , teachers march on White House to call for better pest control",pest,32222,2.2
7693,Trump tweets out meme of himself eclipsing Obama in morning rant,Trump tweets out meme of himself kissing Obama in morning rant,kissing,33322,2.6
5036,English-speaking world 's ' most powerful book critic ' stepping down to write about Donald Trump ,English-speaking world 's ' most powerful book critic ' stepping down to write about Vampires ,Vampires,22211,1.6
2586,Crimea Is n't the End of Russia 's Black Sea Ambitions,Crimea Is n't the End of Russia 's blonde Ambitions,blonde,32210,1.6
4618,Grigory Rodchenkov : Russian whistleblower suspected British cheats,Grigory Rodchenkov : soccer whistleblower suspected British cheats,soccer,22110,1.2
11113,Trump : Dems playing blame game instead of fixing Obamacare,Trump : Dems playing board game instead of fixing Obamacare,board,33210,1.8
14742,"Palestinians voice outrage over Trump 's "" blackmail ""","Palestinians voice outrage over Trump 's "" hairstyle """,hairstyle,22210,1.4
8849,"Budget , FY 2019 : The era of Trump deficits has begun","Budget , FY 2019 : The era of Trump golfing has begun",golfing,32221,2.0
14711,"House OKs huge spending bill , next to Senate","House OKs huge cleaning bill , next to Senate",cleaning,22111,1.4
10838,Franken to quit Senate amid allegations,Franken to quit sneezing amid allegations,sneezing,22110,1.2
856,Why is Donald Trump so cozy with the Kremlin ? A political scientist and Russia expert breaks down the theories,Why is Donald Trump so cozy with the Kremlin ? A political scientist and urology expert breaks down the theories,urology,31110,1.2
4482,U.S. launches dozens of missiles in response to chemical weapons attack,U.S. launches dozens of eggs in response to chemical weapons attack,eggs,22211,1.6
6621,Bafta Awards 2018 : ( Most ) stars wear black to bring Time 's Up to Britain,Bafta Awards 2018 : ( Most ) pigs wear black to bring Time 's Up to Britain,pigs,32100,1.2
736,Jobless Claims in the U.S. Plunge to Lowest Weekly Tally since 1973,Jobless skydivers in the U.S. Plunge to Lowest Weekly Tally since 1973,skydivers,33322,2.6
1902,Tillerson May Face Deposition About ‘ Wayne Tracker ’ Alias Emails,Tillerson May eat Deposition About ‘ Wayne Tracker ’ Alias Emails,eat,22210,1.4
8915,Palestinian prime minister arrives in Gaza for ambitious attempt to reconcile rival Palestinian factions,Palestinian prime rib arrives in Gaza for ambitious attempt to reconcile rival Palestinian factions,rib,3222111000,1.2
14356,Republicans still backing Trump judicial nominee with no trial experience,Republicans still backing Trump judicial nominee with no baking experience,baking,32110,1.4
5308,Michael Cohen Puts Up Family Apartment Against Bank Debts,Michael Cohen Puts Up Family Photo Against Bank Debts,Photo,22210,1.4
13542,Twitter defends decision not to remove Trump tweet threatening North Korea ,Twitter defends decision not to remove Trump tweet threatening gorilla ,gorilla,33210,1.8
8309,Trump likely to visit FBI headquarters in coming days : White House,Trump likely to demolish FBI headquarters in coming days : White House,demolish,33110,1.6
12624,"Flynn Violated Constitution With Russia Speech , Democrats Say","Flynn Violated Constitution With martini Speech , Democrats Say",martini,22110,1.2
5050,"North Korea : Mike Pompeo met with Kim Jong-un over Easter , Trump confirms","North Korea : Mike Pompeo met with bunny over Easter , Trump confirms",bunny,33221,2.2
12178,Safe Space Event Organizer Claims She Would n’t ‘ Feel Safe ’ Describing Event to Reporter,Safe Space Event Lunatic Claims She Would n’t ‘ Feel Safe ’ Describing Event to Reporter,Lunatic,32100,1.2
3405,North Korea is building mysterious artificial islands that would be perfect for missile launches,North Korea is worshiping mysterious artificial islands that would be perfect for missile launches,worshiping,22111,1.4
12234,FedEx Stands Behind Driver Caught on Viral Video Stopping Protesters from Burning American Flag ,FedEx Stands Behind Driver Caught on Viral Video Stopping Protesters from Burning taco ,taco,21111,1.2
12012,MyPillow Announces ‘ Strong ’ Sales After Refusal to Boycott Ingraham Angle,MyPillow Announces ‘ Strong ’ Naps After Refusal to Boycott Ingraham Angle,Naps,33221,2.2
587,"Repealing Obamacare without replacement would hike premiums 20 % and leave 18 million uninsured , report says","Repealing Obamacare without replacement would hike premiums 20 % and leave 18 million uninsured , puppy says",puppy,32200,1.4
5527,Senate passes tax overhaul bill with last-minute changes and hand-written scribbles,Senate passes tax overhaul bill with last-minute crayons and hand-written scribbles,crayons,3333321100,1.9
5515,Trump Lawyers Want A Second Special Counsel,Trump toupees Want A Second Special Counsel,toupees,32110,1.4
355,Legal experts say Donald Trump Jr has just confessed to a federal crime ,Legal experts say Donald Trump Jr has just confessed to a federal Priest ,Priest,22221,1.8
4694, Healthcare debate highlights the split that threatens to paralyze Republicans, Banana debate highlights the split that threatens to paralyze Republicans,Banana,32110,1.4
8726,Trump hears Christmas sermon about ' the power of words ',Trump hears Christmas sermon about ' the definition of words ',definition,22200,1.2
5470,US has a daunting to-do list to get ready for NKorea summit ,US has a daunting to-do list to get ready for NKorea party ,party,22111,1.4
564,"The ‘ American Health Care Act ’ Is a Wealth Grab , Not A Health Plan","The ‘ American Health Care Act ’ Is a Crotch Grab , Not A Health Plan",Crotch,32220,1.8
13756,Trump 's pick for head of the Federal Reserve just raised rates .,Trump 's pick for head of the Federal Reserve just raised puppies .,puppies,21111,1.2
13538,When Abbas spews anti-Semitic vitriol the response is thunderous . Not so much for Poland 's prime minister ,When Abbas spews anti-Semitic vitriol the response is thunderous . Not so much for Poland 's prime rib ,rib,21111,1.2
6931,A side-by-side comparison of Obamacare and the GOP ’s replacement plan - Los Angeles Times,A side-by-side comparison of Obamacare and the GOP ’s replacement shake - Los Angeles Times,shake,32110,1.4
12285,HB2 Repeal : North Carolina Legislature Votes to Overturn Controversial ‘ Bathroom Bill ’,HB2 Repeal : North Carolina Legislature Votes to Overturn Controversial ‘ Bathroom showers ’,showers,22211,1.6
10306,Democrats to seek assurances from Sessions on Russia investigation,Democrats to seek assurances from moms on Russia investigation,moms,33210,1.8
4189,"Russia investigation makes US ' look very bad , ' Trump says","Russia investigation makes US ' smell very bad , ' Trump says",smell,3322222211,2.0
2916,"WATCH : Jeremy Scahill says Fareed Zakaria ‘ would have sex with ’ missile strike , bashes media coverage of Syria on CNN","WATCH : Jeremy Scahill says Fareed Zakaria ‘ would have sex with ’ missile Silo , bashes media coverage of Syria on CNN",Silo,33110,1.6
4768,"Presidents Club : Women Groped at Exclusive Charity Event Filled With Politicians , Businessmen and Media Elite","Presidents Club : Women Groped at Exclusive Trump Event Filled With Politicians , Businessmen and Media Elite",Trump,32100,1.2
5735,Key quotes from James Comey 's testimony to Congress - BBC News,Key quotes from James Comey 's ballad to Congress - BBC News,ballad,22110,1.2
1981,Republicans still backing Trump judicial nominee with no trial experience,Republicans still backing Trump judicial nominee with no adult experience,adult,33210,1.8
13748,' Suck Up ' Mitt Romney Trolled For Flip-Flopping On Trump 's Endorsement ,' Suck Up ' Mitt Romney Trolled For Flip-Flopping On Trump 's hair ,hair,33211,2.0
10167,GOP senator to Bannon : Russia ' would love nothing ' more than for US to drop probe ,GOP senator to Bannon : Russia ' would love nothing ' more than for US to drop weight ,weight,32211,1.8
14801,"The Long , Lonely Road of Chelsea Manning","The Long , Lonely hair of Chelsea Manning",hair,3322111110,1.5
3579,"Kim Pays a Second Surprise Visit to China , Heightening Diplomatic Drama","Kim Pays a Second Surprise Visit to playground , Heightening Diplomatic Drama",playground,33210,1.8
6041,White House confirms visit from Mexican president is off,White House confirms visit from Mexican chihuahua is off,chihuahua,32222,2.2
11848,"Sam Harris , Charles Murray , and the allure of race science","Sam Harris , Charles Murray , and the allure of werewolf science",werewolf,32110,1.4
11656,U.S. senators near deal on Russia sanctions ,U.S. senators near deal on Russia vodka ,vodka,22210,1.4
2771,Greenspan Says Trump Has a Math Problem With His Budget ,Greenspan Says Trump Has a Math Problem With His taxes ,taxes,31111,1.4
4458,"Jerusalem Mayor to Trump : Do n’t be Intimidated By Palestinian Threats Of Violence , Move Embassy","Jerusalem Mayor to Trump : Do n’t be Intimidated By Palestinian Threats Of snuggles , Move Embassy",snuggles,32222,2.2
9899,Examining What We Know And Do n't Know About Trump And Russia ,Examining What We Know And Do n't Know About Trump And tanning ,tanning,33322,2.6
5361,Bill Maher : Donald Trump Is ‘ Capable ’ Of Ordering Assassinations ,Bill Maher : Donald Trump Is ‘ Capable ’ Of Ordering takeout ,takeout,22221,1.8
14838,ROBERT MUELLER IS CLOSING IN on Trump . Here 's proof .,ROBERT MUELLER IS CLOSING IN on obesity . Here 's proof .,obesity,31110,1.2
3235,Trump to GOP senators : ' Inaction is not an option ',Trump to GOP senators : ' Competence is not an option ',Competence,32210,1.6
169,"Trump , GOP Hill leaders to meet at Camp David in January","Trump , GOP Hill leaders to meet at circus in January",circus,32211,1.8
5950,U.S. ethics office releases Trump 's financial disclosure,U.S. ethics office Incinerated Trump 's financial disclosure,Incinerated,22210,1.4
7286,Tucker Carlson interview goes sideways when guest accuses him of defending Putin,Tucker Carlson sleepover goes sideways when guest accuses him of defending Putin,sleepover,33321,2.4
5160,Why Gorsuch could lead court in wrong direction,Why Gorsuch could lead goats in wrong direction,goats,32100,1.2
4250,Bill Maher : “ I doubt that Trump will be president the full term ”,Bill Maher : “ I doubt that Trump will be imprisoned the full term ”,imprisoned,32200,1.4
8773,"My fellow snowflakes WE did the impossible in Alabama , now onto Texas ! Support Beto for Texas senate , removing Cruz !","My fellow snowflakes WE did the impossible in Alabama , now onto Texas ! Support Beto for Texas senate , hugging Cruz !",hugging,32110,1.4
4561,Senators grill top intelligence officials about whether Trump pressured them to ease off Russia investigations,Senators grill top intelligence officials about whether Trump pressured them to ease off haircut investigations,haircut,32210,1.6
10084,"Defense Dept. charged nearly $ 140,000 at Trump branded properties ","Defense Dept. charged nearly $ 140,000 at Trump branded bordellos ",bordellos,31110,1.2
6391,The N.F.L. Is Now One of the Most Divisive Brands in the U.S.,The N.F.L. Is Now One of the Most Divisive Circuses in the U.S.,Circuses,32210,1.6
7061,Qatar approves law allowing some foreigners permanent residency ,Qatar approves law allowing some foreigners permanent hairdos ,hairdos,21111,1.2
7903,The UK promised us Hong Kong would never walk alone – Theresa May has to keep that promise,The UK promised us Hong Kong would never sleep alone – Theresa May has to keep that promise,sleep,33222,2.4
2218,"Somewhere between his hero , Justice Scalia , and former boss , Justice Kennedy","Somewhere between his hero , Justice Scalia , and former lover , Justice Kennedy",lover,32211,1.8
3072,"North Korea to US : if you attack us , we ’ll respond with nukes","North Korea to US : if you tickle us , we ’ll respond with nukes",tickle,22211,1.6
4932,North Korea threatens US with more ' unexpected gift packages ' after missile test,North Korea threatens US with more ' unexpected gift packages ' after pinball test,pinball,32111,1.6
11044,"Kim Jong Un agrees to meet Donald Trump at DMZ , sources say","Kim Jong Un agrees to kiss Donald Trump at DMZ , sources say",kiss,32111,1.6
9691,"Roseanne Barr Smacks Down ‘ A ** hole ’ Michelle Wolf : ‘ Comedy Comes From Love , Not Hate ’","Roseanne Barr Smacks Down ‘ A ** hole ’ Michelle Wolf : ‘ marriage Comes From Love , Not Hate ’",marriage,22110,1.2
12100,House Republicans Say G.O.P. Establishment Opened Way for Russian Influence ,House Republicans Say G.O.P. Establishment Opened Way for Russian circus ,circus,22111,1.4
14298,Why Congress just killed a rule restricting coal companies from dumping waste in streams,Why Congress just killed a rule restricting coal companies from dumping children in streams,children,33210,1.8
4287,Scaramucci apologizes to Maddow for ' lighthearted ' suppository joke ,Scaramucci apologizes to Maddow for ' lighthearted ' suppository demonstration ,demonstration,33300,1.8
533,"Donald Trump Jr . To Testify Publicly In Russia Probe ' This Fall , ' Top Democrat Says","Donald Trump Jr . To Testify Publicly In Rectal Probe ' This Fall , ' Top Democrat Says",Rectal,33100,1.4
6203,Donald Trump ' should lift sanctions and use aid instead of weapons ' on North Korea,Donald Trump ' should lift sanctions and use pomade instead of weapons ' on North Korea,pomade,32110,1.4
9502,Facebook introduces new tools to let people delete and see their data as scandal continues,Facebook introduces new tools to let people delete and see their relatives as scandal continues,relatives,22200,1.2
4562,The six tribes that could shape Europe 's future,The six diets that could shape Europe 's future,diets,32220,1.8
9736,"Yates , Clapper To Testify In Open House Hearing On Russian Election Meddling","Yates , Clapper To Testify In Open treehouse Hearing On Russian Election Meddling",treehouse,32211,1.8
12699,Theresa May orders biggest expulsion of Russian spies in 30 years in response to Salisbury poisoning,Theresa May orders biggest expulsion of Russian potatoes in 30 years in response to Salisbury poisoning,potatoes,33220,2.0
7689,Do n’t look to the president for moral leadership ,Do n’t look to the president for moral behavior ,behavior,32111,1.6
11816,Shouting match erupts in Senate over GOP tax plan,Shouting match erupts in Senate over GOP appetizer plan,appetizer,22110,1.2
11236,Key issues at play in secret health talks,Key limes at play in secret health talks,limes,31111,1.4
12042,Trump tweets out meme of himself eclipsing Obama in morning rant,Trump tweets out meme of himself mooning Obama in morning rant,mooning,32111,1.6
8519, Ruble plunges for 2nd day following US sanctions, Neckline plunges for 2nd day following US sanctions,Neckline,22110,1.2
3878,"Iran , Turkey , Extremists Are ‘ Triangle of Evil , ’ Saudi Crownprince Bin Salman Says","Iran , Turkey , stuffing Are ‘ Triangle of Evil , ’ Saudi Crownprince Bin Salman Says",stuffing,33111,1.8
8912,Israeli Prime Minister Benjamin Netanyahu may be regretting forcing his ministers to meet Donald Trump,Israeli Prime Minister Benjamin Netanyahu may be regretting forcing his puppy to meet Donald Trump,puppy,32210,1.6
7263,Jack Bobridge : Olympic cyclist accused of selling drugs ,Jack Bobridge : Olympic cyclist accused of selling pancakes ,pancakes,32211,1.8
14605,"When Trump needs a friend , that ’s what ‘ Fox &amp; Friends ’ are for","When Trump needs a Puppy , that ’s what ‘ Fox &amp; Friends ’ are for",Puppy,32211,1.8
9106,"Donald Trump Refuses to Send More Aid to Puerto Rico , Citing Business Interests","Donald Trump Refuses to Send More towels to Puerto Rico , Citing Business Interests",towels,22211,1.6
212,"Live , long and black giant shipworm found in Philippines","Live , long and black giant bean found in Philippines",bean,33100,1.4
12222,Limbaugh : Everything Anti-Gun Parkland Students Are Doing ‘ Is Right Out of the Democrat Party ’s Various Playbooks ’,Limbaugh : Everything Anti-Gun Parkland Students Are Doing ‘ Is Right Out of the Democrat Party ’s Various comics ’,comics,22210,1.4
3722,British security minister says North Korea was behind WannaCry hack on NHS,British security minister says bacteria was behind WannaCry hack on NHS,bacteria,31110,1.2
4967,Two personalities Trump follows on Twitter apparently hacked,Two personalities Trump trolls on Twitter apparently hacked,trolls,22110,1.2
8969,"Mitch McConnell says Democrats ' planned filibuster of Neil Gorsuch is "" new low ""","Mitch McConnell says Democrats ' planned wedgie of Neil Gorsuch is "" new low """,wedgie,33320,2.2
1677,Hillary Clinton Staffers Considered Campaign Slogan ' Because It 's Her Turn ',Hillary Clinton Staffers Considered drinking Slogan ' Because It 's Her Turn ',drinking,33221,2.2
8937,"Missing text messages between two FBI employees have been located , according to a Department of Justice official","Missing text messages between two FBI employees have been located , according to a Department of Frivolity official",Frivolity,32100,1.2
6678,The drama behind Trump ’s assertion that the National Enquirer deserved a Pulitzer,The drama behind Trump ’s assertion that the National Enquirer stole a Pulitzer,stole,32210,1.6
5197,Donald Trump inauguration : Watch moment billionaire becomes President and gains control of nuclear codes,Donald Trump inauguration : Watch moment billionaire becomes President and loses control of nuclear codes,loses,32100,1.2
1809,California and President Trump are going to war with each other,California and President Trump are going to prom with each other,prom,32110,1.4
2960,"AP Fact Check : An angry Trump twists facts about raid , probe","AP Fact Check : An angry alien twists facts about raid , probe",alien,33100,1.4
1575,"Syrian President Assad faces international pressure to step down , but in Damascus there is a mood of defiance","Syrian President Assad faces international pressure to boogie down , but in Damascus there is a mood of defiance",boogie,3333322110,2.1
13300,Deficits do n’t matter ( again ) ! Paul Ryan promotes Congress ’ upcoming spending binge,Deficits do n’t matter ( again ) ! Paul Ryan promotes Congress ’ upcoming television binge,television,32220,1.8
13144,How a “ diaper protest ” imploded a conservative student group,How a “ diaper protest ” imploded a conservative constipation group,constipation,33210,1.8
7553,U.S. Supreme Court divided over Texas electoral district fight,U.S. Supreme Court divided over Texas electoral pillow fight,pillow,22210,1.4
12291,Melania Trump Hits Back on Wolff Book : ‘ Work of Fiction ’ Spokesperson Says,Melania Trump Hits Back on recipe Book : ‘ Work of Fiction ’ Spokesperson Says,recipe,21111,1.2
9001,A teacher set up a dictatorship to teach her students about 1984 . The kids fought back .,A clown set up a dictatorship to teach her students about 1984 . The kids fought back .,clown,32210,1.6
7582,School shooting in Mexico : Kid opens fire on his classmates and teacher at private school in the city of Monterrey,School shooting in Mexico : goat opens fire on his classmates and teacher at private school in the city of Monterrey,goat,32100,1.2
6608,Indonesian Muslim Candidate Wins Jakarta Election-Pollsters,Indonesian Muslim Candidate Eats Jakarta Election-Pollsters,Eats,22111,1.4
7866,Trump Russia claims : Mood in the White House is ' fantastic ',Trump Russia claims : Collusion in the White House is ' fantastic ',Collusion,33210,1.8
12223,U.S. imposes new sanctions on members of Venezuela 's Supreme Court,U.S. imposes new sanctions on aliens of Venezuela 's Supreme Court,aliens,22110,1.2
4142,East coast readies for fresh climate fight as Trump eyes more offshore drilling ,East coast readies for fresh climate fight as Trump eyes more offshore Surfing ,Surfing,33331,2.6
13761,Trump called for a government shutdown over immigration and it makes no sense,Trump called for a government shutdown over prom and it makes no sense,prom,32211,1.8
4841,"Europe ' in battle mood ' over Trump 's threat on steel imports : "" We will react with counter measures within a few days ""","Europe ' in battle mood ' over Trump 's threat on steel imports : "" We will react with counter measures within a few decades """,decades,31110,1.2
2195,"California driver caught on video punching deputy in face , speeding away in vehicle","California rooster caught on video punching deputy in face , speeding away in vehicle",rooster,32110,1.4
13395,Tentative Tax Deal Scraps Hit on Tuition for Graduate Students,Tentative Tax Deal Scraps Hit on Tuition for preschool Students,preschool,22110,1.2
9998,Infowars host Alex Jones threatens Adam Schiff : “ I ’ll beat your goddamn ass ”,Infowars host Alex Jones threatens Adam Schiff : “ I ’ll wipe your goddamn ass ”,wipe,32210,1.6
13494,Facebook says it will investigate how presidential campaigns used its platform during the election,Facebook says it will investigate how presidential campaigns used its women during the election,women,22110,1.2
3826,DNC chairman : Dems ‘ have to have an every ZIP code strategy ’,DNC chairman : Dems ‘ have to have an every ZIP tie strategy ’,tie,32100,1.2
13295,Ex-Obama official mocks Sen. Paul for getting ' beat up ' by neighbor ,Ex-Obama official mocks Sen. Paul for getting ' beat up ' by child ,child,22111,1.4
11399,Only 24 % of Americans think their country is heading in the right direction : Poll,Only 24 % of Americans think their country is staggering in the right direction : Poll,staggering,22200,1.2
9807,Trump has mastered the art of seeming like he ’s telling the truth,Trump has mastered the art of seeming like he ’s smelling the truth,smelling,22200,1.2
12422,"' Not way off , but off ' : Trump challenges reports he meddled in Russia inquiry ","' Not way off , but off ' : Trump challenges reports he meddled in Russia dressing ",dressing,32111,1.6
8225,A Guide to the Violence in Charlottesville,A Guide to the Bathrooms in Charlottesville,Bathrooms,32211,1.8
1687,Trump trade crackdown ' not about China ',Trump Dinnerware crackdown ' not about China ',Dinnerware,32200,1.4
12017,Trump Defends Arpaio Pardon as GOP Establishment Joins the Left,Trump Defends Arpaio Pardon as GOP Plumber Joins the Left,Plumber,32100,1.2
13685,Trump has the upper hand in North Korea talks,Trump has the upper hand in finger talks,finger,32110,1.4
121,"Mulvaney says it 's "" difficult "" to cut spending in Washington , blames Congress","Mulvaney says it 's "" difficult "" to cut spending in casino , blames Congress",casino,33310,2.0
14324,Trump Impeachment House Parties To Take Place Across U.S. Ahead of Presidents Day,Trump Hiphop House Parties To Take Place Across U.S. Ahead of Presidents Day,Hiphop,32111,1.6
3255," Trump offers strongest support yet for Roy Moore , attacks Democrat"," undergarment offers strongest support yet for Roy Moore , attacks Democrat",undergarment,32210,1.6
13834,Shrinking Bears Ears : Another massive insult to Native Americans,Shrinking testicles : Another massive insult to Native Americans,testicles,33321,2.4
14128,U.S. Officials ' Warned Israel ' Not to Share Sensitive Intel With Trump,U.S. Officials ' Warned Blonde ' Not to Share Sensitive Intel With Trump,Blonde,33310,2.0
11993,New York 's Rep. Louise Slaughter dies after being hospitalized for a fall,New York 's Rep. Louise Slaughter cartwheels after being hospitalized for a fall,cartwheels,32110,1.4
14380,IS defector : ' I want to go home ',IS defector : ' I want to go shopping ',shopping,22111,1.4
12992,Seattle Judge 's Ruling Blocks US President 's Immigration Order : Effective Immediately,Seattle Judge 's Ruling Blocks US President 's Pizza Order : Effective Immediately,Pizza,32211,1.8
1571, Party animal Arizona lawmaker expelled after #MeToo movement, actual animal Arizona lawmaker expelled after #MeToo movement,actual,22110,1.2
6400,"In an apparent first , Iran and Israel engage each other militarily","In an apparent first , Iran and Israel snuggle each other militarily",snuggle,32110,1.4
3160,New tack in Trump defense : The Mueller grand jury is too black,New tack in Trump defense : The Mueller grand daddy is too black,daddy,32100,1.2
6477,Bernstein : GOP criminal referral for Trump dossier author a ' glowing red herring ',Bernstein : GOP criminal referral for Trump dossier author a ' glowing red tomato ',tomato,22110,1.2
13180,North Korea reportedly cancels high level talks with South Korea ,North Korea reportedly cancels high level talks with Self ,Self,22110,1.2
11918,Congresswoman apologizes for not protecting women in her office ,Congresswoman apologizes for not protecting women in her harem ,harem,33320,2.2
10904,"Kim Pays a Second Surprise Visit to China , Heightening Diplomatic Drama","Kim Pays a Second Surprise Visit to salon , Heightening Diplomatic Drama",salon,22111,1.4
13808,Trump campaign had at least 18 undisclosed contacts with Russians during 2016 race,Trump campaign had at least 18 undisclosed contacts with bookmakers during 2016 race,bookmakers,33000,1.2
2390,""" We could be separated "" : Immigrants , families react after Trump administration ends protected status",""" We could be separated "" : mimes , families react after Trump administration ends protected status",mimes,22110,1.2
415,Trump chief of staff : defense officials not off NSC after Bannon move ,Trump chief of staff : defense officials not off NSC after Bannon tantrum ,tantrum,32210,1.6
12750,Here ’s the Chain Reaction Trump Could Set Off by Trying to Fire Mueller,Here ’s the Chain Reaction Trump Could Set Off by Trying to hug Mueller,hug,32110,1.4
1435,NRA whines in new ad : Trump is victim of “ the most ruthless attack on a president ”,NRA whines in new ad : Trump is victim of “ the most ruthless attack on a buffoon ”,buffoon,22200,1.2
14532,AP FACT CHECK : Trump and the Washington blame game,AP FACT CHECK : Trump and the Washington hopscotch game,hopscotch,22210,1.4
2736,"Finally , a universal healthcare proposal that would work for everyone","Finally , a universal margarita proposal that would work for everyone",margarita,32211,1.8
7177,Trump tweets “ Mission Accomplished ! ” after Syria bombing,Trump tweets “ Mission Accomplished ! ” after moon bombing,moon,32110,1.4
9939,US shipping vast amounts of a dirty oil byproduct worldwide,US shipping vast amounts of a dirty laundry byproduct worldwide,laundry,33111,1.8
11128,Trump set to meet Pope and Italian PM Gentiloni .,Trump set to frisk Pope and Italian PM Gentiloni .,frisk,32110,1.4
8380,This Is What Happens When You Let Trump Be Trump ,This Is What Happens When You Let Trump Be drunk ,drunk,33211,2.0
3619,White House aide joked of ' dying ' McCain,White House aide disposed of ' dying ' McCain,disposed,33311,2.2
3280,Haley : ' The US will be taking names ' when UN votes on Jerusalem decision,Haley : ' The US will be taking knees ' when UN votes on Jerusalem decision,knees,31111,1.4
8463,Report : GOP operative who looked for Clinton emails committed suicide ,Report : GOP operative who looked for Clinton emails committed felony ,felony,32210,1.6
10891,Ex-Trump official Carl Higbie defends racist remarks that led to his resignation ,Ex-Trump official Carl Higbie defends racist remarks that led to his success ,success,22210,1.4
11022,Liberals need to stop being apologists for radical Islamists ,Liberals need to stop being apologists for radical alpacas ,alpacas,31110,1.2
5657,China Lavishes Red-Carpet Treatment On Trump As He Arrives For Talks With Xi Jinping,China Lavishes Red-Carpet Treatment On Trump As He Arrives For nibbles With Xi Jinping,nibbles,32210,1.6
12714,Watchdog group wants federal probe into porn actress payment ,Watchdog group wants federal probe into porn actress diet ,diet,33110,1.6
7653,"Canadians may pay more taxes than Americans , but here 's what they get for their money ","Canadians may pay more taxes than Americans , but here 's what they get for their maple ",maple,32221,2.0
3846,Labor Secretary Nominee Puzder expected to withdraw .,Labor Secretary Nominee Puzder expected to work .,work,22200,1.2
8324,Saying Trumpcare Will Kill Americans Is n’t Partisan . It ’s True .,Saying Trumpcare Will Kill germs Is n’t Partisan . It ’s True .,germs,22111,1.4
313,Trump undercuts White House stance hours before critical surveillance vote,Trump undercuts White House bathroom hours before critical surveillance vote,bathroom,31111,1.4
4430,Charlottesville council votes to move 2nd Confederate Statue,Charlottesville council votes to elect 2nd Confederate Statue,elect,22200,1.2
5249,Fact-check : How some of Trump ’s State of the Union claims stand up to reality,Fact-check : How some of Trump ’s State of the Union lies stand up to reality,lies,32210,1.6
6295, Lobbying Frenzy Begins on Tax Bill, Bribing Frenzy Begins on Tax Bill,Bribing,32221,2.0
13390,Trump camp faces a complex scramble in avoiding potential conflicts ,Trump camp faces a complex scramble in avoiding potential omelettes ,omelettes,33211,2.0
11895,"Earthquake hits Indonesia 's Java island , deaths reported","Earthquake hits Indonesia 's Java island , dancing reported",dancing,32100,1.2
14698,Jane Goodall Wants You To Stand Up To Those Who Belittle Science,Jane Goodall Wants You To Throw Up To Those Who Belittle Science,Throw,33100,1.4
10887,Trump 's 180 Degree Shift on Russia Brings Geopolitical Whiplash,Trump 's 180 Degree Shift on Diapers Brings Geopolitical Whiplash,Diapers,33200,1.6
14583,Top labor leader resigns from Trump ’s jobs council after Trump blames ‘ both sides ’ for Charlottesville violence,Top labor leader resigns from Trump ’s jobs council after Trump blames ‘ both pies ’ for Charlottesville violence,pies,32110,1.4
11655,"Trump On North Korea : ‘ We Have No Road Left , ’ ‘ Who Knows ’ What Happens After Winter Olympics ","Trump On North Korea : ‘ We Have No Road Left , ’ ‘ Who Knows ’ What Happens After dinner ",dinner,22210,1.4
12169,House to vote on sexual harassment overhaul this week,House to vote on sexual harassment dance this week,dance,31110,1.2
3449,Trump is reportedly calling up Fox personalities during White House meetings,Trump is reportedly calling up multiple personalities during White House meetings,multiple,3222221000,1.4
5696,GOP rep. wo n't say which state options he prefers,GOP rep. wo n't say which appetizer options he prefers,appetizer,22111,1.4
5076,Turkey Gears Up for ‘ Risky ’ Syria Mission With Russia and Iran,Turkey Gears Up for ‘ Risky ’ dinner Mission With Russia and Iran,dinner,31111,1.4
11238,Sen. Al Franken Embraces ' The Funny ' Again In New Book,Sen. Al Franken gropes ' The Funny ' Again In New Book,gropes,22200,1.2
806,' Is he confused or are you confused ? ' : Sean Spicer grilled by reporters in heated exchange over Trump 's travel ban,' Is he confused or are you confused ? ' : Sean Spicer grilled by reporters in heated exchange over Trump 's deodorant ban,deodorant,33110,1.6
14846,Majority of Americans against Trump 's wall and do not believe Mexico will pay for it,Majority of Americans against Trump 's couch and do not believe Mexico will pay for it,couch,22210,1.4
13870,Oil takes a 4 % nosedive as OPEC &amp; Russia consider reducing output caps,Oil takes a 4 % nosedive as OPEC &amp; Russia consider reducing baseball caps,baseball,32221,2.0
12216,"Disgusted By Trump , A CIA Officer Quits . How Many More Could Follow ?","Disgusted By smoking , A CIA Officer Quits . How Many More Could Follow ?",smoking,33110,1.6
12176,BET founder : Trump 's economy is bringing black workers back into the labor force,BET founder : Trump 's economy is bringing black magic back into the labor force,magic,33222,2.4
13449,Sean Hannity ’s long-standing defense of sexual abusers,Sean Hannity ’s long-standing promotion of sexual abusers,promotion,22210,1.4
3714,How Trump 's Twitter account is fueling a GOP money surge,How Trump 's Twitter account is fueling a GOP candy surge,candy,22210,1.4
2622,Crisis in Chicago - 60 minutes report on Chicago 's surge in murders ,Crisis in Chicago - 60 minutes report on Chicago 's surge in cavities ,cavities,32200,1.4
7208,5 Takeaways From the Failed Senate Effort to Repeal Obamacare,5 sleepovers From the Failed Senate Effort to Repeal Obamacare,sleepovers,22110,1.2
3145,Cory Booker : The system is rigged against working Americans ,Cory Booker : The system is rigged against working penguins ,penguins,22211,1.6
13970,Treasury agency blindsided by Sessions marijuana crackdown : report,Treasury agency blindsided by Sessions marijuana smoking : report,smoking,32211,1.8
3546,James Comey calls Donald Trump ' morally unfit ' in scathing interview ,James Comey calls Donald Trump ' morally unfit ' in scathing musical ,musical,32211,1.8
9481,Trump dines with South Korean president at White House,Trump bowls with South Korean president at White House,bowls,32210,1.6
2322,Judge says former Trump campaign manager Paul Manafort might spend ' the rest of his life in prison ',Judge says former Trump campaign manager Paul Manafort might party ' the rest of his life in prison ',party,32211,1.8
1029,Why this political scientist thinks the Democrats have to fight dirty,Why this political scientist thinks the squirrel have to fight dirty,squirrel,22211,1.6
1592,North Korea ICBMs : Pyongyang says it will conduct nuclear missile test ' anytime and anywhere it wants ',North Korea ICBMs : Pyongyang says it will sing nuclear missile test ' anytime and anywhere it wants ',sing,33000,1.2
3434,Hoboken elects first Sikh mayor in New Jersey state history,Hoboken elects first weasel mayor in New Jersey state history,weasel,32221,2.0
11632,Obama Admin lawyers had ‘ justifiable concerns ’ about sharing intel with Trump team .,Obama Admin lawyers had ‘ justifiable concerns ’ about sharing intel with donkey team .,donkey,32100,1.2
7749, Bump Stock Maker Resumes Sales One Month After Las Vegas Mass Shooting, Chicken Stock Maker Resumes Sales One Month After Las Vegas Mass Shooting,Chicken,32110,1.4
2600,"If the G.O.P. Tax Plan Hurts You , Congressmen Say It ’s Your State ’s Fault","If the G.O.P. Tax Plan Hurts You , Congressmen Say It ’s Your imagination ’s Fault",imagination,32210,1.6
2741,Trump Booed At Davos For Criticizing ‘ Fake ’ Media ’,Trump Booed At Davos For Criticizing ‘ Fake ’ hair ’,hair,33211,2.0
10793,Trump and Sessions locked in silent battle,Trump and speech locked in silent battle,speech,33210,1.8
9189, Sleeping with the Trumps, Spooning with the Trumps,Spooning,33221,2.2
8321,Nobel Peace Prize Winner blames world conflicts on illegal immigration,Nobel Peace Prize Winner blames world cuisines on illegal immigration,cuisines,33111,1.8
13851,NRA ’s Wayne LaPierre instructs CPAC to “ be frightened ” of “ socialist wave ” following Parkland,NRA ’s Wayne LaPierre instructs CPAC to “ be frightened ” of “ socialist picnics ” following Parkland,picnics,22211,1.6
2409,"Trump forced women to wear "" very tiny "" bathing suits and higher heels after buying beauty pageants","Trump forced sons to wear "" very tiny "" bathing suits and higher heels after buying beauty pageants",sons,33332,2.8
2015,Dems give props to Kimmel as ObamaCare repeal stumbles,Dems give muffins to Kimmel as ObamaCare repeal stumbles,muffins,33210,1.8
8281, Hillary Clinton on election meddling : Russians ' will be back ', Terminator on election meddling : Russians ' will be back ',Terminator,33310,2.0
2352,Texas Senate poll : Beto O’Rourke 3 points behind Ted Cruz,Texas Senate poll : Beto O’Rourke 3 drinks behind Ted Cruz,drinks,3322221110,1.7
9127,Trump is likely going to visit FBI headquarters in the next few days,Trump is likely going to burn FBI headquarters in the next few days,burn,22211,1.6
2105,$ 200 million eyeballed for Donald Trump 's inauguration ,$ 200 million eyeballed for Donald Trump 's tan ,tan,31111,1.4
5861,"Virginia Car Attack Possible ' Hate Crime , ' Sessions Says","Virginia squirrel Attack Possible ' Hate Crime , ' Sessions Says",squirrel,32221,2.0
9288,FBI Raids Office Of Trump Lawyer Michael Cohen : Report,FBI Raids Office Of Trump janitor Michael Cohen : Report,janitor,32211,1.8
2377,U.K. Outcry at Trump ’s Tweets Reopens Fight Over State Visit,U.K. Outcry at Trump ’s Tweets Reopens Fight Over brothel Visit,brothel,33210,1.8
8030,Trump to Replace H. R. McMaster as Security Adviser With John Bolton ,Trump to Replace H. R. McMaster as Security Adviser With guns ,guns,32210,1.6
3847,Graham on health care : ‘ I ’d like to see a bill that people actually liked ’,Graham on health care : ‘ I ’d like to see a disease that people actually liked ’,disease,32210,1.6
9403,"Turkey suspends 9,103 police personnel over alleged links with failed coup : CNN Turk","Turkey promotes 9,103 police personnel over alleged links with failed coup : CNN Turk",promotes,32100,1.2
14134,Congresswoman apologizes for not protecting women in her office,Congresswoman apologizes for not protecting tables in her office,tables,32100,1.2
8917,Report : Trump Wants His Chief Of Staff To Get Rid Of Jared And Ivanka,Report : Trump Wants His Chief Of Assassinations To Get Rid Of Jared And Ivanka,Assassinations,33321,2.4
6102,Tracking Trump : Clinton warns of dystopia and Trump pivots on Daca,Tracking Trump : Clinton warns of dystopia and Trump Vomits on Daca,Vomits,32221,2.0
8648,Shocking scale of US drinking water crisis,Shocking scale of US drinking paint crisis,paint,31111,1.4
12487,DHS : Deportations Of Illegal Aliens Living Across U.S. Increase 37 Percent Under Trump,DHS : Deportations Of Elderly Living Across U.S. Increase 37 Percent Under Trump,Elderly,22110,1.2
11069,"Pence was set to meet with North Korean officials , but they canceled","Pence was set to party with North Korean officials , but they canceled",party,33211,2.0
9804,Upbeat Trump Returns to Texas to Meet With Storm Victims,Upbeat Trump Returns to Texas to Loot With Storm Victims,Loot,33220,2.0
2765,Soros takes aim at Facebook and Google,Soros takes showers at Facebook and Google,showers,22110,1.2
8331, Republican donor sues GOP for fraud over ObamaCare repeal failure, Sperm donor sues GOP for fraud over ObamaCare repeal failure,Sperm,32221,2.0
6817,Green groups sue Trump administration for approving Keystone pipeline,Green frogs sue Trump administration for approving Keystone pipeline,frogs,22111,1.4
1825,"Trending BBC Trump-St Patrick 's Day clover confusion , and Indian minister in sexist row","Trending BBC Trump-St Patrick 's Day leprechaun confusion , and Indian minister in sexist row",leprechaun,32111,1.6
3821,Donald Trump set to overturn Obama administration 's overtime pay law,Donald Trump set to overturn Obama administration 's monkey pay law,monkey,32220,1.8
14175,Collision course over Trump directive as airport turmoil mounts,Collision course over Trump hats as airport turmoil mounts,hats,33220,2.0
9093,Puerto Rico Bondholders Reject Island 's Restructuring Offer,Puerto Rico grandmas Reject Island 's Restructuring Offer,grandmas,32110,1.4
13190,Bill Maher : Donald Trump Is ‘ Capable ’ Of Ordering Assassinations ,Bill Maher : Donald Trump Is ‘ Capable ’ Of Ordering lunch ,lunch,32110,1.4
7147,67 NRA-Approved Politicians Voted For New Florida Gun Control Bill : Report,67 NRA-Approved robots Voted For New Florida Gun Control Bill : Report,robots,22110,1.2
2000,Judge issues gag order in Manafort-Gates case,Judge issues gag reflex in Manafort-Gates case,reflex,22110,1.2
14474,"Poll : 90 Percent Oppose Removal , Erasure , of Thomas Jefferson , George Washington","Poll : 90 Percent Oppose Removal , Erasure , of zombie , George Washington",zombie,31110,1.2
11216,Trump says administration taking look at current libel laws,Trump says Wife taking look at current libel laws,Wife,31110,1.2
13052,China could strike U.S. bases in ' minutes ' — and may be practicing,China could strike U.S. bakeries in ' minutes ' — and may be practicing,bakeries,22110,1.2
13089,Support the moms who support us,Support the moms who drug us,drug,32111,1.6
10063,France just rejected the far-right and elected Emmanuel Macron ,France just rejected the far-right and elected robot ,robot,32200,1.4
12680,Spicer : ' Back channels are an appropriate part of diplomacy ',Spicer : ' Back massages are an appropriate part of diplomacy ',massages,33222,2.4
13702,Trump is being warned of impeachment by advisors,Trump is being warned of baldness by advisors,baldness,33220,2.0
5840,Trump 's national security team once joked that his tweets could 've ' overturned ' their work,Trump 's national security team once joked that his spatula could 've ' overturned ' their work,spatula,32210,1.6
7718,Ivanka Trump sales boom in February ,Ivanka Trump sales boom in fantasies ,fantasies,22110,1.2
10355,South Korea 's president is expected to face prosecutors in coming days,South Korea 's president is expected to bribe prosecutors in coming days,bribe,22211,1.6
9674,Miami Judge : New Stand-Your-Ground Law Is Unconstitutional,Miami Judge : New Stand-Your-Ground deli Is Unconstitutional,deli,32100,1.2
3498,Betsy Devos confirmed as education secretary after Pence breaks senate tie ,Betsy Devos confirmed as education secretary after Pence breaks senate window ,window,32220,1.8
6441,Trump ’s tax plan is built on a fairy tale,Trump ’s pizza plan is built on a fairy tale,pizza,21111,1.2
14439,EU says summit with Turkey provides no answers to concerns ,EU says summit with Turkey provides no answers to stuffing ,stuffing,32220,1.8
1466,George W. Bush to raise money for Ed Gillespie in Virginia,George W. Bush to raise cows for Ed Gillespie in Virginia,cows,21111,1.2
9238,New tack in Trump defense : The Mueller grand jury is too black,New tack in Trump defense : The Mueller grand coffee is too black,coffee,31111,1.4
14206,Infowars host Alex Jones threatens Adam Schiff : “ I ’ll beat your goddamn ass ”,Infowars host Alex Jones threatens Adam Schiff : “ I ’ll spank your goddamn ass ”,spank,32110,1.4
14070,President Trump says he wo n't fire special counsel Robert Mueller : ' I 'm not dismissing anybody ',President Trump says he wo n't fire special counsel Robert Mueller : ' I 'm not fooling anybody ',fooling,33210,1.8
8843,Israeli Prime Minister Benjamin Netanyahu may be regretting forcing his ministers to meet Donald Trump,Israeli Prime Minister Benjamin Netanyahu may be regretting forcing his ministers to massage Donald Trump,massage,32221,2.0
2120,Comey and the art of the well-timed leak ,Comey and the art of the well-timed egg ,egg,22221,1.8
11529,Gerrymandering for 2020 : Virginia Republicans are trying to rig the Electoral College votes for next election,Gerrymandering for 2020 : Virginia squirrels are trying to rig the Electoral College votes for next election,squirrels,32210,1.6
5764,Tennessee college senior defends posing for graduation picture with gun in her waistband,Tennessee college senior defends posing for graduation picture with cucumber in her waistband,cucumber,22210,1.4
3752,' It 's all explosive ' : Michael Wolff on Donald Trump ,' It 's all explosive ' : Michael Wolff on fireworks ,fireworks,32211,1.8
6403,Jimmy Kimmel wrecks car in head-on collision accident,Jimmy Kimmel wrecks bunion in head-on collision accident,bunion,32210,1.6
13999,"As court mulls ruling on travel ban , legal experts say edge may favor states","As court mulls ruling on beard ban , legal experts say edge may favor states",beard,22111,1.4
8447,"Evidence Russia tipped election for Trump “ staggering , ” says former U.S. intelligence chief James Clapper","Evidence Russia tipped cows for Trump “ staggering , ” says former U.S. intelligence chief James Clapper",cows,33110,1.6
2924,Patrick Meehan Wo n’t Seek Re-election in Pennsylvania ,Patrick Meehan Wo n’t Seek Re-election in Bathrobe ,Bathrobe,33221,2.2
12513,"Trump Meets Every Criteria For An Authoritarian Leader , Harvard Political Scientists Warn","Trump Eats Every Criteria For An Authoritarian Leader , Harvard Political Scientists Warn",Eats,31110,1.2
4702,Women-only luxury retreat opening in Finland ,Women-only luxury retreat opening in space ,space,21111,1.2
10494,Trump ’s mad dash to 100 days ,Trump ’s mad dash to 100 meatballs ,meatballs,32110,1.4
353,‘ Maybe the Russians Are Still Messing With Our Heads ’,‘ Maybe the Aliens Are Still Messing With Our Heads ’,Aliens,22110,1.2
11567,George Harrison 's sitar to be auctioned,George Harrison 's mustache to be auctioned,mustache,32200,1.4
2610,Oregon : 20-Year-Old Sues Kroger for Refusing to Sell Him Shotgun Shells ,Oregon : 20-Year-Old Sues Kroger for Refusing to Sell Him Shotgun weddings ,weddings,32100,1.2
3037,Trump hears Christmas sermon about ' the power of words ',Trump hears Christmas sermon about ' the power of walls ',walls,22221,1.8
7973,"Russia hits back at claims Trump shared classified information , calls them ‘ dangerous ’","Russia hits back at claims Trump shared classified toupees , calls them ‘ dangerous ’",toupees,33222,2.4
13995,Norwegians tell Trump : We do n't want to come to your s *** hole country ,Norwegians tell Trump : We do n't want to come to your s *** hole hotel ,hotel,3332221100,1.7
2116,Mexican President Enrique Peña Nieto cancels planned meeting with Trump ,Mexican President Enrique Peña Nieto cancels planned meeting with cactus ,cactus,33220,2.0
5272,Cynthia Nixon called marijuana licenses a “ form of reparations ” for black people . Not exactly .,Cynthia Nixon called marijuana licenses a “ form of relaxation ” for black people . Not exactly .,relaxation,32111,1.6
6078,Marco Rubio says Russian hackers targeted his presidential campaign staff twice,Marco Rubio says Russian hackers tickled his presidential campaign staff twice,tickled,32110,1.4
13587,Analysis | Donald Trump promised to make the ‘ best ’ deals . It ’s time to prove it on healthcare .,Analysis | Donald Trump promised to make the ‘ best ’ muffins . It ’s time to prove it on healthcare .,muffins,33210,1.8
4139,Graham on health care : ‘ I ’d like to see a bill that people actually liked ’,Graham on platypus care : ‘ I ’d like to see a bill that people actually liked ’,platypus,33220,2.0
8471,House OKs GOP bill expanding gun owners ’ rights,House OKs GOP bill expanding duck owners ’ rights,duck,22221,1.8
14775,Kellyanne Conway : Trump needs Roy Moore to cut taxes ,Kellyanne Conway : Trump needs Roy Moore to cut cheese ,cheese,32110,1.4
9245,Sean Spicer Sends Distress Signal To America With Upside-Down Flag Pin,Sean Spicer Sends smoke Signal To America With Upside-Down Flag Pin,smoke,22110,1.2
2385,EU relieved but wary after Trump endorses it as ' wonderful ',EU relieved but wary after circus endorses it as ' wonderful ',circus,22210,1.4
8790,Report : Kushner and Bannon attempt to smooth things over,Report : Kushner and Bannon attempt to smooth wrinkles over,wrinkles,32111,1.6
9523,Trump 's latest approval ratings could jeopardize his entire presidency,Trump 's latest suntan ratings could jeopardize his entire presidency,suntan,33311,2.2
6700,Hillary Clinton on election meddling : Russians ' will be back ',Hillary Clinton on election meddling : penguins ' will be back ',penguins,32222,2.2
2893,Trump Saw A Military Parade In France And Now He Wants One Of His Very Own .,Trump Saw A Military Dog In France And Now He Wants One Of His Very Own .,Dog,32100,1.2
7052,I worked with Republicans to hound Obama . I wish they would give Jared Kushner the same treatment,I worked with Republicans to tickle Obama . I wish they would give Jared Kushner the same treatment,tickle,32110,1.4
9770,Chinese state media : Trump is ' wrong ' when he says we can fix the North Korea crisis,Chinese state media : Trump is ' wrong ' when he says we can fix the zipper crisis,zipper,21111,1.2
9765,House Panel Wants Any Evidence Trump 's Phones Were Tapped,House Painter Wants Any Evidence Trump 's Phones Were Tapped,Painter,22210,1.4
7756, Steve King Warns Trump : DACA Illegal Aliens Can not Be Legalized ‘ Without Sacrificing the Rule of Law ’, Dinosaur Warns Trump : DACA Illegal Aliens Can not Be Legalized ‘ Without Sacrificing the Rule of Law ’,Dinosaur,31110,1.2
6338,Preet Bharara Says Trump Tried to Build Relationship With Him Before Firing,Preet Bharara Says Trump Tried to Build walls With Him Before Firing,walls,31110,1.2
8135,What is the US-Russian hotline being used as possible Syria strike looms ?,What is the US-Russian hotline being used as possible Syria crochet looms ?,crochet,32100,1.2
1912,"North Korea : Mike Pompeo met with Kim Jong-un over Easter , Trump confirms","North Korea : Mike Pompeo met with Clown over Easter , Trump confirms",Clown,33200,1.6
7776, Hackers stole the personal data of 57 million Uber passengers and drivers, Chimpanzees stole the personal data of 57 million Uber passengers and drivers,Chimpanzees,22110,1.2
14308,Donald Trump 's unprecedented first year in the White House in numbers ,Donald Trump 's unprecedented first year in the White House in shambles ,shambles,32100,1.2
14188,USAA says it will reinstate ads on ' Hannity ',USAA says it will reinstate warts on ' Hannity ',warts,32210,1.6
8972,Trump told advisers a government shutdown would benefit him politically,Trump told advisers a media shutdown would benefit him politically,media,33110,1.6
2452,' It 's called VOICE ' : Trump announces immigration crime program,' It 's called stupid ' : Trump announces immigration crime program,stupid,22110,1.2
3022,Trump vows to start NAFTA renegotiation talks,Trump forgot to start NAFTA renegotiation talks,forgot,22200,1.2
9658,"Kelli Ward : "" we need a clean border security bill first and foremost ""","Kelli Ward : "" we need a clean border security blanket first and foremost """,blanket,32111,1.6
13195,Jared Kushner is hyping a peace deal as Israel kills scores of Palestinian protesters during US embassy move to Jerusalem ,Jared Kushner is hyping a peace deal as Israel kills scores of Palestinian protesters during US embassy move to space ,space,22200,1.2
1470,Waters : I ' would n't waste my time ' having a private conversation with Trump ,Waters : I ' would n't waste my time ' having a private conversation with leprechauns ,leprechauns,22211,1.6
10511, Trump 's approval rating 12 points higher among men : Gallup, Beer 's approval rating 12 points higher among men : Gallup,Beer,32111,1.6
10724,Trump on Charlottesville : Racism is evil,Trump on Charlottesville : Reality is evil,Reality,32200,1.4
13776,"Macron Says Aussie PM 's Wife ' Delicious , ' Sparking Reaction ","Macron Says Aussie PM 's Wife ' Delicious , ' Sparking appetizers ",appetizers,33210,1.8
2301,Israel orders psychiatric evaluation for detained Australian,Israel orders psychiatric laughter for detained Australian,laughter,32210,1.6
14104,"Trump deserves credit for North-South Korea summit , experts say","Trump deserves cookie for North-South Korea summit , experts say",cookie,33211,2.0
227,Trump Tower meeting brings close focus on Russian lawyer ,Trump Tower meeting brings close focus on Russian roulette ,roulette,32220,1.8
11843,Delingpole : Urgent Memo to Donald Trump — Biggest Threat to the Environment Are Environmentalists ,Delingpole : Urgent Memo to Donald Trump — Biggest Threat to the Environment Are trees ,trees,32210,1.6
8547,"42 US attorney nominees , but only one woman ","42 US attorney nominees , but only one mammal ",mammal,33100,1.4
8897,"Despite Promise of Bottom-Up , Transparent Process , Paul Ryan Sets Record for Stifling Floor Debate","Despite Promise of Bottom-Up , Transparent Cocktails , Paul Ryan Sets Record for Stifling Floor Debate",Cocktails,32110,1.4
13881, Survivor : We will only be heard if we scream @CNN, Birds : We will only be heard if we scream @CNN,Birds,32100,1.2
9782,Police arrest man suspected of driving truck that killed 4 in Stockholm,Police arrest penguin suspected of driving truck that killed 4 in Stockholm,penguin,21111,1.2
6648, Passport paper shortage put Chad on Trump 's travel ban list, Toilet paper shortage put Chad on Trump 's travel ban list,Toilet,33210,1.8
4651,Labor Secretary Nominee Puzder expected to withdraw .,Labor Secretary Nominee Puzder expected to sleep .,sleep,22210,1.4
10146,Reporter Fact-Checks Trump : ‘ Why Should Americans Trust You ? ’,Reporter Fact-Checks raccoon : ‘ Why Should Americans Trust You ? ’,raccoon,31110,1.2
11170,"Ex-British spy paid $ 168,000 for Trump dossier , U.S. firm discloses","Ex-British spy paid $ 168,000 for Trump hair , U.S. firm discloses",hair,33332,2.8
11956,Full Text : Jared Kusher 's prepared statement to Congress,Full Text : Jared Kusher 's prepared song to Congress,song,22210,1.4
3683,Child-Welfare Investigator Report : Seattle Mayor Ed Murray Molested Foster Son ,Child-Welfare Investigator Report : Seattle Mayor Ed Murray Molested Foster mustache ,mustache,33220,2.0
1325,British prime minister Theresa May opens up about her relationship with Trump,British prime rib Theresa May opens up about her relationship with Trump,rib,32100,1.2
6667,Ex-aide : Rep. Franks offered $ 5 million to carry his child ,Ex-aide : Rep. Franks offered $ 5 million to carry his groceries ,groceries,33221,2.2
6694,Undocumented Woman Arrested While Seeking Protective Order Faces 10 Years In Prison,Undocumented donkeys Arrested While Seeking Protective Order Faces 10 Years In Prison,donkeys,33100,1.4
5137, Sleeping with the Trumps, Tweeting with the Trumps,Tweeting,33221,2.2
4835,Trump could n't find hotel to book for G-20 : report,Trump could n't find hotel to buy for G-20 : report,buy,32210,1.6
12724,Fighting persists in Syria despite U.N. Security Council call for a 30-day truce ' without delay ',Fighting persists in Syria despite U.N. Security Council call for a 30-day truce ' without pickles ',pickles,32221,2.0
15072,Trump rolls back Obama 's rule requiring employers to provide women with birth control,Trump rolls back Obama 's rule requiring employers to provide women with shopping control,shopping,33311,2.2
1637,The joke is on voters who trusted Trump ’s healthcare promises,The joke is on voters who trusted circus ’s healthcare promises,circus,33221,2.2
9590,Trump to Replace H. R. McMaster as Security Adviser With John Bolton ,Trump to Replace H. R. McMaster as Security Adviser With baboon ,baboon,32221,2.0
10430,Trump Nominees Make Clear Plans to Sweep Away Obama Policies,Trump Nominees Make Clear Plans to shout Away Obama Policies,shout,22110,1.2
2308,"Sen. Rand Paul : If you support Israel , you ca n't support more arms sales to Saudi Arabia","Sen. Rand Paul : If you support Israel , you ca n't support more underwear sales to Saudi Arabia",underwear,32211,1.8
3239,Hillary Clinton returns to Wellesley and rips Trump with Nixon comparison,Hillary Clinton returns to Wellesley and rips Trump with Nachos comparison,Nachos,22210,1.4
6286,Trump 's tax plan is built on one of the biggest lies our parents told us about the economy,Trump 's Seating plan is built on one of the biggest lies our parents told us about the economy,Seating,33220,2.0
13281,"Ben Carson And HUD Face Allegations Of Lavish Spending , Including $ 31,000 Furniture ","Ben Carson And HUD Face Allegations Of Lavish Spending , Including $ 31,000 cupcake ",cupcake,33221,2.2
15015,' Pizzagate ' Gunman Pleads Guilty To Charges ,' Pizzagate ' Gunman Pleads Guilty To anchovies ,anchovies,32200,1.4
13504,Democratic congressman : McCain wo n't support GOP health bill because ' he 's staring death in the face ',Democratic congressman : McCain wo n't support GOP restaurant bill because ' he 's staring death in the face ',restaurant,22110,1.2
14925,Learning From the Fight Against Lead ,Learning From the Fight Against Tomatoes ,Tomatoes,21111,1.2
12521,Watch George W. Bush bust a move on the dance floor,Watch George W. Bush butcher a move on the dance floor,butcher,32110,1.4
13175,"Senate passes a budget , moving the GOP closer to tax reform","Senate passes a gallstone , moving the GOP closer to tax reform",gallstone,33220,2.0
11166,Trump Invites His Employees To Praise Him During Cabinet Meeting,Trump Invites His witches To Praise Him During Cabinet Meeting,witches,22210,1.4
13024,"Woman swept up in massive cocaine bust in L.A. now faces deportation , spurring protests and anger","Woman swept up in massive cocaine bust in L.A. now faces promotion , spurring protests and anger",promotion,33200,1.6
12465,McConnell Talks Up Sessions As Write-In Candidate To Replace Roy Moore,McConnell Talks Up turtle As Write-In Candidate To Replace Roy Moore,turtle,22200,1.2
2984,Hillary Clinton to deliver verdict on Trump in new book | Books | The Guardian,Hillary Clinton to deliver verdict on Trump in new pantsuit | Books | The Guardian,pantsuit,33321,2.4
4444,Manhattan DA reportedly dropped felony fraud case against Trump 's kids after donation from Trump 's lawyer,Manhattan millionaires reportedly dropped felony fraud case against Trump 's kids after donation from Trump 's lawyer,millionaires,22110,1.2
14388,Facebook fuels broad privacy debate by tracking non-users,Facebook fuels broad privacy debate by flashing non-users,flashing,32100,1.2
3581,Trump to take questions in wake of Comey testimony - CNNPolitics.com,Trump to take shower in wake of Comey testimony - CNNPolitics.com,shower,32111,1.6
7396,"Robert Gates says Trump 's "" tough talk "" got North Korea 's attention","Robert Gates says Trump 's "" tough meat "" got North Korea 's attention",meat,32211,1.8
9038,Dutch foreign minister admits lying about Putin comments ,Dutch foreign minister admits lying about Putin pushups ,pushups,32211,1.8
3927,Trump push for border wall threatens to cause government shutdown,Trump push for border Collie threatens to cause government shutdown,Collie,32110,1.4
12716,The Latest : Trump Jr. questions his own handling of meeting ,The Latest : Trump Jr. questions his own handling of toupee ,toupee,33210,1.8
2682,Conservative reporters are upset with Trump . And it has nothing to do with policy .,Conservative reporters are upset with Trump . And it has nothing to do with deodorant .,deodorant,32221,2.0
465,Congress just voted to gut internet privacy — here 's what that means for you,Congress just voted to gut bathroom privacy — here 's what that means for you,bathroom,33221,2.2
2933,OPEC and Russia reportedly agree to extend oil production cut to end of 2018,OPEC and Russia reportedly agree to extend oil wrestling cut to end of 2018,wrestling,32100,1.2
3818,"Thieves carry out elaborate van heist to steal millions in cash , Swiss police say","Thieves carry out elaborate van heist to steal millions in blouses , Swiss police say",blouses,22110,1.2
5053,Republican congressman floats amendment to end Mueller probe ,Republican congressman floats amendment to end Mueller diet ,diet,32210,1.6
2237,"Before Trump , hate was already present in Canada","Before Trump , compost was already present in Canada",compost,31111,1.4
2866,"Flush with cash and bracing for November , the RNC builds an army","Flush with embarrassment and bracing for November , the RNC builds an army",embarrassment,22200,1.2
7523,GOP Plan Has Trillions in Tax Breaks for the Rich,GOP Plan Has Trillions in smoke Breaks for the Rich,smoke,22110,1.2
11475,Turbulent times ahead for Trump mean one thing : Putin keeps winning ,Turbulent times ahead for Trump mean one thing : Putin keeps dancing ,dancing,3322221100,1.6
7212,McConnell Sees No Need to Protect Mueller From President Trump ,McConnell Sees No Need to Protect Mueller From wolves ,wolves,32110,1.4
14335,"The truth about the Trump economy , explained","The truth about the Trump hairstyle , explained",hairstyle,33321,2.4
3976,"After a Debacle , How California Became a Role Model on Measles ","After a Debacle , How California Became a Role Model on Debacles ",Debacles,22200,1.2
14908,Trump admits tariffs could cause ' pain ' in markets ,Trump admits tariffs could cause ' pain ' in buttock ,buttock,33332,2.8
14465,It 's time for Congress to update the law governing digital surveillance ,It 's time for Congress to update the law governing digital gratification ,gratification,22110,1.2
3157,"CNN Chief Jeff Zucker Calls Fox News ' State-Run TV , ' Blasts Facebook","CNN Chief Jeff Zucker Calls Fox News ' State-Run TV , ' deletes Facebook",deletes,22111,1.4
9773,Trump White House quietly courts Democrats for tax overhaul,Trump White House quietly bribes Democrats for tax overhaul,bribes,22210,1.4
11275,Trump is right -- California is out of control ,Trump is right -- California is out of Jellybeans ,Jellybeans,32211,1.8
4309,Ariana Grande concert explosions : Police say ' number of confirmed fatalities ',Ariana Grande ponytail explosions : Police say ' number of confirmed fatalities ',ponytail,32221,2.0
3301,Diversify Washington in more ways than one : Scientists must become more involved in political processes,Diversify Washington in more ways than one : monkeys must become more involved in political processes,monkeys,32211,1.8
601,George Soros is reportedly backing a campaign to stop Brexit .,George Soros is reportedly backing a Monkey to stop Brexit .,Monkey,33110,1.6
4581,White House says there ’s no need for new Russia sanctions ,White House says there ’s no need for new Russia dolls ,dolls,22220,1.6
13724,"Pompeo Affirms , Reluctantly , That Russia Tried to Help Trump Win","Pompeo Affirms , Reluctantly , That nobody Tried to Help Trump Win",nobody,22210,1.4
8186,Donald Trump Discovers the Red Line for His Supporters : Immigration ,Donald Trump Discovers the Red Line for His Supporters : Ketchup ,Ketchup,32111,1.6
7615," Thieves carry out elaborate van heist to steal millions in cash , Swiss police say"," Toddlers carry out elaborate van heist to steal millions in cash , Swiss police say",Toddlers,33111,1.8
3251,GOP Sen. Kennedy on Voting With Democrats to Restore Net Neutrality Rules,GOP Sen. Kennedy on Voting With Democrats to Restore Net guarding Rules,guarding,32110,1.4
2986,Trump jokes that Haley could ' easily be replaced ',Trump jokes that sons could ' easily be replaced ',sons,22200,1.2
3742,Here 's how Wall Street is reacting to Trump 's tax plan,Here 's how Wall Street is reacting to Trump 's dessert plan,dessert,22200,1.2
9023,New survey shows majority of US troops has ' unfavorable ' view of Obama 's years .,New survey shows majority of US troops has ' unfavorable ' view of Obama 's Ears .,Ears,33221,2.2
1699,JUSTICE DEPT. ASKS FOR MORE TIME ON TRUMP WIRETAP EVIDENCE,JUSTICE DEPT. ASKS FOR MORE TIME ON TRUMP alien EVIDENCE,alien,32221,2.0
8199,Phoenix : Arizona 's Republican Governor will not attend Donald Trump 's rally amid fears over potential violence ,Phoenix : Arizona 's Republican Governor will not attend Donald Trump 's rally amid fears over potential comedy ,comedy,22221,1.8
12710,Jared Kushner Will Just Fix Everything,Jared Kushner Will Just eat Everything,eat,33322,2.6
2836,Detroit pub refused to serve Irish people at St. Patrick 's Day Parade — to make a point,Detroit pub refused to serve Irish people at St. Patrick 's Day brawl — to make a point,brawl,22221,1.8
6343,Australian government unveils gun amnesty amid terror warnings,Australian kangaroo unveils gun amnesty amid terror warnings,kangaroo,32221,2.0
3515,The Latest : Putin hopes for normalization of US-Russia ties ,The Latest : Putin hopes for normalization of US-Russia jackets ,jackets,32200,1.4
5106,Meet the billionaires who run Trump 's government ,Meet the billionaires who run Trump 's circus ,circus,32110,1.4
163,Malaysia Airlines plane forced to turn back after man tries to enter cockpit,Malaysia Airlines plane forced to turn back after butterfly tries to enter cockpit,butterfly,33321,2.4
10460,' Obscene masquerade ' : Russia criticised over Douma chemical attack denial,' Obscene masquerade ' : Russia criticised over Douma Asthma attack denial,Asthma,22200,1.2
563,Scientists turn hydrogen into metal in breakthrough that could revolutionise the planet,Scientists turn puppies into metal in breakthrough that could revolutionise the planet,puppies,31111,1.4
9327,Alabama 's Roy Moore would be the most extreme senator — with huge consequences for Congress,Alabama 's Roy Moore would be the most extreme surfer — with huge consequences for Congress,surfer,22222,2.0
7899,Trump tweets “ Mission Accomplished ! ” after Syria bombing,Trump tweets “ Nothing Accomplished ! ” after Syria bombing,Nothing,33320,2.2
10615,Canadian police investigate Facebook beating video in murder case,Canadian police share Facebook beating video in murder case,share,33100,1.4
5257,Nobel Peace Prize Winner blames world conflicts on illegal immigration ,Nobel Peace Prize Winner blames world conflicts on illegal chickens ,chickens,32211,1.8
8023, Donald Trump accuses Obama of orchestrating protests and leaks against him, pumpkin accuses Obama of orchestrating protests and leaks against him,pumpkin,31111,1.4
11807,Armenia contemplates the unlikely : a nonviolent revolution on the cusp of victory,Armenia contemplates the unlikely : a nonviolent hoedown on the cusp of victory,hoedown,32211,1.8
7084,How can we save the Democratic Party ?,How can we Buy the Democratic Party ?,Buy,32210,1.6
14932,""" System safeguards are lacking "" , quote following a Tesla 's crash during autopilot",""" Deodorant safeguards are lacking "" , quote following a Tesla 's crash during autopilot",Deodorant,21111,1.2
2233,The federal government of Canada has been secretly helping gay Chechen men flee persecution in an under-the-radar programme .,The federal government of Canada has been secretly helping gay Chechen men flee heterosexuality in an under-the-radar programme .,heterosexuality,33100,1.4
12168,Top Republicans urge Sessions to appoint special counsel to probe FBI,Top Republicans urge aliens to appoint special counsel to probe FBI,aliens,32210,1.6
8342,Republican senators realizing legislative agenda is in their own hands ,Republican senators realizing legislative agenda is in their own dumpster ,dumpster,32111,1.6
12473," Theresa May will not take part in general election debates , say Tory party sources"," public will not take part in general election debates , say Tory party sources",public,32100,1.2
12382,France just rejected the far-right and elected Emmanuel Macron ,France just rejected the far-right and elected bread ,bread,22210,1.4
5962,California and President Trump are going to war with each other,California and monkeys are going to war with each other,monkeys,33210,1.8
4187,Senators Race to Pass Tax Bill by Sweetening Gains for Rich,Senators Race to Pass Tax Bill by Sweetening Bribe for Rich,Bribe,32110,1.4
6127,The Latest : Trump discusses health insurance in Wisconsin,The Latest : Trump discusses cheese insurance in Wisconsin,cheese,33221,2.2
707,Trump-drawn NYC sketch heads to auction ,Trump-drawn NYC sketch heads to garbage ,garbage,22211,1.6
2691,"CBS News Poll : Americans Approval of Trump 's Handling of North Korea Up , Overall Approval Still 38 %","CBS News Poll : Americans Approval of Trump 's Handling of Tanning Up , Overall Approval Still 38 %",Tanning,32210,1.6
1107,Schiff apparently pranked by Russian radio hosts who promised ' naked Trump ' photos,Schiff apparently pranked by Russian radio hosts who promised ' naked men ' photos,men,21111,1.2
10583,Border wall could leave some Americans on ' Mexican side ',Border wall could leave some Americans on ' Mexican Menu ',Menu,33210,1.8
4991,How Putin Will Manipulate Us in 2018,How Putin Will Govern Us in 2018,Govern,32200,1.4
13021,"House OKs huge spending bill , next to Senate","House OKs huge spending spree , next to Senate",spree,33110,1.6
9221,Conservative Leaders Urge Mitch McConnell to Resign ,Conservative Leaders Urge Mitch McConnell to Bathe ,Bathe,33332,2.8
10999,106 passengers stranded in Germany due to drunken co-pilot,106 Alcoholics stranded in Germany due to drunken co-pilot,Alcoholics,33111,1.8
10225,DNC staffer 's murder draws fresh conspiracy theories,DNC staffer 's moustache draws fresh conspiracy theories,moustache,32221,2.0
2449,Eric Trump : Those Who Oppose My Dad Are ' Not Even People ',Eric Trump : Those Who support My Dad Are ' Not Even People ',support,32110,1.4
12839,"California Republican Rep. Ed Royce wo n't seek reelection , creating bigger opening for Democrats ","California Republican Rep. Ed Royce wo n't seek reelection , creating bigger opening for Trolls ",Trolls,32100,1.2
2053,Donald Trump team ' scrutinising staff Twitter accounts before hiring them to check for criticism ',Donald Trump team ' scrutinising staff Twitter accounts before hiring them to check for attractiveness ',attractiveness,32111,1.6
11049, White House says Trump is n't considering firing Mueller, Waffle House says Trump is n't considering firing Mueller,Waffle,33222,2.4
4928,Bernie Sanders testing the boundaries of a religious test ,Bernie Sanders testing the boundaries of a religious robe ,robe,32200,1.4
14167,Schiff apparently pranked by Russian radio hosts who promised ' naked Trump ' photos,Schiff apparently pranked by Russian radio hosts who collected ' naked Trump ' photos,collected,22111,1.4
2977,Trump wants to “ zero out ” EPA programs,Trump wants to “ smoke out ” EPA programs,smoke,32100,1.2
12816,Rex Tillerson : US has ' direct channels ' to Pyongyang ,Rex Tillerson : US has ' direct channels ' to scam ,scam,32100,1.2
7752,Trump : Dems playing blame game instead of fixing Obamacare,Trump : Dems playing party game instead of fixing Obamacare,party,31110,1.2
13574,Kellyanne Conway : Trump needs Roy Moore to cut taxes ,Kellyanne Conway : Trump needs Roy Moore to cut Cake ,Cake,22110,1.2
11910,Mnuchin backs key provision in Trump tax plan that would hit Democrats hardest,Mnuchin backs key provision in Trump golf plan that would hit Democrats hardest,golf,22111,1.4
751,Charlotte Pence : I Bought The Gay Bunny Book,Charlotte Pence : I wrote The Gay Bunny Book,wrote,32110,1.4
12902,China 's Xi ' may get own political theory ',China 's noodles ' may get own political theory ',noodles,33211,2.0
668,CreditLoan survey : What Americans think the minimum wage should be,CreditLoan survey : What Americans think the minimum smell should be,smell,32110,1.4
265,CDC to hold briefing on how public can prepare for nuclear war ,CDC to hold briefing on how public can prepare for nuclear chickens ,chickens,32100,1.2
9423,New WH comms director Anthony Scaramucci deletes old tweets contradicting Trump,New WH comms director Anthony Scaramucci deletes old braincells contradicting Trump,braincells,32221,2.0
2260,"Trump 's core voters could suffer most under GOP health bill , but they may not punish him for it","Trump 's core voters could suffer most under GOP diet bill , but they may not punish him for it",diet,21111,1.2
9500,"Trump Bodyguard Keith Schiller Testifies Russian Offered Trump Prostitutes , Aligning With Dossier Story","Trump Bodyguard Keith Schiller Testifies Russian Offered Trump Tacos , Aligning With Dossier Story",Tacos,32211,1.8
4808,Watch Barack Obama 's 2009 speech on winning Nobel Peace prize award,Watch Barack Obama 's 2009 speech on winning Nobel baking prize award,baking,32110,1.4
1377,Key Dem wants probe on whether Trump payment broke ethics laws,Key Dem wants probe on whether Trump toupee broke ethics laws,toupee,33322,2.6
9926,Trump And Russia : Stephen Colbert Says He Was Followed During Secret Moscow Trip,Trump And Russia : Stephen Colbert Says He Was Followed During Secret mushroom Trip,mushroom,32200,1.4
3178,Senate plan would make individual tax breaks temporary while corporate cuts would be permanent,Senate plan would make individual leg breaks temporary while corporate cuts would be permanent,leg,32110,1.4
10859,"UK 's Houses of Parliament network blocked 24,473 porn website access attempts in 5 months ","UK 's Houses of Parliament network blocked 24,473 porn website access attempts in 5 hours ",hours,32200,1.4
5919,East coast readies for fresh climate fight as Trump eyes more offshore drilling ,East coast readies for fresh climate fight as Trump eyes more offshore golfing ,golfing,33221,2.2
12260,America needs Sean Spicer on ‘ Dancing With the Stars ’,America needs Sean Spicer on ‘ Dancing With the Nudists ’,Nudists,22211,1.6
12378,Another day of reckoning : Return of powerful winds make Thomas fire dangerous again,Another day of reckoning : Return of powerful winds make Thomas armpit dangerous again,armpit,32220,1.8
1668,"Missouri Gov. Eric Greitens admits to affair , denies blackmail ","Missouri Gov. Eric Greitens admits to affair , denies enjoyment ",enjoyment,33322,2.6
12208,Republican-led House committees to investigate Clinton 's emails again,Republican-led House washers to investigate Clinton 's emails again,washers,22110,1.2
14489,FBI ' reopens investigation into Clintons at Donald Trump 's request ',FBI ' reopens investigation into skunks at Donald Trump 's request ',skunks,33210,1.8
1933,Mick Mulvaney shows why we need to radically change our elections ,Mick Mulvaney shows why we need to radically change our pants ,pants,33331,2.6
5012,Here 's why the Comey memos hurt Trump more than help him,Here 's why the Comey Spankings hurt Trump more than help him,Spankings,32210,1.6
11416,Trump Threatens to ' Totally Destroy ' North Korea in First U.N. Speech,Trump Threatens to ' Totally love ' North Korea in First U.N. Speech,love,33221,2.2
7390, Trump ’s Latest Surprise : Shutdown Might Be a Good Idea, Clown ’s Latest Surprise : Shutdown Might Be a Good Idea,Clown,22110,1.2
4300," Israel stomping on Iran with strikes , stolen documents , could bring war"," Gorillas stomping on Iran with strikes , stolen documents , could bring war",Gorillas,31110,1.2
7515,"Corker raises dark concerns about Trump , president hits back","Corker raises dark chocolates about Trump , president hits back",chocolates,32110,1.4
9602,"Chicago , Vancouver among cities saying no to World Cup - and FIFA has itself to blame","Chicago , Vancouver among cities saying no to Shorts - and FIFA has itself to blame",Shorts,32200,1.4
13907,"Even if the Trump campaign did not collude with Russia , the U.S. must safeguard its elections ","Even if the Trump campaign did not collude with Russia , the U.S. must safeguard its puppies ",puppies,33211,2.0
9829,"North Korean athletes will compete at Winter Olympics , IOC Confirms","North Korean military will compete at Winter Olympics , IOC Confirms",military,32110,1.4
1401,Reality Check : Has Trump kept six key promises six months on ?,Reality Check : Has Trump kept six key staffers six months on ?,staffers,32200,1.4
13891,"Trump says he 'll "" leave "" if summit with North Korea is n't successful","Trump says he 'll "" leave "" if summit with mommy is n't successful",mommy,32221,2.0
9232, Shark attacks cause cancellation of World Surf League event, Seagull attacks cause cancellation of World Surf League event,Seagull,33211,2.0
2092,Trump Settles Second Suit Against Chef Who Ditched D.C. Hotel,Trump Settles Second Suit Against Chef Who charred D.C. Hotel,charred,31110,1.2
14100,"Jimmy Carter collapses from dehydration , receives medical attention","Jimmy Carter collapses from oldness , receives medical attention",oldness,22220,1.6
4394,Steve Wynn resigns as RNC finance chair,Steve Wynn resigns as RNC deck chair,deck,32111,1.6
3057,Duterte spokesman : Trump offered to return Philippine fugitive during bilateral talks,Duterte spokesman : Trump offered to tweet Philippine fugitive during bilateral talks,tweet,33211,2.0
6182,Trump is being warned of impeachment by advisors,Trump is being warned of sunburn by advisors,sunburn,22211,1.6
2111,How The White House 's Internal Dynamics Is Taking The Focus Off Policy,How The White House 's Internal combustion Is Taking The Focus Off Policy,combustion,33111,1.8
2272,Trump 's FEMA Director Faces His First Test ,Trump 's FEMA Director Faces His First Wife ,Wife,22220,1.6
961,Trump Poised to Ease Rules on Religious Groups in Politics ,Trump Poised to Ease Rules on Religious Groups in costumes ,costumes,33100,1.4
8027," Burger sold for $ 10,000 in Dubai charity auction"," Dollar sold for $ 10,000 in Dubai charity auction",Dollar,32100,1.2
11641,"Nestle , Cuba lay first stone for $ 55 million coffee and biscuit factory ","Nestle , Cuba lay first stone for $ 55 million coffee and biscuit party ",party,22111,1.4
14712,Pre-existing conditions not covered by TrumpCare,Pre-existing warts not covered by TrumpCare,warts,22220,1.6
2268,Trump delivers first State of the Union address,Trump bellows first State of the Union address,bellows,22222,2.0
10282,Maryland sues EPA over upwind air pollution ,Maryland sues EPA over upwind air balloon ,balloon,31110,1.2
11635,How Washington Post exposed effort to peddle phony allegations against Roy Moore,How Washington Post exposed self to peddle phony allegations against Roy Moore,self,22111,1.4
10664,"Trump , Putin to hold bilateral meeting ","Trump , Putin to hold bilateral hoedown ",hoedown,32211,1.8
11026,Dutch minister resigns in drug baron row,Dutch minister parties in drug baron row,parties,33221,2.2
14468,Greece seizes Libya-bound ship carrying explosive materials ,Greece seizes Libya-bound ship carrying explosive sheep ,sheep,32211,1.8
6891,Support the moms who support us,Support the moms who clean us,clean,31111,1.4
13469,Air Force leaders dodge questions on Trump 's ' Space Force ',Air Force leaders dodge questions on Trump 's ' hair ',hair,22222,2.0
7443,Report : Trump 's lawyer hand-delivered Michael Flynn a plan to lift sanctions on Russia,Report : Trump 's butler hand-delivered Michael Flynn a plan to lift sanctions on Russia,butler,22110,1.2
9121,Let 's stop calling North Korea ' crazy ' and understand their motives ,Let 's stop calling North Korea ' crazy ' and understand their dances ,dances,21111,1.2
3536,Jason Chaffetz and Devin Nunes were both faced with investigating Trump . Now both are stepping aside .,Jason Chaffetz and Devin Nunes were both faced with hugging Trump . Now both are stepping aside .,hugging,32111,1.6
10419,"Robert Mueller 's investigators interviewed Rod Rosenstein , who is overseeing the Russia investigation","Robert Mueller 's monkeys interviewed Rod Rosenstein , who is overseeing the Russia investigation",monkeys,32210,1.6
9619,Jason Chaffetz invents a housing crisis in D.C. — while ignoring a real one back home in Utah,Jason Chaffetz invents a doughnut crisis in D.C. — while ignoring a real one back home in Utah,doughnut,33210,1.8
8614,"Republican Vermont governor vetoes marijuana bill , wants changes made","Republican Vermont governor vetoes marijuana bill , wants joints made",joints,33211,2.0
4769,Russian Prime Minister Slams Trump Administration ' Weakness ' Over U.S. Sanctions ,Russian Prime Minister Slams Trump Administration ' Weakness ' Over U.S. beers ,beers,22110,1.2
12820,"Trump vows ' no amnesty ' for ' Dreamers , ' says GOP leaders ' on board ' with talks","Trump vows ' no amnesty ' for ' mimes , ' says GOP leaders ' on board ' with talks",mimes,32111,1.6
11572,Moon calls for trump to win Nobel Prize,Moon calls for sun to win Nobel Prize,sun,32110,1.4
2121,The Latest : BBC cuts ties with Myanmar TV station,The Latest : BBC cuts pies with Myanmar TV station,pies,32211,1.8
5198,Trump to visit Alabama to campaign for Luther Strange ,Trump to visit Alabama to campaign for aardvark ,aardvark,33100,1.4
9797,"Donald Trump Refuses to Send More Aid to Puerto Rico , Citing Business Interests","Donald Trump Refuses to Send More Donuts to Puerto Rico , Citing Business Interests",Donuts,33320,2.2
2433,House finance committee wants info from Deutsche Bank on Trump loans and Russia ' mirror trades ',House finance committee wants info from Deutsche Bank on Trump toupees and Russia ' mirror trades ',toupees,32211,1.8
9512,The last president to fire an FBI director ? Bill Clinton,The last president to cuddle an FBI director ? Bill Clinton,cuddle,32211,1.8
3654,Los Cabos is no longer a haven from Mexico 's bloodshed ,Los Cabos is no longer a haven from Mexico 's ants ,ants,22111,1.4
9977,China appears to have crossed Trump on North Korea,China appears to have crossed fingers on North Korea,fingers,32200,1.4
12863,Susan Sarandon : ‘ I Do n’t Think Trump ’s Gon na Make It Through His Whole Term ’,Susan Sarandon : ‘ I Do n’t Think Trump ’s Gon na Make It Through His Whole lunch ’,lunch,31111,1.4
8963,GOP rep regrets using term ‘ Orientals ’ regarding town halls ,GOP rep regrets using term ‘ Orientals ’ regarding town rugs ,rugs,32100,1.2
4270,Trump Swaps His Beloved Burgers for Salads and Soups in New Diet,Trump Swaps His Beloved Burgers for fudge and Soups in New Diet,fudge,31110,1.2
4462, Jared Kushner Will Just Fix Everything, Magic Will Just Fix Everything,Magic,22110,1.2
13731,Undocumented Woman Arrested While Seeking Protective Order Faces 10 Years In Prison,Undocumented penguin Arrested While Seeking Protective Order Faces 10 Years In Prison,penguin,22210,1.4
14107,Atlantic editor : Trump is going to cause violence against journalists ,Atlantic editor : Trump is going to cause violence against cosmetologists ,cosmetologists,31110,1.2
6692,Senate Bill Does n’t Have House ’s Tax Break for ‘ Unborn Children ’,Senate Bill Does n’t Have House ’s Tax Break for ‘ Unborn unicorns ’,unicorns,32221,2.0
4202,Soldiers took them in the night . Now Mexico 's key drug war strategy is on trial .,Soldiers took them in the bathroom . Now Mexico 's key drug war strategy is on trial .,bathroom,32210,1.6
4306,Medicaid directors issue warning on new ObamaCare repeal bill,Medicaid directors issue bribes on new ObamaCare repeal bill,bribes,22111,1.4
7448,Ted Nugent : Parkland teens attacking the NRA have ' no soul ',Ted Nugent : Parkland wasps attacking the NRA have ' no soul ',wasps,31111,1.4
8392,Trump makes big bets on tariffs and North Korea . Will they pay off ?,Trump makes big bets on tariffs and dice . Will they pay off ?,dice,22211,1.6
3334,"Australia ’s mandatory gun buyback inspires U.S. activists , but few lawmakers","Australia ’s mandatory beer buyback inspires U.S. activists , but few lawmakers",beer,22220,1.6
5119,"Trump Promises Business Leaders Major Border Tax , Rule Cuts","Trump Promises Business Leaders Major Border Tax , paper Cuts",paper,22200,1.2
6828,‘ Trump Effect ’ Wears Off as Migrants Resume Their Northward Push,‘ Trump Effect ’ Wears Off as butterflies Resume Their Northward Push,butterflies,32200,1.4
6513,Consumer bureau and Trump set to clash in court,Consumer bureau and Trump set to dance in court,dance,32111,1.6
3422,Trump tweets out meme of himself eclipsing Obama in morning rant,Trump tweets out meme of himself hugging Obama in morning rant,hugging,32200,1.4
9373,Pro-Trump pundit Kayleigh McEnany transitions from CNN to White House propaganda news service,Pro-Trump pundit Kayleigh McEnany transitions from CNN to White House propaganda dinner service,dinner,22110,1.2
6846," Macron Says Aussie PM 's Wife ' Delicious , ' Sparking Reaction"," Dingo Says Aussie PM 's Wife ' Delicious , ' Sparking Reaction",Dingo,32110,1.4
8444,Trump And Russia : Stephen Colbert Says He Was Followed During Secret Moscow Trip,Trump And Russia : Stephen Colbert Says He Was Followed During Secret acid Trip,acid,32211,1.8
6492,"President Trump 's options on Syria likely limited to cruise missile strike , experts say","President Trump 's options on bowling likely limited to cruise missile strike , experts say",bowling,33210,1.8
2041,Hillary Clinton Staffers Considered Campaign Slogan ' Because It 's Her Turn ',Hillary Clinton Staffers Considered Campaign Slogan ' Because It 's Her party ',party,32210,1.6
3224,New Miss America begins her reign by slamming Trump on climate change,New Miss America begins her reign by slamming Trump on Wardrobe change,Wardrobe,33110,1.6
14536,The Politics of Cowardice ,The Politics of tacos ,tacos,22111,1.4
10626,"The legal battle over Trump ’s immigration ban , explained","The legal battle over Trump ’s sleeping ban , explained",sleeping,32220,1.8
4817,"Among Republicans , Trump is more popular than congressional leaders","Among Republicans , cake is more popular than congressional leaders",cake,22111,1.4
14745,"Trump , amid combative start , pledges to rise to moment","Trump , amid combative start , pledges to tweet to moment",tweet,33321,2.4
2117,A Japanese indie drama won the top prize at the Cannes film festival .,A Japanese indie drama won the top prize at the worst film festival .,worst,33100,1.4
6812,Letting Obamacare Fail Would Break Trump 's Oath ,Letting Obamacare Fail Would Break Trump 's nose ,nose,21111,1.2
6939,"After Decades Of Air Pollution , A Louisiana Town Rebels Against A Chemical Giant","After Decades Of Air horns , A Louisiana Town Rebels Against A Chemical Giant",horns,21111,1.2
3778,Comey memo : Trump complained about Flynn ’s ‘ judgment issues ’,Comey memo : Trump complained about Flynn ’s ‘ gas issues ’,gas,32222,2.2
8122,"‘ I do n’t know how you survive this one , ’ Christie says of Pruitt","‘ I do n’t know how you open this one , ’ Christie says of Pruitt",open,32200,1.4
9173,May says UK will still work with US despite intel furor,May says UK will still complain with US despite intel furor,complain,33200,1.6
14655,Trump Threatens Government Shutdown Over Border Wall,Trump Threatens Government Shutdown Over Racquetball Wall,Racquetball,33221,2.2
7375,"From Stormy Daniels to John Bolton , will America ever recover from Donald Trump ","From Stormy Daniels to John Bolton , will America ever recover from Herpes ",Herpes,32220,1.8
1966,"UK police arrest 12 at London protest , block clashes ","UK police arrest 12 at London protest , block Party ",Party,21111,1.2
7851,Ten of Trump 's budget 's cruelest cuts,Ten of Trump 's toupee 's cruelest cuts,toupee,33221,2.2
5644,TRUMP HAS A ‘ NAUGHTY OR NICE ’ LIST ,TRUMP HAS A ‘ NAUGHTY OR NICE ’ pose ,pose,31110,1.2
3380,Vulnerable Democratic Sen. Heidi Heitkamp 's path to re-election gets tougher with Rep. Kevin Cramer set to enter race,Vulnerable Democratic Sen. Heidi Heitkamp 's path to re-election gets tougher with sorcerer set to enter race,sorcerer,33100,1.4
810,"Netanyahu set to reveal ' dramatic ' intelligence about Iran nuke deal , report says","Netanyahu giddy to reveal ' dramatic ' intelligence about Iran nuke deal , report says",giddy,32100,1.2
6528,House finance committee wants info from Deutsche Bank on Trump loans and Russia ' mirror trades ',House finance committee wants info from Deutsche Bank on Trump loans and Russia ' mirror selfies ',selfies,33321,2.4
11251,Washington Post ’s David Fahrenthold wins Pulitzer Prize for dogged reporting of Trump ’s philanthropy ,Washington Post ’s David Fahrenthold wins Pulitzer Prize for dogged reporting of Trump ’s crookedness ,crookedness,22111,1.4
10985,Connecticut pastor charged with stealing $ 8G in electricity ,Connecticut pastor charged with stealing $ 8G in rutabagas ,rutabagas,33211,2.0
11322,Trump watched part of the eclipse without viewing glasses,Trump watched part of the election without viewing glasses,election,31110,1.2
2781,Emmanuel Macron Declared French President In Early Vote Counts : The Two-Way : NPR,Emmanuel Macron Declared buffoon In Early Vote Counts : The Two-Way : NPR,buffoon,22211,1.6
12631,Former NOAA chief fears for ' very future of our democracy ' if scientists are ' intimidated ' under Donald Trump,Former NOAA chief fears for ' very future of our democracy ' if kittens are ' intimidated ' under Donald Trump,kittens,32111,1.6
2010,Yemen cholera cases reach one million - ICRC,Yemen hiccup cases reach one million - ICRC,hiccup,31111,1.4
12449,White House budget director asks New York Times for correction ,White House budget director asks New York Times for loan ,loan,33320,2.2
15006,Ex-Clinton spokesman : Focus on ' Trumpcare ' instead being ' distracted ' by tax return,Ex-Clinton spokesman : urinate on ' Trumpcare ' instead being ' distracted ' by tax return,urinate,33220,2.0
6429,Gutierrez : We have someone in the WH ‘ who could lead the KKK ’,Gutierrez : We have someone in the WH ‘ who could spank the KKK ’,spank,33210,1.8
2378,"In win for Trump , Nebraska approves Keystone XL pipeline route","In win for Trump , Nebraska approves milkshake XL pipeline route",milkshake,31110,1.2
801,Bill O'Reilly Taking a Break Amid Sponsor Backlash,Bill O'Reilly Taking a nap Amid Sponsor Backlash,nap,3322221110,1.7
15024,‘ Move fast and break things ’ : Trump ’s healthcare failure and the backlash ahead,‘ Move fast and break bones ’ : Trump ’s healthcare failure and the backlash ahead,bones,32110,1.4
12802,Sessions asserts possibility of executive privilege protecting his talks with President Trump,Sessions asserts possibility of executive privilege protecting his kisses with President Trump,kisses,31111,1.4
2011,Barack Obama threatens to upstage Donald Trump 's Europe trip as he visits Germany ,Barack Obama threatens to upstage Donald Trump 's Europe trip as he visits brothel ,brothel,32221,2.0
6160,Hillary Clinton returns to Wellesley and rips Trump with Nixon comparison,Hillary Clinton returns to circus and rips Trump with Nixon comparison,circus,22211,1.6
7310,Treasury agency blindsided by Sessions marijuana crackdown : report,Treasury agency blindsided by Sessions jaywalking crackdown : report,jaywalking,21111,1.2
7597,Indian City Removes Beggars For Ivanka Trump,Indian City Removes brains For Ivanka Trump,brains,22110,1.2
10273,"Donald Trump Jr. should publicly testify in Russia probe , Democrat on Senate Judiciary Committee says","Donald Trump Jr. should publicly expose in Russia probe , Democrat on Senate Judiciary Committee says",expose,33300,1.8
4393,The Daily 202 : Loyalty is a one-way street for Donald Trump,The Daily 202 : Narcissism is a one-way street for Donald Trump,Narcissism,33211,2.0
8677,Tax Plan Crowns a Big Winner : Trump ’s Industry ,Tax Plan Crowns a Big Winner : Trump ’s fortune ,fortune,32110,1.4
8246,Juanita Broaddrick slams Chelsea Handler : ‘ I was raped ’ by Bill Clinton,Juanita Broaddrick slaps Chelsea Handler : ‘ I was raped ’ by Bill Clinton,slaps,33000,1.2
6605,The Russia investigation : Everything you need to know,The Russia fetish : Everything you need to know,fetish,32110,1.4
2383,Steve Mnuchin Says It ’s ‘ Very Hard ’ Not To Cut Rich People ’s Taxes ,Steve Mnuchin Says It ’s ‘ Very Hard ’ Not To Cut Rich People ’s Hedges ,Hedges,22220,1.6
12539,"Trump eliminated Miss Universe finalists who were "" too ethnic "" or "" snubbed his advances , "" pageant staff claim","Trump eliminated congressional finalists who were "" too ethnic "" or "" snubbed his advances , "" pageant staff claim",congressional,32110,1.4
13078,3 reasons Devin Nunes must step away from the Trump probe,3 reasons Devin Nunes must step away from the vaginal probe,vaginal,21111,1.2
13200,GOP senators break ranks to protect Mueller from Trump,GOP senators break Dance to protect Mueller from Trump,Dance,32100,1.2
5704,Trump 's Plot To Destroy Liberalism Will Fail . Here 's Why .,Trump 's Plot To Destroy Snowmen Will Fail . Here 's Why .,Snowmen,22110,1.2
8784,Detroit pub refused to serve Irish people at St. Patrick 's Day Parade — to make a point ,Detroit pub refused to serve Irish people at St. Patrick 's Day Parade — to make a paddy ,paddy,33220,2.0
2963,"In State of State speech , Cuomo vows to sue federal government over tax bill","In State of State speech , Cuomo vows to sue federal government over restaurant bill",restaurant,32111,1.6
815,"Comey ’s Writing a Book , and Publishers Are Eager to Pay Big Money for It","Comey ’s Coloring a Book , and Publishers Are Eager to Pay Big Money for It",Coloring,33222,2.4
8885,"Alt-Left Extremists Post Police Photos Online , Threats , In Revenge For Police Action Against Them","Alt-Left Extremists Post puppy Photos Online , Threats , In Revenge For Police Action Against Them",puppy,32110,1.4
9339,Trump campaign had contact with Russian intelligence : NYT,Trump campaign had contact with Russian dressing : NYT,dressing,32110,1.4
4243,lets hope it saves mankind from itself,lets pretend it saves mankind from itself,pretend,32200,1.4
1803,North Korea is building mysterious artificial islands that would be perfect for missile launches,North Korea is building mysterious artificial bananas that would be perfect for missile launches,bananas,22110,1.2
2488,Live Updates : Pennsylvania 's special election appears to be a dead heat,Live Updates : Hell 's special election appears to be a dead heat,Hell,32111,1.6
9947,Did Trump just start a trade war with China ?,Did Trump just start a trade war with himself ?,himself,22210,1.4
776,Pakistan officials adamant that ' hero ' doctor who helped capture Osama bin Laden remain behind bars,Pakistan officials adamant that ' hero ' hedgehog who helped capture Osama bin Laden remain behind bars,hedgehog,32100,1.2
13966,Kanye West under fire after saying slavery was a choice,Kanye West under bed after saying slavery was a choice,bed,22111,1.4
4507,A ' huge clue ' may reveal that Mueller 's endgame is to nail Trump for obstruction,A ' huge banana ' may reveal that Mueller 's endgame is to nail Trump for obstruction,banana,32110,1.4
11815,Treasury Defends Tax Plan Cost With One-Page Analysis ,Treasury Defends Tax Plan Cost With One-Page obscenity ,obscenity,33220,2.0
2297,This congressional accounting trick is part of the reason Washington is so divided,This congressional magic trick is part of the reason Washington is so divided,magic,332222111111100,1.4
12276,‘ Move fast and break things ’ : Trump ’s healthcare failure and the backlash ahead,‘ Move fast and break wind ’ : Trump ’s healthcare failure and the backlash ahead,wind,22211,1.6
7591,Navy strike group moving toward Korean peninsula ,Navy strike group moving toward Korean restaurant ,restaurant,22110,1.2
12255,Russia scandal creeps on : White House is badly compromised after Comey ’s testimony ,Russia scandal creeps on : White House is badly compromised after Comey ’s cooking ,cooking,32210,1.6
2710,Trump administration backs 20-week abortion ban,Trump administration backs 20-week learning ban,learning,33221,2.2
8861,What Roy Moore 's campaign can teach us about partisanship,What Roy Moore 's phonebook can teach us about partisanship,phonebook,32210,1.6
12200,Trump says China ’s Xi is “ president for life ” — and maybe America should try it,Trump says China ’s Xi is “ president for life ” — and maybe America should suck it,suck,32211,1.8
5164,Kremlin praises Trump after first Putin meeting ,Kremlin praises Trump after first Putin dance ,dance,22221,1.8
9267,House overwhelmingly passes $ 7.9 billion Harvey aid bill,House overwhelmingly passes $ 7.9 billion monopoly aid bill,monopoly,33110,1.6
11366,"Instant view : U.S. stocks sharply lower , Trump plans questioned","Instant view : U.S. skirts sharply lower , Trump plans questioned",skirts,32110,1.4
10933,"Hearing for Neil Gorsuch , Supreme Court Nominee , Is Set for March","Hearing for Neil Gorsuch , Supreme pizza Nominee , Is Set for March",pizza,33221,2.2
6882,Millions of Muslims take part in mass pilgrimage of Arbaeen – in spite of Isis ,Millions of Muslims take part in mass pilgrimage of Arbaeen – in spite of odor ,odor,22210,1.4
13214,Trump chats briefly with Vladimir Putin in Vietnam ,Trump chats briefly with Vladimir Putin in underwear ,underwear,33321,2.4
5010,"Losing : The Failing New York Times Set to Lay Off More Staff , Including Reporters ","Losing : The Failing New York Times Set to Lay Off More Staff , Including Masseuses ",Masseuses,22211,1.6
10124,House Follows Senate In Approving Spending Bill That Reopens Government,House Follows Senate In Approving apology Bill That Reopens Government,apology,32100,1.2
400,President Trump is n’t going to file his taxes to the IRS on time,President Trump is n’t going to file his fingernails to the IRS on time,fingernails,32100,1.2
6244,"Mick Mulvaney ’s snake oil : A blend of bad science , bad math and really bad politics ","Mick Mulvaney ’s snake oil : A blend of bad science , bad math and really bad mucus ",mucus,32110,1.4
9342,Trump ’s quiet campaign to bring back preexisting conditions ,Trump ’s quiet campaign to bring back preexisting hairdos ,hairdos,33211,2.0
6647,UK Prime Minister Theresa May wants Scots ' fully engaged ' in Brexit and repeated her opposition to Scottish independence .,UK Prime Minister Theresa May wants Scots ' fully engaged ' in Brexit and repeated her opposition to Scottish kilts .,kilts,22211,1.6
5449,California deputy attorney general charged with possession of child porn,California deputy attorney general charged with possession of plumber porn,plumber,33210,1.8
12784,Trump Nominates Conservative Neil Gorsuch To Supreme Court .,Trump Nominates Conservative Neil Gorsuch To Supreme pizza .,pizza,22110,1.2
8967,Republicans still backing Trump judicial nominee with no trial experience,Republicans still backing Trump judicial nominee with no college experience,college,22111,1.4
10896,"Woman who injected husband with lethal dose of heroin may have killed 9 others , served lover 's remains at BBQ","Woman who injected husband with lethal dose of marinade may have killed 9 others , served lover 's remains at BBQ",marinade,32100,1.2
4471,Erdogan Rejects Arab Demands ; Turkish Troops Stay in Qatar ,Erdogan Rejects Arab Demands ; Turkish Troops Stay in bed ,bed,22110,1.2
6671,Ireland to get new leader as Enda Kenny steps down,Ireland to get new leader as leprechaun steps down,leprechaun,33211,2.0
14068,Ambassador Scott Brown acknowledges State Dept. investigated him over ' insensitive ' comments,Ambassador Scott Brown acknowledges State Dept. spanked him over ' insensitive ' comments,spanked,33320,2.2
13682,Disappearances spark fears of crackdown on leftwing dissent in Pakistan,Disappearances spark fears of crackdown on leftwing birds in Pakistan,birds,21111,1.2
12116,Former Trump campaign chairman submits Russia-related documents to intelligence panels,Former Trump campaign chairman submits Russia-related vodka to intelligence panels,vodka,22111,1.4
4239,"North Korea crisis becoming unsolvable , experts warn , as Trump heads to Asia ","North Korea crisis becoming unsolvable , experts warn , as Trump heads to circus ",circus,32110,1.4
5736,FCC chairman defends First Amendment after Trump broadcaster threats,FCC chairman defends mustache after Trump broadcaster threats,mustache,32220,1.8
1801,North Korea : New UN sanctions an act of war,North Korea : New UN bedtime an act of war,bedtime,33211,2.0
2019,This is how impeachment proceeding start ...,This is how impeachment parties start ...,parties,22111,1.4
5030,White House says there ’s no need for new Russia sanctions ,White House says there ’s no need for new Russia vacations ,vacations,32210,1.6
13626,"CBS News Poll : Americans Approval of Trump 's Handling of North Korea Up , Overall Approval Still 38 %","CBS News Poll : Americans Approval of Trump 's ignorance of North Korea Up , Overall Approval Still 38 %",ignorance,32220,1.8
13392,Keystone XL pipeline will not use U.S. steel despite Trump 's vow,Keystone XL Girdles will not use U.S. steel despite Trump 's vow,Girdles,22110,1.2
10071,Russians Mint ' In Trump We Trust ' Coin Ahead Of U.S. Inauguration,Russians Mint ' In Trump We laugh ' Coin Ahead Of U.S. Inauguration,laugh,32100,1.2
9043,Trump tags the wrong Lee Greenwood on Twitter,Trump woos the wrong Lee Greenwood on Twitter,woos,32210,1.6
1103,Stormy Daniels passed a lie-detector test in which she said she had unprotected sex with Trump,Stormy Daniels passed a lie-detector test in which she said she had unprotected conversations with Trump,conversations,33210,1.8
4269,Mexico wall : Trump questions talks over border dispute - BBC News,Mexico wall : Trump questions talks over tacos dispute - BBC News,tacos,32200,1.4
13032,Sweden is pretty offended by President Trump ’s claims that the country has a crime problem,Sweden is pretty offended by President Trump ’s claims that the country has a chocolate problem,chocolate,32110,1.4
14353,GOP rep. says House DACA deal wo n't need Democratic votes ,GOP rep. says House DACA deal wo n't need Democratic values ,values,32100,1.2
8769,Influential outsiders have played a key role in Scott Pruitt ’s foreign travel,Influential trolls have played a key role in Scott Pruitt ’s foreign travel,trolls,32110,1.4
6167,The Latest : Putin hopes for normalization of US-Russia ties ,The Latest : Putin hopes for normalization of US-Russia romances ,romances,32210,1.6
8404,SpaceX sets February launch date for Falcon Heavy . Here 's what you need to know ,SpaceX sets February launch date for Falcon Heavy . Here 's what you need to Pack ,Pack,33220,2.0
51,Senate leaders forge ahead on funding deal as Trump threatens shutdown,Senate leaders forge ahead on funding liquor as Trump threatens shutdown,liquor,33211,2.0
8459,‘ Noncriminal ’ immigrant arrests double in past year : report,‘ Noncriminal ’ immigrant festivals double in past year : report,festivals,32110,1.4
6246,CPAC ’s Identity Crisis : Inviting Milo was a symptom of what ails conservatism . And disinviting him is no cure .,CPAC ’s Identity Crisis : Inviting raccoons was a symptom of what ails conservatism . And disinviting him is no cure .,raccoons,22200,1.2
3542,Pence casts tie-breaking vote to overturn rule allowing consumers to sue banks,Pence casts tie-breaking spell to overturn rule allowing consumers to sue banks,spell,33100,1.4
12808,TRUMP : Our country needs a good ' shutdown ' in September !,TRUMP : Our colon needs a good ' shutdown ' in September !,colon,32211,1.8
1858,"Doomsday Clock Ticks 30 Seconds Closer to Global Annihilation Thanks to Trump , Scientists Say","Doomsday Clock Ticks 30 Seconds Closer to Global Annihilation Thanks to time , Scientists Say",time,22210,1.4
24,"In 2016 , Scott Pruitt Called Trump A Bully Who Would Abuse The Constitution","In 2016 , Scott Pruitt Called Trump A meanie Who Would Abuse The Constitution",meanie,32210,1.6
5627,New Delhi engulfed by pollution so bad United Airlines halts flights,New Delhi engulfed by curry so bad United Airlines halts flights,curry,3333322211,2.3
7798,Cynthia Nixon called marijuana licenses a “ form of reparations ” for black people . Not exactly .,Cynthia Nixon called marijuana cigarettes a “ form of reparations ” for black people . Not exactly .,cigarettes,22110,1.2
8721,The Koch Brothers ’ most loyal servants are serving in Donald Trump ’s White House,The Koch Brothers ’ most loyal servants are serving in Donald Trump ’s Hell House,Hell,32100,1.2
11797,Trump ’s Credibility Dealt Blunt Blow by His Own Son ’s Emails,Trump ’s Sanity Dealt Blunt Blow by His Own Son ’s Emails,Sanity,32210,1.6
6750,Donald Trump : I ’m Not Going to Tell You What I ’ll Do in Syria ,Donald Trump : I ’m Not Going to Tell You What I ’ll Do in dresses ,dresses,32210,1.6
7869,China 's premier pledges to open markets in a bid to avert a trade war with the US,China 's premier pledges to open clams in a bid to avert a trade war with the US,clams,32100,1.2
6382,Bill Kristol was once the voice of the Republican Party . Now he 's one of Trump 's biggest opponents,Bill Kristol was once the voice of the karaoke Party . Now he 's one of Trump 's biggest opponents,karaoke,22110,1.2
4549,Four Republicans Withhold Support for Andy Puzder to Head Labor Department,Four Republicans Withhold cupcakes for Andy Puzder to Head Labor Department,cupcakes,32100,1.2
1602,Trump Saw A Military Parade In France And Now He Wants One Of His Very Own .,Trump Saw A Military Figurine In France And Now He Wants One Of His Very Own .,Figurine,21111,1.2
5161,Jeremy Corbyn 's performance inspires Bernie Sanders supporters to ask once more : ' What if ? ',Jeremy Corbyn 's Cookbook inspires Bernie Sanders supporters to ask once more : ' What if ? ',Cookbook,32210,1.6
13146,Alabama 's Roy Moore would be the most extreme senator — with huge consequences for Congress,Alabama 's Roy Moore would be the most extreme senator — with huge oglings for Congress,oglings,32100,1.2
5146,sychologists say calling Donald Trump a kid is an insult to kids ,sychologists say calling Donald Trump a kid is an insult to goats ,goats,32220,1.8
13581,French investigation into Macron 's Las Vegas trip,French investigation into Macron 's macaroon trip,macaroon,33100,1.4
6818,Cory Booker ’s new big idea : guaranteeing jobs for everyone who wants one,Cory Booker ’s new big idea : guaranteeing jobs for everyone who has one,has,21111,1.2
3410,Where 's Zuck ? Facebook CEO silent as data harvesting scandal unfolds,Where 's Zuck ? Facebook CEO silent as soul harvesting scandal unfolds,soul,32221,2.0
9716,DACA should be a national security priority . It makes America safer .,DACA should be a national security priority . It makes kittens safer .,kittens,22110,1.2
4881,North Korea is ' on an aggressive schedule ' to develop a ballistic missile submarine,North Korea is ' on an aggressive schedule ' to develop a ballistic pancake submarine,pancake,32200,1.4
7565,"The Senate ’s immigration debate , starting next week , is really at least 7 different debates","The Senate ’s lunch debate , starting next week , is really at least 7 different debates",lunch,3322110000,1.2
3803,Sweden is pretty offended by President Trump ’s claims that the country has a crime problem,Sweden is pretty offended by President Trump ’s claims that the country has a meatball problem,meatball,32211,1.8
11359,"U.S. senator urges Trump to tap fuel , oil reserves in Harvey 's wake","U.S. senator urges Trump to tap dance , oil reserves in Harvey 's wake",dance,32111,1.6
5912,China sends warning to Taiwan with naval drills near island,China sends warning to Taiwan with naval surfboards near island,surfboards,32100,1.2
10192,Trump is blaming Democrats for the failing health care bill . That makes no sense .,Trump is blaming suffrage for the failing health care bill . That makes no sense .,suffrage,31110,1.2
13848,Here ’s the “ certified ” letter saying Trump has no Russian debts or investors,Here ’s the “ certified ” letter saying Trump has no Russian prostitutes or investors,prostitutes,32221,2.0
3629,Roadside bomb kills 5 tribal officials in Pakistan,Roadside pancake kills 5 tribal officials in Pakistan,pancake,22110,1.2
2417,Trump on Charlottesville : Racism is evil,Trump on Charlottesville : Barbecue is evil,Barbecue,33210,1.8
7150,Trump Lashes Out At Investigators After Reports Of Obstruction Of Justice Inquiry,Trump Lashes Out At otters After Reports Of Obstruction Of Justice Inquiry,otters,32200,1.4
3845,"Donald Trump Jr. may well have committed a federal crime , experts say","Donald Trump Jr. may well have committed a federal crime , criminals say",criminals,22110,1.2
13698,Plastic pollution threat to wildlife and Scotland 's most beautiful beaches,Plastic bikinis threat to wildlife and Scotland 's most beautiful beaches,bikinis,21111,1.2
5377,Sen. Flake : GOP Must Stand Against Trump 's Behavior ' Or Lose That Chance ',Sen. Flake : GOP Must Stand Against Trump 's Hair ' Or Lose That Chance ',Hair,33211,2.0
3881,Rohingya children close to starvation due to ' unimaginable ' ' health crisis,Rohingya children close to starvation due to ' unimaginable ' ' doughnut crisis,doughnut,32100,1.2
10514,Trump tells Abbas ' very good chance ' of Mid-East peace deal - BBC News,Trump tells Abbas ' very good chance ' of Mid-East dinner deal - BBC News,dinner,21111,1.2
11870,Pitbull sees Trump 's ' true colors ' on Puerto Rico relief,Pitbull sees Trump 's ' true hair ' on Puerto Rico relief,hair,33200,1.6
1461,Republicans ask court to block congressional map ,Republicans ask court to block congressional buffet ,buffet,22211,1.6
2391,White House dismisses NSC aide after harsh criticism of Trump ,White House dismisses NSC aide after harsh criticism of carpet ,carpet,32210,1.6
8476,' They basically have to let me win ' : Trump believes the media will help him get reelected,' They basically have to let me diet ' : Trump believes the media will help him get reelected,diet,32210,1.6
6520,"Devin Nunes , Trump and the Russia probe : A timeline ","Devin Nunes , Trump and the Russia probe : A novel ",novel,32110,1.4
3467,Fox News co-president Bill Shine resigns amid network turmoil,Fox News co-president Shoe Shine resigns amid network turmoil,Shoe,22110,1.2
3318,"Quotation of the Day : Trump Tried to Sink Inquiry , Comey Says","Quotation of the Day : Trump Tried to Sink hoops , Comey Says",hoops,22200,1.2
10148,' We stayed in Paul Manafort 's Airbnb ',' We pooped in Paul Manafort 's Airbnb ',pooped,33210,1.8
7405,Iran Lifts Ban on American Wrestling Team ,Iran Lifts Ban on American Wrestling clothes ,clothes,32200,1.4
12667,Dakota Access Pipeline Owner Sues Greenpeace For ' Criminal Activity ',Dakota Access Pipeline Owner Sues Greenpeace For ' Criminal Fashion ',Fashion,32110,1.4
2899,Trump : We 'll guard the US-Mexico border with the military,Trump : We 'll find the US-Mexico border with the military,find,32100,1.2
13026,Support the moms who support us,Support the moms who Burp us,Burp,32211,1.8
2791,Reporter Fact-Checks Trump : ‘ Why Should Americans Trust You ? ’,Reporter Fact-Checks Trump : ‘ Why Should Americans lick You ? ’,lick,32100,1.2
6798, Contradictions upon contradictions in the tale of Trump payoff to porn star, Nausea upon contradictions in the tale of Trump payoff to porn star,Nausea,32100,1.2
13718,Tillerson Recuses Himself From Keystone XL Pipeline Review ,Tillerson Recuses Himself From Keystone XL Pipeline explosion ,explosion,32100,1.2
8916,Trump suddenly replaces acting Customs head Daniel Ragsdale with Thomas Homan,Trump suddenly replaces competent Customs head Daniel Ragsdale with Thomas Homan,competent,33310,2.0
4565,Only 24 % of Americans think their country is heading in the right direction : Poll,Only 24 % of horses think their country is heading in the right direction : Poll,horses,22111,1.4
8634,"Trump , In A 180-Degree Switch , Says NATO ' No Longer Obsolete '","Trump , In A 180-Degree oven , Says NATO ' No Longer Obsolete '",oven,32100,1.2
7769, Steve Bannon questioned by special counsel, kindergarteners questioned by special counsel,kindergarteners,33222,2.4
2697,Conflict in Mexico Senate over corruption investigation,Conflict in Mexico bathroom over corruption investigation,bathroom,32100,1.2
6284,Russia ’s mark — A dangerous fool for a president,Russia ’s mark — A dangerous tan for a president,tan,32111,1.6
5065,Appeasing the Trigger Gods ,Appeasing the Trigger finger ,finger,32111,1.6
14233,John Kerry Getting Presidential Fever Again : ‘ I Might Challenge Trump in 2020 ’,John Kerry Getting Presidential Fever Again : ‘ I Might Snuggle Trump in 2020 ’,Snuggle,33322,2.6
7002,"In a first for California , immigrants here illegally get seats in city government","In a first for California , dogs here illegally get seats in city government",dogs,33210,1.8
12676,Donald Trump said he 'd be ' back to work ' the day after Christmas but instead he played golf,Donald Trump said he 'd be ' back to tan ' the day after Christmas but instead he played golf,tan,33321,2.4
6714,Liberty University Alumni To Return Diplomas Over School Official 's Trump Support,Liberty University Alumni To Return Diplomas Over School mascot 's Trump Support,mascot,22111,1.4
2329,Trump maps new course with allies and autocrats in first foreign trip,Trump maps new course with donkeys and autocrats in first foreign trip,donkeys,22110,1.2
6938,This is the front post of Fox News after a day of millions of people advocating for gun legislation .,This is the front post of Fox News after a day of millions of people advocating for Grammar legislation .,Grammar,22210,1.4
8889,New Commission on Election Integrity plays into a false reality of a problem that does not exist,New Commission on Election Integrity plays into a false reality of a fairy that does not exist,fairy,21111,1.2
12889,African American Caucus leaders want to know why U.S. Rep. Maxine Waters was cut off during state convention speech,African American Caucus leaders want to know why U.S. Rep. Cow was cut off during state convention speech,Cow,33000,1.2
13471,Pelosi tells Democrats that GOP is ' stonewalling ' on the investigation into Russia and Trump,Pelosi tells Democrats that GOP is ' stonewalling ' on the investigation into pudding and Trump,pudding,33110,1.6
14526,"Pompeo Affirms , Reluctantly , That Russia Tried to Help Trump Win ","Pompeo Affirms , Reluctantly , That Russia Tried to Help Trump nap ",nap,33000,1.2
13971,"Trump loved WikiLeaks during the campaign , but he 's not so fond of leaks as president","Trump loved WikiLeaks during the campaign , but he 's not so fond of dips as president",dips,32100,1.2
5226,House Democrats ask Deutsche for information on Trump Russia loans ,House Democrats ask Deutsche for information on Trump Russia dates ,dates,32111,1.6
2708,Russia : U.S. War With North Korea Would Be a ' Big Catastrophe ',Russia : U.S. War With Pluto Would Be a ' Big Catastrophe ',Pluto,32220,1.8
7332,Donald Trump says storm over son 's meeting is greatest witch hunt in history,Donald Trump says storm over son 's sombrero is greatest witch hunt in history,sombrero,22110,1.2
4390, Pew poll : 61 percent back legalization of pot, party poll : 61 percent back legalization of pot,party,33200,1.6
11078,"In the former capital of the Confederacy , the debate over the city 's famed Civil War monuments is heating up","In the former capital of the Confederacy , the barbecue over the city 's famed Civil War monuments is heating up",barbecue,32210,1.6
3086,House Republicans Say G.O.P. Establishment Opened Way for Russian Influence ,House Republicans Say G.O.P. Establishment Opened Way for Russian bears ,bears,32200,1.4
1662,The Latest : House passes $ 7.9 B Harvey disaster aid package,The Latest : House passes $ 7.9 B cake disaster aid package,cake,22111,1.4
3523,Stephen Colbert Rewrites Trump 's State of the Union Address To Be Actually Honest,Stephen Colbert Rewrites Trump 's State of the Hair Address To Be Actually Honest,Hair,32211,1.8
3810,Trump partner said in running to build FBI headquarters ,Trump partner said in running to build FBI treehouse ,treehouse,21111,1.2
8624,' I think he 'll be just fine ' : Trump hints at pardon of controversial former Arizona sheriff Joe Arpaio ,' I think he 'll be just fine ' : Trump hints at pardon of controversial former Arizona sheriff bloodhound ,bloodhound,21111,1.2
14400,Tillerson to face Chinese ire over blame for North Korea tensions ,Tillerson to face Chinese ire over blame for North Korea food ,food,32210,1.6
13445,Trump reportedly considered withdrawing all US troops from South Korea before the Winter Olympics — but John Kelly stepped in,Trump reportedly considered withdrawing all US marshmallows from South Korea before the Winter Olympics — but John Kelly stepped in,marshmallows,22110,1.2
9034,Us Weekly gives Ivanka Trump credit for failing,Us Weekly gives Ivanka Trump candies for failing,candies,32110,1.4
6807,White House Weighs Replacing Tillerson With Pompeo,White House Weighs matchmaking Tillerson With Pompeo,matchmaking,33100,1.4
7544,This Is What Happens When You Let Trump Be Trump ,This Is What Happens When You Let Trump Be orange ,orange,33211,2.0
14483,Columbia police hunt woman seen with gun near University of Missouri campus,Columbia police hunt woman seen with cake near University of Missouri campus,cake,32200,1.4
